kategori,url,teks
sport,https://sport.detik.com/sport-lain/d-8695603/erick-thohir-senang-indonesia-lampaui-target-cabor-gagal-siap-siap-mandiri,"Menpora Erick Thohir senang kontingen Indonesia melampaui target medali emas di Asian Games Aichi-Nagoya 2026. Cabang gagal siap-siap mandiri. Kontingen Merah-Putih menyelesaikan perjuangan di multievent empat tahunan terbesar di Asia dengan torehan lima medali emas. Kepingan itu berasal dari bulutangkis dua medali emas dari beregu putra dan ganda putra atas nama Leo Rolly Carnando/Daniel Marthin, angkat besi persembahan Rahmat Erwin Abdullah kelas 75kg putra, panjat tebing melalui Desak Made Rita Kusuma Dewi nomor speed putri, dan panahan cabang compound persembahan Nurisa Dian Ashrifah. Erick bangga sebab catatan emas itu diukir oleh cabang-cabang olahraga Olimpiade. Bagaimana pun, kerja keras harus terus dilanjutkan menatap multievent selanjutnya. Terlebih, ke depan ada SEA Games 2027 dan Olimpiade Los Angeles 2028. ""Ya, melebihi target. Dan saya senang medali-medali itu dikumpulkan dari cabang-cabang Olimpiade. Ada panahan, ada bulutangkis, angkat besi, lalu panjat tebing,"" kata Erick saat ditemui di kawasan Jakarta Utara, Selasa (6/10/2026). ""Nah, ini yang kita minggu depan, saya sudah minta mulai refocusing buat Pelatnas SEA Games 2027 dan Olimpiade. Kita mulai sekarang. Karena sesuai dengan arahan Bapak Presiden (Prabowo Subianto) kami mau ada Pelatnas jangka panjang, jadi kita sudah mulai lagi,"" ujarnya. Terhadap cabang-cabang yang tidak memenuhi target, Erick Thohir menegaskan akan melakukan evaluasi termasuk memberikan punishment. ""Sama, ada rewards dan punishment. Karena sekarang semua anggaran itu spesifik sesuai dengan targetnya seperti apa,"" kata Erick. ""Padel kemarin mandiri. Jadi ya kalau memang yang janji (target) ya kita janjikan juga mandiri,"" lanjutnya. Saat ditanya lebih lanjut, apakah cabor tak sesuai target akan di-mandiri-kan? Soal itu, Erick tak menjawab secara gamblang. ""Ya enggak, yang berjanji, tidak menepatinya, kita juga menjanjikan untuk mandiri. Itu punishment-nya? Ya enggak seperti itu, kita beri kesempatan,"" ucap Erick Thohir. (mcy/rin)"
sport,https://sport.detik.com/moto-gp/d-8695608/motogp-jepang-rampung-ini-pemenang-bold-riders-podium-picks,"Rangkaian seri balap MotoGP Jepang di Sirkuit Motegi yang tuntas dilangsungkan pada 4 Oktober 2026 lalu telah menyajikan tontonan yang sangat kompetitif. Persaingan ketat antar-pembalap kelas dunia di lintasan tidak hanya memacu adrenalin para penonton di sirkuit, tetapi juga membangkitkan antusiasme tinggi di kalangan pencinta olahraga balap motor Tanah Air. Selain keseruan jalannya balapan utama, euforia luar biasa juga terlihat dari tingginya partisipasi peserta pada ajang tebak podium yang diadakan lewat microsite Bold Riders Podium Picks. Setelah melalui proses penghitungan poin yang teliti dari hasil prediksi balapan kemarin, akhirnya terpilih dua peserta yang berhasil mengumpulkan perolehan poin tertinggi. | MotoGP Foto: dok. Bold Riders | Kedua pemenang tersebut adalah Dahayati dan Rustanti. Mereka keluar sebagai pemenang utama dan berhak mendapatkan apresiasi serta hadiah menarik berupa voucher belanja masing-masing senilai Rp250.000. Keberhasilan ini tentu membuktikan ketepatan analisis para pemenang dalam membaca peta persaingan MotoGP seri Jepang. Bagi yang belum berkesempatan bergabung, saatnya mengambil bagian dan menjadi bagian dari keluarga besar Bold Riders. Sebagai official sponsor dari tim MotoGP Gresini Racing, Bold Riders hadir sebagai wadah komunitas motor multi-genre terbesar di Indonesia. Di sini, seluruh rider dari berbagai latar belakang dapat berkumpul, berbagi pengalaman riding, dan menikmati berbagai keseruan bersama dalam ikatan persaudaraan yang erat. Pastikan juga sudah follow akun Instagram resmi @boldriders agar tidak ketinggalan pembaruan informasi seputar MotoGP, penayangan konten-konten eksklusif, serta jadwal event motor keren berikutnya. (prf/ega)"
sport,https://sport.detik.com/moto-gp/d-8695361/impian-jorge-martin-juara-dunia-dengan-3-tunggangan-yang-berbeda,"Jorge Martin sedang memperjuangkan titel juara dunia keduanya. Martin punya mimpi jadi juara dunia dengan tiga pabrikan yang berbeda. Mungkinkah? Pebalap Spanyol itu memenangi gelar pertamanya bersama Pramac pada 2024. Menunggangi motor Ducati, Jorge Martin mengalahkan rider pabrikan Francesco Bagnaia dengan keunggulan 10 poin di klasemen akhir. Taji Jorge Martin kembali di musim MotoGP 2026, kali ini di atas Aprilia RS-GP16. Martin memimpin klasemen sementara dengan raihan 333 poin, dibayangi jagoan Ducati Marc Marquez (331). Dalam sejarah balap motor kelas premier, belum ada pebalap yang mampu memenangi gelar juara dunia dengan tiga motor yang berbeda. Adapun enam pebalap yang juara dunia dengan dua pabrikan yang berbeda adalah Geoff Duke (Norton, Gilera), Giacomo Agostini (MV Augusta, Yamaha), Eddie Lawson (Yamaha, Honda), Valentino Rossi (Honda, Yamaha), Casey Stoner (Ducati, Honda), dan Marc Marquez (Honda, Ducati). ""Itu sudah jelas adalah sebuah mimpi. Itu akan mengukir sejarah,"" sebut Martinator dalam wawancaranya dengan AS. ""Ya, aku percaya memenangi titel-titel juara dunia; kalau tidak aku tidak akan berada di sini."" ""Aku enggak tahu apakah aku akan mencapainya atau tidak. Ini sesuatu yang mustahil bisa diprediksi. Aku enggak tahu,"" lanjut dia. ""Di hari aku pensiun, aku akan melihat apa yang sudah kucapai, tapi apa yang bisa kujanjikan adalah pekerjaanku dan komitmenku di olahraga ini, untuk memberikan segalanya. Dan kita akan melihat seberapa jauh aku bisa melangkah,"" Jorge Martin menambahkan. (rin/aff)"
sport,https://sport.detik.com/moto-gp/d-8695022/veda-ega-nonton-final-fifa-asean-cup-sebelum-race-mandalika,"Rider Indonesia Veda Ega Pratama balapan di Mandalika akhir pekan ini. Pebalap Moto3 itu menyempatkan diri menonton final FIFA ASEAN Cup 2026 di Jakarta. Pertamina Grand Prix of Indonesia 2026 dijadwalkan Minggu (11/10). Beberapa rider dari kelas Moto3, Moto2, dan MotoGP sudah tiba di Tanah Air sejak Senin (5/10). Veda jadi salah satu pebalap yang telah mendarat di Indonesia awal pekan ini. Rider berusia 17 tahun itu mengikuti agenda pre-event bersama Astra Honda Motor pada pagi hari WIB di Jakarta. Malam harinya Veda memanfaatkan waktu untuk menyaksikan Timnas Indonesia menghadapi Thailand dalam final FIFA ASEAN Cup 2026. Akun X Honda Team Asia membagikan momen sang pebalap hadir langsung di tribun Stadion Gelora Bung Karno. Veda tampak mengenakan bajo polo hijau keabu-abuan dan topi warna senada dengan logo Red Bull. Dia melonjak kegirangan saat Timnas Indonesia menang adu penalti atas Thailand dan merengkuh trofi juara FIFA ASEAN Cup 2026. 🏆 Veda at FIFA ASEAN CUP 2026 GRAND FINAL ⚽️ Historic moment for the Indonesian sport and our rider didn't want to miss it! Want to full vlog of the match? Comment 🇮🇩 below 👇 #IndonesianGP #Jakarta https://t.co/AT0HN8MB5f — Idemitsu Honda Team Asia (@honda_team_asia) October 6, 2026 ""Veda di laga final FIFA ASEAN Cup 2026. Momen bersejarah untuk olahraga Indonesia dan pebalap kami tak mau ketinggalan menyaksikannya,"" cuit akun X Honda Team Asia. Race Mandalika jadi sesuatu yang ditunggu-tunggu Veda. Pebalap dengan nomor motor 9 ini untuk pertama kalinya bertarung di depan publik Indonesia sebagai di Moto3 2026. (bay/krs)"
sport,https://sport.detik.com/sport-lain/d-8694792/tim-panjat-tebing-ri-langsung-fokus-target-peringkat-dunia-di-chile,"Pelatih speed tim panjat tebing, Fitriyani, mengungkapkan rasa puas atas performa anak asuhnya di Asian Games 2026. Tapi ada evaluasi! Salah satu sorotan adalah Aditya Tri Syahria nomor speed putra. Setelah pada babak kualifikasi berhasil menduduki peringkat pertama sekaligus memecahkan rekor Asian Games dengan catatan waktu 4,62 detik. Ia gagal meraih medali usai melakukan kesalahan start (false start) di babak final. ""Aditya sudah rekor Asia dan di dunia, dia juga nomor dua tercepat. Tapi mungkin karena jam terbang dan pengendalian diri mungkin kita harus evaluasi ke depannya dan banyak berlatih reaksi start lagi,"" ujar Fitriyani saat memberi keterangan kepada media. Walau begitu, secara keseluruhan, Fitriyani menilai, peak performance tim speed benar-benar keluar di Nagoya. Semua catatan waktu melampaui hasil latihan, seperti Desak Made Rita Kusuma Dewi 6,06 detik, Aditya 4,62 detik, Veddriq Leonardo 4,78 detik, dan Berthdigna Devi Surya Kusuma. berada di peringkat lima dengan catatan waktu terbaik 6,49 detik. ""Alhamdulillah, peak performanya pas semua. Waktunya itu di luar latihan semua, itu naik semua. Kami sangat puas dan mungkin harus lebih berbenah lagi ke depannya,"" katanya. Selanjutnya, tim akan langsung mengalihkan fokus ke ajang terakhir musim ini, World Climbing series Santiago di Chile mulai 23-25 Oktober 2026. Ajang ini menjadi penentu peringkat dunia atlet speed secara keseluruhan tahun ini. ""Desak kemarin enggak ikut dua series karena fokus ke Asian Games, Guiyang dan Chongqing, jadi poinnya turun. Sementara ini di peringkat tiga. Ini harus ikut biar naik peringkat lagi,"" jelas Fitriyani. Selain Desak, dua atlet putra yakni Robby Al Hilmi Antasyafi yang saat ini peringkat 3 dan Nursamsa Raharjati peringkat 4 juga akan diberangkatkan untuk mengejar overall juara dunia. ""Robby dan Raharjati masih bisa naik lagi tergantung hasil Chile,"" tambah peraih medali emas Asian Games 2018 ini. Untuk jangka panjang, tim juga akan menyiapkan diri menuju kualifikasi Olimpiade Los Angeles 2028 yang akan dimulai April 2027. ""Persiapan ke depan kita akan persiapan ke kualifikasi Olimpiade di 2027. Ada empat turnamen qualifier, ada jatah per negara dan per benua,"" ungkapnya. Fitriyani optimistis peluang Indonesia tetap besar, mengingat catatan waktu atlet-atlet masih sangat bersaing di level dunia. Selain itu, atlet-atlet seperti Rajiah Sallsabillah, Berthdigna Devi Surya Kusuma, Kadek Adi Asih, dan Veddriq Leonardo juga masih disiapkan sebagai tulang punggung. ""Kalau atletnya masih kita belum tahu (buat kualifikasi Olimpiade) karena akan ada Seleknas bulan ini untuk tim baru. Tapi untuk senior-senior ini kami anggap mereka berkesempatan dan sudah siap untuk kualifikasi Olimpiade,"" tutupnya. (mcy/aff)"
sport,https://sport.detik.com/moto-gp/d-8694247/daftar-pemenang-motogp-mandalika-oliveira-hingga-aldeguer,"Pertamina Grand Prix of Indonesia 2026 sudah melahirkan empat pemenang berbeda di balapan utama sejak pertama kali masuk kalender MotoGP pada 2022. Miguel Oliveira menjadi pemenang pertama MotoGP Mandalika, kemudian disusul Francesco Bagnaia, Jorge Martin, dan Fermin Aldeguer. Balapan MotoGP Indonesia kembali digelar di Sirkuit Internasional Pertamina Mandalika, Lombok, Nusa Tenggara Barat, pada 2022. Dalam empat edisi yang sudah berlangsung, belum ada pembalap yang mampu memenangi balapan utama lebih dari sekali. Miguel Oliveira menjadi pemenang pertama MotoGP Mandalika pada 2022. Rider Portugal tersebut mengalahkan Fabio Quartararo dan Johann Zarco dalam balapan yang berlangsung dalam kondisi basah. Pada 2023, giliran Francesco Bagnaia yang menjadi pemenang. Rider Ducati tersebut memanfaatkan crash Jorge Martin yang sebelumnya memimpin balapan. Bagnaia akhirnya finis pertama, diikuti Maverick Vinales dan Fabio Quartararo. Jorge Martin kemudian menjadi pemenang MotoGP Mandalika 2024. Rider Pramac Racing itu mengungguli Enea Bastianini dan Pedro Acosta dalam balapan utama. Sementara itu, Fermin Aldeguer mencatat sejarah pada 2025. Rider Gresini Racing tersebut meraih kemenangan MotoGP pertamanya di Mandalika, mengungguli Pedro Acosta dan Alex Marquez. Dengan demikian, empat edisi MotoGP Mandalika menghasilkan empat pemenang berbeda di balapan utama: Miguel Oliveira pada 2022, Francesco Bagnaia pada 2023, Jorge Martin pada 2024, dan Fermin Aldeguer pada 2025. Daftar Pemenang Sprint Race MotoGP Mandalika Sprint Race baru diperkenalkan di MotoGP mulai musim 2023. Karena itu, pada MotoGP Mandalika 2022 belum ada Sprint Race. Pada tahun 2023, Jorge Martin menjadi pemenang Sprint Race MotoGP Mandalika. Kemenangan tersebut membuat Martin merebut posisi teratas klasemen sementara MotoGP dari Bagnaia sebelum balapan utama. Setahun kemudian, Francesco Bagnaia menjadi yang tercepat dalam Sprint Race MotoGP Mandalika 2024. Bagnaia finis di depan Enea Bastianini, sementara Marc Marquez melengkapi podium di posisi ketiga. Pada tahun 2025, Marco Bezzecchi keluar sebagai pemenang Sprint Race. Rider Aprilia tersebut mengalahkan Fermin Aldeguer dan Raul Fernandez. Marc Marquez finis keenam setelah mendapatkan penalti Long Lap. Menariknya, belum ada pembalap yang mampu meraih kemenangan di balapan utama MotoGP Mandalika lebih dari sekali. Empat edisi pertama selalu menghadirkan nama berbeda di posisi teratas. MotoGP Mandalika 2026 pun akan menjadi kesempatan bagi para pembalap untuk kembali mencatatkan namanya dalam daftar pemenang di Sirkuit Mandalika. Berikut daftar lengkap pemenang MotoGP Mandalika dan Sprint Race: | Tahun | Pemenang MotoGP | Pemenang Sprint Race | |---|---|---| | 2022 | Miguel Oliveira | - | | 2023 | Francesco Bagnaia | Jorge Martin | | 2024 | Jorge Martin | Francesco Bagnaia | | 2025 | Fermin Aldeguer | Marco Bezzecchi | (krs/cas)"
sport,https://sport.detik.com/sport-lain/d-8694306/usai-pertahankan-emas-asian-games-desak-made-mulai-bidik-olimpiade-2028,"Desak Made Rita Kusuma Dewi tak mau berpuas diri setelah mempertahankan medali emas Asian Games 2026. Atlet panjat tebing Indonesia itu sudah membidik target berikutnya, termasuk tampil di Olimpiade Los Angeles 2028. Desak baru saja kembali meraih medali emas Asian Games. Pada edisi Hangzhou 2022, dia menjadi yang tercepat dengan catatan waktu 6,6 detik. Empat tahun berselang, Desak mengulang prestasi tersebut di Aichi-Nagoya. Dia finis dengan waktu 6,062 detik sekaligus memecahkan rekor Asian Games dan Asia atas namanya sendiri. Sebelumnya, atlet asal Bali itu juga memecahkan rekor dengan catatan waktu 6,07 detik pada Kejuaraan Asia 2026 di Meishan, China, April lalu. ""Senang banget akhirnya panjat tebing bisa mempersembahkan medali emas untuk Indonesia. Pastinya ini bukan akhir, perjalanan kita masih panjang untuk menatap Los Angeles 2028,"" kata Desak, saat memberi keterangan pada media setibanya di Jakarta. Meski kembali membawa pulang medali emas, Desak tak ingin terlena. Dia langsung mengalihkan fokus ke target berikutnya, yakni World Cup dan perjuangan menuju Olimpiade Los Angeles 2028. Desak masih menyisakan satu seri World Climbing Series Santiago 2026 di Chile pada 23-25 Oktober ini. Setelah itu, kualifikasi Olimpiade panjat tebing akan dimulai tahun depan. Juara Dunia 2023 itu memastikan akan tetap tampil maksimal. ""Saya sebagai atlet, pasti ingin tampil maksimal. Tapi fokus utamanya tetap menampilkan yang terbaik, maksimal, kemudian pasti ingin medali untuk Indonesia, apalagi seri world cup dan saya berharap saya bisa melakukan itu dengan baik,"" tuturnya. Desak juga menyadari persaingan di level Asia semakin ketat. Kondisi tersebut justru menjadi motivasi baginya untuk mempersiapkan diri lebih baik menghadapi ajang-ajang berikutnya. ""Untuk sekarang sangat ketat ya. Dari Asia, (seperti) Jepang sudah mulai kencang lagi, dan beberapa negara, sekarang untuk kualifikasi pun untuk masuk 16 besar sudah nembus 6,5 dan 6,6 detik. Dan itu membuat saya semakin termotivasi dan tidak ingin berpuas diri dengan medali ini karena event selanjutnya bakal lebih berat,"" kata Desak. Karena itu, Desak akan menjaga fokus pada latihan dan kondisi fisiknya. Dia juga tetap optimistis bisa mewujudkan impiannya tampil di Olimpiade Los Angeles 2028, setelah sebelumnya gagal mewujudkan target tersebut. ""Jadi untuk mempersiapkan dirinya fokus di latihan dan jaga kondisi, dan semoga bisa mimpi saya ke Los Angeles 2028. Saya selalu optimis saya bisa,"" tegas Desak saat ditanya soal kegagalan di Olimpiade sebelumnya. (mcy/krs)"
sport,https://sport.detik.com/moto-gp/d-8694243/hasil-marc-marquez-di-motogp-mandalika-sejauh-ini-bisakah-putus-kutukan,"Marc Marquez punya pekerjaan besar di Pertamina Grand Prix of Indonesia 2026. Bukan cuma memburu kemenangan di MotoGP Mandalika 2026, rider Ducati Lenovo itu juga berusaha merebut puncak klasemen MotoGP dari Jorge Martin. Marc datang ke Indonesia dengan momentum luar biasa. Ia baru saja menyapu bersih MotoGP Jepang dengan kemenangan di Sprint dan race utama. Tambahan 37 poin dari Motegi membuat koleksi poinnya menjadi 331, hanya terpaut dua angka dari Martin yang masih berada di puncak dengan 333 poin. Namun, Mandalika bukanlah sirkuit yang memiliki kenangan manis bagi Marc. Sejak MotoGP Indonesia kembali digelar di Mandalika pada 2022, ia belum pernah finis dalam balapan utama. Pada 2022, Marc bahkan tidak tampil dalam race. Ia mengalami highside dalam sesi warm-up di Mandalika yang membuat masalah penglihatan gandanya kambuh. Marc kemudian dinyatakan tidak fit untuk mengikuti balapan. Semusim berselang, nasib Marc kembali kurang beruntung. Pada MotoGP Mandalika 2023, ia mengalami crash di Sprint Race dan kembali terjatuh dalam balapan utama. Peluang terbaik Marc datang pada 2024. Dalam Sprint Race, ia finis ketiga setelah sebelumnya start dari posisi ke-12. Hasil tersebut menjadi podium Sprint pertamanya di Mandalika. Sayangnya, hasil positif itu tidak berlanjut ke balapan utama. Marc harus mengakhiri race pada lap ke-12 setelah motor Gresini yang ditungganginya mengalami masalah teknis dan terbakar. MotoGP mencatat Marc belum pernah meraih podium maupun kemenangan dalam balapan Grand Prix di Mandalika. Pada MotoGP Mandalika 2025, Marc setidaknya mampu finis di Sprint. Ia finis keenam setelah sebelumnya mendapat Long Lap Penalty akibat kontak dengan Alex Rins pada lap pembuka. Marc sempat turun jauh, tetapi mampu kembali ke barisan depan dan akhirnya tercatat finis keenam setelah penalti Luca Marini. Namun, balapan utama kembali berakhir buruk. Marc terlibat insiden dengan Marco Bezzecchi di Tikungan 7 pada lap pertama. Keduanya terjatuh dan Marc mengalami cedera pada bahu kanannya. FIM MotoGP Steward kemudian menjatuhkan hukuman Double Long Lap kepada Bezzecchi karena dinilai menyebabkan kecelakaan tersebut. Dengan demikian, catatan Marc di Mandalika cukup unik: belum pernah finis di balapan utama MotoGP Indonesia, meski sudah dua kali meraih hasil positif di Sprint. Kini, Marc punya kesempatan untuk mengubah catatan tersebut. MotoGP Mandalika 2026 menjadi seri penting dalam persaingan gelar. Setelah menang di Jepang, Marc hanya berjarak dua poin dari Martin. Dengan enam seri masih tersisa, persaingan perebutan gelar MotoGP 2026 pun semakin ketat. Artinya, Mandalika bisa menjadi momentum penting bagi Marc untuk membalikkan rekornya sekaligus mengambil alih puncak klasemen. Marc sendiri sudah menyadari bahwa Indonesia akan menjadi tantangan berbeda. Setelah MotoGP Jepang, ia mengatakan soal Mandalika, ""Tahun ini akan berbeda!"". Akankah Marc Marquez akhirnya mampu finis di balapan utama MotoGP Mandalika sekaligus memanfaatkan momentumnya untuk menggusur Jorge Martin dari puncak klasemen? MotoGP Mandalika 2026 menjadi jawabannya. (krs/ran)"
sport,https://sport.detik.com/sport-lain/d-8694041/gm-novendra-juara-kejurda-catur-piala-gubernur-dki,"Tuntas sudah Kejuaraan Daerah Catur Piala Gubernur DKI Jakarta 2026. Grand Master (GM) Novendra Priasmoro berhasil menjuarai kategori open. Kejurda itu digelar di The Tavia Heritage Hotel, Jakarta, 3-4 Oktober. Ajang ini diikuti 420 pecatur dari berbagai kelompok usia. Sebanyak 17 kategori dipertandingkan, mulai dari kelompok usia dini hingga veteran. Para peserta juga memperebutkan total hadiah sebesar Rp 100 juta. Penutupan Kejurda Piala Gubernur DKI Jakarta 2026 turut dihadiri sejumlah tokoh, di antaranya legenda catur Indonesia GM, Utut Adianto; Ketua Percasi DKI Jakarta, Hardiyanto Kenneth; Ketua KONI DKI Jakarta, Hidayat Humaid; Sekretaris Daerah (Sekda) Provinsi DKI Jakarta, Uus Kuswanto; serta Kepala Dinas Pemuda dan Olahraga (Kadispora) DKI Jakarta, Andri Yansah. Pada kategori open, Novendra tampil sebagai yang terbaik. Pecatur andalan Indonesia tersebut mengungguli Claudio Lasama yang menempati posisi kedua dan Satria Duta Cahaya di peringkat ketiga. Hasil tersebut membuat Percasi DKI Jakarta semakin percaya diri menghadapi Kejuaraan Nasional (Kejurnas) Catur ke-51 yang akan berlangsung di Banten pada 23-29 Oktober 2026. Ketua Percasi DKI Jakarta, Hardiyanto Kenneth, mengatakan Kejurda Piala Gubernur DKI Jakarta tidak hanya menjadi ajang kompetisi, tetapi juga sebagai momentum untuk mempersiapkan sekaligus menyaring atlet yang akan memperkuat kontingen Ibu Kota pada Kejurnas. ""Kejurda kali ini ada 17 kategori. Yang paling meriah open ya, hadiahnya paling besar. Yang menang GM Novendra. Saya senang karena menurut saya momen Kejurda ini menjadi suatu ajang yang penting karena selanjutnya ada Kejurnas,"" ujar Kenneth dalam rilis kepada detikSport. DKI datang ke Kejurnas 2026 dengan status sebagai juara umum. Karena itu, hasil Kejurda menjadi salah satu modal untuk kembali mempertahankan prestasi tersebut. ""Kita sebelumnya merupakan juara umum. Dengan hasil dari Kejurda ini saya optimis kita bisa juara lagi. Sudah tersaring para peserta yang akan kita daftarkan ke Kejurnas nanti,"" sambung Kenneth. Menurutnya, Percasi DKI Jakarta akan terus memperkuat pembinaan atlet, mulai dari kelompok usia dini hingga senior. Kejurda, kata dia, bukan semata-mata tentang mengejar gelar juara, melainkan juga menjadi tolok ukur keberhasilan pembinaan dan regenerasi pecatur di Jakarta. ""Rangkaian Kejuaraan Daerah Piala Gubernur DKI Jakarta 2026 telah selesai dilaksanakan dengan baik. Saya mengapresiasi seluruh atlet, pelatih, wasit, panitia, serta seluruh pihak yang telah bekerja keras sehingga pelaksanaan Kejurda tahun ini berjalan lancar dan kompetitif,"" bebernya. ""Bagi kami di Percasi DKI Jakarta, Kejurda bukan hanya tentang siapa yang menjadi juara, tetapi juga menjadi momentum untuk mengukur sejauh mana pembinaan dan regenerasi atlet catur berjalan. Saya melihat persaingan tahun ini semakin ketat dan kualitas para pecatur juga semakin meningkat,"" sambung Alumni PPRA Angkatan LXII Lemhannas RI itu. Penutupan Kejurda ini juga dirangkaikan dengan pelantikan enam kepengurusan Pengurus Kota (Pengkot) Percasi di wilayah DKI Jakarta. Keenam kepengurusan tersebut meliputi Percasi Jakarta Utara, Jakarta Barat, Jakarta Selatan, Jakarta Pusat, Jakarta Timur, dan Kepulauan Seribu. Percasi Jakarta Selatan dipimpin Joko Sukarno, Jakarta Utara oleh Ozi Fauzi, Jakarta Pusat dikomandani Andi Fachrie Lentera, Kepulauan Seribu dipimpin Rhama Bedah Wijaya, Jakarta Timur dinahkodai Angia Sekartaji, sedangkan Jakarta Barat digawangi Sunardi Sadeli. (mrp/nds)"
sport,https://sport.detik.com/sport-lain/d-8693928/indonesia-juara-fifa-asean-cup-2026-usai-tekuk-thailand-via-adu-penalti,"Indonesia juara FIFA ASEAN Cup 2026 usai mengalahkan Thailand di final. Garuda menang adu penalti usai berimbang 2-2 dalam 120 menit. Di Stadion Utama Gelora Bung Karno, Senayan, Senin (5/10/2026), Indonesia dan Thailand dalam 120 menit. Kedua tim saling berbalas gol. Indonesia sempat unggul lewat Dean James di menit ke-84, namun langsung dibalas Thailand lewat Sanron Iklas. Skor 1-1 memaksa laga lanjut ke extra time. Di masa perpanjangan waktu, Thailand sempat berbalik unggul lewat gol Peeradol Chamrasamee. Indonesia kemudian gantian selamat lewat gol Elkan Baggott. Skor 2-2 membuat laga dilanjutkan ke babak tos-tosan. Pada adu penalti, Indonesia keluar jadi pemenang dengan skor 4-2. Semua penendang tuan rumah bisa menceploskan bola ke gawang, sementara dua eksekutor Thailand yakni Sarach Yooyen dan Nattapong Sayriya gagal memasukkan bola. Hasil ini membuat Indonesia keluar jadi juara FIFA ASEAN Cup 2026. Ini sekaligus jadi gelar perdana Garuda di kancah Asia Tenggara. Penendang Adu Penalti Indonesia Masuk: Kevin Diks, Dean James, Elkan Baggott, Shayne Pattynama Gagal: - Thailand Masuk: Manuel Bihr, Waris Choolthong. Gagal: Sarach Yooyen, Nattapong Sayriya Susunan Pemain Indonesia: Emil Audero, Kevin Diks, Elkan Baggott, Justin Hubner (Shayne PAttynama 101'), Calvin Verdonk (Egy Maulana 101'), Joey Pelupessy, Thom Haye (Dean James 45'), Luke Vickery (Rizky Ridho 60'), Ragnar Oratmangoen (Ivar Jenner 65'), Ole Romeny (Rayhan Hanan 109'), Mitchell Baker Thailand: Saranon Anuin, Nattapong Sayriya, Manuel Bihr, Nicholas Mickelson, Suphanan Bureerat (Waris Choolthong 53'), Sarach Yooyen, Kritsada Kaman (Peeradol Chamrasamee 90'), Kakana Khamyok (Iklas Sanron 79'), Chanathip Songkrasin (Seksan Ratree 63'), Supachai Chaided (Anan Yodsangwal 79'), Teerasak Poeiphimai (Jude Soonsup-Bell 63') (yna/mrp)"
sport,https://sport.detik.com/sport-lain/d-8693652/eks-menpora-dito-ariotedjo-rebut-podium-di-aquabike-indonesian-championship,"Dito Ariotedjo meramaikan Aquabike Indonesian Championship (AIC) 2026. Eks Menteri Pemuda dan Olahraga itu bahkan merebut podium di kelas Endurance Elite GP1. Dalam kejuaraan Aquabike Indonesian Championship (AIC) 2026 Round 1 di Jet Ski Cafe, Pantai Mutiara, Jakarta Utara, Dito menunjukkan performa konsisten dalam dua moto yang dipertandingkan. Pada Moto 1, Dito menyelesaikan balapan di posisi keempat. Ia kemudian meningkatkan performanya pada Moto 2 dengan finis di posisi kedua. Hasil dari kedua moto tersebut mengantarkan Dito mengamankan posisi ketiga secara keseluruhan. Ia sukses naik podium di kelas Endurance Elite GP1. Pada klasemen akhir kelas tersebut, Dimas berhasil keluar sebagai juara pertama, disusul Faisal di posisi kedua, sementara Dito Ariotedjo menempati posisi ketiga. ""Ajang ini luar biasa persaingannya. Bukan podiumnya yang menjadi incaran, tapi bagaimana kita bisa terus mengembangkan diri dan menembus batas kemampuan kita selama ini,"" ucap pria yang juga pengurus Partai Golkar tersebut. Keikutsertaan Dito dalam AIC 2026 juga menjadi daya tarik tersendiri mengingat kiprahnya sebagai mantan Menteri Pemuda dan Olahraga. Hal ini sekaligus membuktikan perhatiannya terhadap perkembangan olahraga nasional belum luntur. (yna/ran)"
sport,https://sport.detik.com/sport-lain/d-8693788/usai-kejurda-piala-gubernur-dki-percasi-dki-jakarta-siap-tempur-di-kejurnas-2026,"Grand Master (GM) Novendra Priasmoro berhasil menjadi juara kategori open pada Kejuaraan Daerah (Kejurda) Piala Gubernur DKI Jakarta 2026. Kejurda Piala Gubernur DKI Jakarta 2026 sukses digelar di The Tavia Heritage Hotel, Jakarta, pada 3-4 Oktober 2026. Ajang ini diikuti 420 pecatur dari berbagai kelompok usia. Sebanyak 17 kategori dipertandingkan, mulai dari kelompok usia dini hingga veteran. Para peserta juga memperebutkan total hadiah sebesar Rp100 juta. Penutupan Kejurda Piala Gubernur DKI Jakarta 2026 turut dihadiri sejumlah tokoh, di antaranya legenda catur Indonesia GM, Utut Adianto; Ketua Percasi DKI Jakarta, Hardiyanto Kenneth; Ketua KONI DKI Jakarta, Hidayat Humaid; Sekretaris Daerah (Sekda) Provinsi DKI Jakarta, Uus Kuswanto; serta Kepala Dinas Pemuda dan Olahraga (Kadispora) DKI Jakarta, Andri Yansah. Pada kategori open, Novendra tampil sebagai yang terbaik. Pecatur andalan Indonesia tersebut mengungguli Claudio Lasama yang menempati posisi kedua dan Satria Duta Cahaya di peringkat ketiga. Hasil tersebut membuat Percasi DKI Jakarta semakin percaya diri menghadapi Kejuaraan Nasional (Kejurnas) Catur ke-51 yang akan berlangsung di Banten pada 23-29 Oktober 2026. Ketua Percasi DKI Jakarta, Hardiyanto Kenneth mengatakan, Kejurda Piala Gubernur DKI Jakarta tidak hanya menjadi ajang kompetisi, tetapi juga sebagai momentum untuk mempersiapkan sekaligus menyaring atlet yang akan memperkuat kontingen Ibu Kota pada Kejurnas. ""Kejurda kali ini ada 17 kategori. Yang paling meriah open ya, hadiahnya paling besar. Yang menang GM Novendra. Saya senang karena menurut saya momen Kejurda ini menjadi suatu ajang yang penting karena selanjutnya ada Kejurnas,"" ujar Kenneth dalam keterangannya, Senin (5/10/2026). Pria yang akrab disapa Bang Kent itu menyebut, DKI Jakarta datang ke Kejurnas 2026 dengan status sebagai juara umum. Karena itu, hasil Kejurda menjadi salah satu modal untuk kembali mempertahankan prestasi tersebut. ""Kita sebelumnya merupakan juara umum. Dengan hasil dari Kejurda ini saya optimis kita bisa juara lagi. Sudah tersaring para peserta yang akan kita daftarkan ke Kejurnas nanti,"" tegas Kent yang juga Anggota DPRD DKI Jakarta Fraksi PDI Perjuangan. Menurutnya, Percasi DKI Jakarta akan terus memperkuat pembinaan atlet, mulai dari kelompok usia dini hingga senior. Kejurda, kata dia, bukan semata-mata tentang mengejar gelar juara, melainkan juga menjadi tolok ukur keberhasilan pembinaan dan regenerasi pecatur di Jakarta. ""Rangkaian Kejuaraan Daerah Piala Gubernur DKI Jakarta 2026 telah selesai dilaksanakan dengan baik. Saya mengapresiasi seluruh atlet, pelatih, wasit, panitia, serta seluruh pihak yang telah bekerja keras sehingga pelaksanaan Kejurda tahun ini berjalan lancar dan kompetitif,"" bebernya. ""Bagi kami di Percasi DKI Jakarta, Kejurda bukan hanya tentang siapa yang menjadi juara, tetapi juga menjadi momentum untuk mengukur sejauh mana pembinaan dan regenerasi atlet catur berjalan. Saya melihat persaingan tahun ini semakin ketat dan kualitas para pecatur juga semakin meningkat,"" sambung Alumni PPRA Angkatan LXII Lemhannas RI itu. Kent pun mengaku bangga terhadap perjuangan para atlet DKI Jakarta yang telah tampil maksimal selama Kejurda. ""Apapun hasil akhirnya, setiap pertandingan menjadi pengalaman berharga untuk meningkatkan kemampuan dan mental bertanding. Ke depan, Percasi DKI Jakarta akan terus memperkuat pembinaan dari tingkat junior hingga senior,"" tuturnya. ""Kami ingin memastikan muncul lebih banyak pecatur muda potensial yang nantinya tidak hanya mampu berprestasi di tingkat nasional, tetapi juga membawa nama Indonesia di ajang internasional,"" imbuhnya. Enam Pengkot Percasi Dilantik Penutupan Kejurda Piala Gubernur DKI Jakarta 2026 juga dirangkaikan dengan pelantikan enam kepengurusan Pengurus Kota (Pengkot) Percasi di wilayah DKI Jakarta. Keenam kepengurusan tersebut meliputi Percasi Jakarta Utara, Jakarta Barat, Jakarta Selatan, Jakarta Pusat, Jakarta Timur, dan Kepulauan Seribu. Percasi Jakarta Selatan dipimpin Joko Sukarno, Jakarta Utara oleh Ozi Fauzi, Jakarta Pusat dikomandani Andi Fachrie Lentera, Kepulauan Seribu dipimpin Rhama Bedah Wijaya, Jakarta Timur dinahkodai Angia Sekartaji, sedangkan Jakarta Barat digawangi Sunardi Sadeli. Kent berharap keberadaan kepengurusan di enam wilayah tersebut dapat memperluas akses masyarakat terhadap olahraga catur, khususnya bagi anak-anak dan pecatur pemula. ""Saya membuka ruang seluas-luasnya bagi orang tua berdomisili di Jakarta yang ingin anaknya belajar catur atau menjadi atlet catur, dan juga bagi para pecatur di warung kopi. Kita sudah siapkan kepengurusan di lima kota dan satu kabupaten,"" paparnya. Menurutnya, pembentukan kepengurusan di enam wilayah administrasi DKI Jakarta tersebut merupakan langkah penting untuk memperluas pembinaan catur hingga ke tingkat bawah. ""Dari dahulu belum pernah ada bentuk kepengurusan organisasi seperti ini. Baru ada di era saya. Harapan saya, semoga catur bisa menjangkau semua lapisan hingga kelas bawah,"" pungkas Kent. | Legenda Catur Indonesia GM (Grand Master) Drs Utut Adianto Sedang Memberikan Keterangan Kepada Awak Media Foto: Dok: Percasi DKI. | GM Utut Minta Kualitas Kejuaraan Terus Ditingkatkan Sementara itu, GM Utut Adianto yang juga merupakan pembina Percasi mengapresiasi pelaksanaan Kejurda Piala Gubernur DKI Jakarta 2026. Utut menilai penggunaan hotel sebagai lokasi pertandingan memberikan suasana berbeda sekaligus dapat meningkatkan motivasi para pecatur untuk menunjukkan kemampuan terbaiknya. ""Kejuaraan seperti ini bagi pecatur adalah impian. Apalagi mainnya di gedung bagus, hotel bagus. Ramai banget. Tepuk tangan untuk ketua kita, Pak Kenneth,"" kata Utut. Meski demikian, Utut memberikan sejumlah masukan agar kualitas penyelenggaraan kejuaraan ke depan semakin meningkat. Salah satunya dengan memperkuat tim teknis serta menambah jumlah babak pertandingan. ""Saran saya ke depannya mesti diperkuat tim teknis. Semoga diperbanyak babaknya, minimal sembilan pertandingan dan berlangsung 90 menit sehingga kualitas akan semakin meningkat,"" ujarnya. Sekda DKI Berharap Lahir Banyak Grand Master Tingginya antusiasme peserta juga mendapat apresiasi dari Sekda DKI Jakarta Uus Kuswanto. Dengan jumlah peserta mencapai 420 pecatur, Uus berharap Kejurda tersebut menjadi salah satu sarana untuk melahirkan talenta-talenta baru dari Ibu Kota. ""Mudah-mudahan catur DKI Jakarta bisa melahirkan lebih banyak GM dan penerus Utut Adianto. Saya lihat animo peserta sangat luar biasa,"" kata Uus. | Seluruh Pengurus Percasi (Persatuan Catur Seluruh Indonesia) DKI Jakarta Optimis Bahwa DKI Jakarta Akan Tetap Mempertahankan Titel Juara Umum di Kejurnas Catur Ke 51 Tahun 2026 Yang Akan Di Selenggarakan Di Banten Foto: Dok: Percasi DKI. | Novendra Optimistis Jakarta Pertahankan Gelar Sementara itu, Novendra mengapresiasi penyelenggaraan Kejurda DKI Jakarta tahun ini. Menurutnya, kualitas pelaksanaan dan persaingan yang tersaji menunjukkan keseriusan Percasi DKI Jakarta dalam membina atlet. ""Kejurda tahun ini keren banget. Saya lihat paling bagus dan mewah, digelar di hotel berbintang. Persaingan open juga sangat ketat. Di putra ini semua atlet PON ikut serta,"" ujar Novendra. Kualitas persaingan tersebut membuat Novendra optimistis DKI Jakarta mampu mempertahankan predikat juara umum pada Kejurnas Catur 2026 di Banten. ""Saya yakin DKI Jakarta akan bisa mempertahankan gelar juara umum di Kejurnas dan bahkan meraih lebih dari enam emas di bawah kepemimpinan Ketum Pak Kenneth yang sangat perhatian dengan para atlet,"" tegasnya. Dengan berakhirnya Kejurda Piala Gubernur DKI Jakarta 2026, perhatian Percasi DKI Jakarta kini beralih ke Kejurnas Catur ke-51 di Banten. Tingginya antusiasme peserta, hasil seleksi, serta performa para pecatur andalan seperti Novendra menjadi modal penting bagi Jakarta untuk kembali membidik gelar juara umum sekaligus menambah koleksi medali emas. (ega/akn)"
sport,https://sport.detik.com/sport-lain/d-8693684/susunan-pemain-indonesia-vs-thailand-di-final-fifa-asean-cup-2026,"Indonesia vs Thailand bentrok di final FIFA ASEAN Cup 2026 malam ini. Berikut susunan pemain kedua tim. Bermain di Stadion Utama Gelora Bung Karno, Senayan, Senin (5/10/2026), Indonesia menurunkan skuad terbaiknya. Di depan masih diisi duet Ole Romeny dan Mitchell Baker. Di tengah, Thom Haye kembali main usai sempat absen akibat kartu merah di laga terakhir Grup A. Ia akan bertandem dengan Joey Pelupessy, dengan dua sayapnya ada Ragnar Oratmangoen dan Luke Vikery. Di belakang, kuartet Kevin Diks, Elkan Baggott, Justin Hubner dan Calvin Verdonk jadi pengawal kiper Emil Audero, yang dipercaya di laga kali ini. Sementara di Thailand, Teerasak Poeiphimai yang sudah bikin dua gol jadi ancaman yang coba disiapkan pelatih Anthony Hudson. Di tengah ada gelandang tajam macam Sarach Yooyen dan Chanatip 'Messi Jay' Songkrasin. Laga Indonesia vs Thailand akan digelar pukul 20.00 WIB. Siapa yang kira-kira bakal keluar jadi juara? Susunan Pemain Indonesia: Emil Audero, Kevin Diks, Elkan Baggott, Justin Hubner, Calvin Verdonk, Joey Pelupessy, Thom Haye, Luke Vickery, Ragnar Oratmangoen, Ole Romeny, Mitchell Baker Thailand: Saranon Anuin, Nattapong Sayriya, Manuel Bihr, Nicholas Mickelson, Suphanan Bureerat, Sarach Yooyen, Kritsada Kaman, Kakana Khamyok, Chanathip Songkrasin, Supachai Chaided, Teerasak Poeiphimai (yna/adp)"
sport,https://sport.detik.com/moto-gp/d-8693221/jadwal-motogp-mandalika-2026-misi-marc-marquez-kejar-jorge-martin,"MotoGP Mandalika 2026 di depan mata. Seri ke-17 MotoGP 2026 ini berlangsung di Pertamina Mandalika International Circuit, Lombok, Nusa Tenggara Barat, pada 9-11 Oktober 2026. MotoGP Mandalika menjadi seri penting dalam persaingan gelar juara dunia. Jorge Martin masih memimpin klasemen dengan 333 poin, tetapi Marc Marquez terus membuntutinya dengan 331 poin. Keduanya hanya terpaut dua angka setelah Marc menyapu bersih Sprint Race dan balapan utama MotoGP Jepang di Motegi.Marc meraih 37 poin dari akhir pekan MotoGP Jepang. Hasil tersebut memangkas jarak dengan Martin secara signifikan dan membuat persaingan menuju gelar semakin ketat. Sementara itu, Marco Bezzecchi berada di posisi ketiga dengan 284 poin atau tertinggal 49 poin dari Martin. Kini, persaingan berlanjut ke Mandalika. Marc akan berusaha melanjutkan momentum dari Jepang, sedangkan Martin tentu ingin mempertahankan posisi teratas klasemen. MotoGP Mandalika menjadi ronde ke-17 dari 22 seri dalam kalender MotoGP 2026. Setelah Indonesia, masih ada lima seri lagi, yakni Australia, Malaysia, Qatar, Portugal, dan Valencia. Rangkaian MotoGP Mandalika 2026 dimulai pada Jumat (9/10). Sesi MotoGP dibuka dengan Free Practice 1, dilanjutkan Practice pada sore hari. Pada Sabtu (10/10), para pembalap menjalani Free Practice 2 dan kualifikasi. Sprint Race kemudian digelar pada sore hari dengan jarak 13 lap. Balapan utama MotoGP Mandalika 2026 berlangsung pada Minggu (11/10). Race MotoGP dijadwalkan menempuh 27 lap. Jadwal MotoGP Mandalika 2026 Jumat, 9 Oktober 2026 - 08.00-08.35 WIB: Moto3 Free Practice 1 - 08.50-09.30 WIB: Moto2 Free Practice 1 - 09.45-10.30 WIB: MotoGP Free Practice 1 - 12.15-12.50 WIB: Moto3 Practice - 13.05-13.45 WIB: Moto2 Practice - 14.00-15.00 WIB: MotoGP Practice Sabtu, 10 Oktober 2026 - 07.40-08.10 WIB: Moto3 Free Practice 2 - 08.25-08.55 WIB: Moto2 Free Practice 2 - 09.10-09.40 WIB: MotoGP Free Practice 2 - 09.50-10.05 WIB: MotoGP Kualifikasi 1 - 10.15-10.30 WIB: MotoGP Kualifikasi 2 - 11.45-12.00 WIB: Moto3 Kualifikasi 1 - 12.10-12.25 WIB: Moto3 Kualifikasi 2 - 12.40-12.55 WIB: Moto2 Kualifikasi 1 - 13.05-13.20 WIB: Moto2 Kualifikasi 2 - 14.00 WIB: MotoGP Sprint Race (13 lap) Minggu, 11 Oktober 2026 - 09.40-09.50 WIB: MotoGP Warm Up - 11.00 WIB: Moto3 Race (20 lap) - 12.15 WIB: Moto2 Race (22 lap) - 14.00 WIB: MotoGP Race (27 lap)"
sport,https://sport.detik.com/moto-gp/d-8693219/motogp-2026-akhir-pekan-buruk-alex-marquez-di-motegi,"Rider Gresini Racing, Alex Marquez, gagal meraih poin di MotoGP Jepang 2026. Pebalap berusia 30 tahun itu menjalani akhir pekan buruk di Motegi. Di Sirkuit Motegi pada akhir pekan lalu, Alex Marquez crash dalam dua balapan. Saat sprint race pada Sabtu (3/10/2026), Alex Marquez terjatuh pada tikungan awal sirkuit. Alex Marquez terlambat melakukan late braking hingga membuat Pedro Acosta terjatuh dan menyapu Fabio Di Giannantonio. Akibat insiden itu, adik Marc Marquez tersebut mendapatkan hukuman double long lap penalty saat main race. Pada balapan utama, Alex Marquez sebenarnya bisa bersaing di posisi lima besar. Karena menjalani double long lap penalty, Alex Marquez turun ke posisi kedelapan. Alex Marquez tak bisa menyelesaikan balapan karena melakukan kesalahan perpindahan gigi ketika motor miring. Pebalap yang didukung oleh Bold Riders itu pun marah pada diri sendiri. ""Itu adalah akhir pekan yang penuh dengan kesalahan dan perlu segera dilupakan. Saya kembali membuat dua kesalahan hari ini, salah satunya tidak termaafkan saat pemanasan dan kemudian satu kesalahan lagi dalam balapan,"" kata Alex Marquez seperti dikabarkan situs Gresini Racing. ""Saya marah pada diri sendiri, tetapi untungnya kami akan kembali ke lintasan dalam beberapa hari lagi. Kami cepat hari ini, tidak cukup cepat untuk memperebutkan podium, tetapi tanpa penalti tersebut kami mungkin akan tetap berada di dalam lima besar,"" kata Alex Marquez menambahkan. MotoGP 2026 akan berlanjut lagi pada akhir pekan ini dengan menyajikan balapan MotoGP Mandalika. (cas/krs)"
sport,https://sport.detik.com/moto-gp/d-8692407/bezzecchi-mentok-p3-akui-kurang-percaya-diri,"Marco Bezzecchi mentok finis ketiga setelah comeback dari cedera. Pebalap Aprilia itu mengaku kehilangan kepercayaan diri, yang jadi kunci start bagusnya. Bezzecchi memenangi empat balapan grand prix dari tujuh seri pertama MotoGP 2026. Peruntungan Bezzecchi berubah setelah jelang akhir paruh pertama musim. Pebalap Italia itu gagal mendulang angka di grand prix Hungaria, Republik Ceko, dan Belanda untuk alasan yang berbeda-beda. Lalu absen di balapan Jerman setelah mengalami patah tulang selangkah di sesi kualifikasi. | Baca juga: Awas, Martin! Marquez Mengintai | Setelah itu, Marco Bezzecchi kesulitan bersaing melawan rekan setimnya Jorge Martin dan Marc Marquez. Bezzecchi mentok finis ketiga, sebanyak empat kali dari lima grand prix terakhir. Termasuk finis di belakang posisi dua terdepan Jorge Martin dan Marquez di Motegi pada hari Minggu (4/10). Alhasil, pebalap berusia 27 tahun itu tercecer dalam persaingan titel juara MotoGP 2026. Bezzecchi mengumpulkan 284 poin, berjarak 47 poin dari Marc Marquez di posisi kedua klasemen dan 49 poin dari Jorge Martin di posisi teratas dengan enam seri tersisa. ""Sejak cedera, saat aku kembali, aku langsung kencang tapi masih lebih lambat daripada Marc dan Jorge,"" sahut Bezzecchi di Motosan. ""Aku kurang kepercayaan diri di awal akhir pekan yang pernah kumiliki sebelumnya, yang membuatku langsung kompetitif."" ""Tujuannya adalah mendapatkan kembali performa itu dan terus berjuang asmpai akhir. Kurasa aku kurang sedikit ledakan sejak awal. Mungkin bukan ledakan sih, melainkan kepercayaan diri, yang tentu saja, membuat Anda kencang, lebih eksplosif."" ""Rasa percaya diri itu membiarkan Anda memulai akhir pekan dengan laju yang kencang sejak awal, dan aku harus sedikit mendapatkannya kembali setelah cedera,"" lugas Marco Bezzecchi. (rin/bay)"
sport,https://sport.detik.com/sport-lain/d-8692306/sepak-takraw-kini-fokus-liga-utama-dan-piala-dunia-2027,"Tim sepak takraw Indonesia meminta maaf atas kegagalan meraih medali emas Asian Games 2026. Kini fokus utama mereka adalah Liga Utama dan Piala Dunia 2027. Sepak takraw cuma meraih satu medali perak dan tiga medali perunggu, meleset dari target satu emas di nomor Men's Quadrant. Meski begitu, ada satu target yang berhasil dipenuhi yakni membawa pulang medali. ""Kami meminta maaf kepada seluruh masyarakat Indonesia bahwa kami hanya bisa mempersembahkan perak di nomor Men's Quadrant. Tapi itu merupakan prestasi luar biasa karena semua nomor kami menyapu bersih,"" kata Ketua Umum Persatuan Sepak Takraw Indonesia (PSTI) Surianto dalam keterangan kepada media. ""Dari empat nomor, semua dapat medali. Satu perak dan tiga medali perunggu. Jadi, saya ingin meminta maaf kepada seluruh rakyat Indonesia karena kami tidak dapat mempersembahkan medali emas."" ""Insya Allah, di SEA Games atau Asian Games mendatang kami dapat memberikan yang terbaik,"" imbuhnya. Surianto menyebut hasil Asian Games ini menjadi modal penting untuk regenerasi. Beberapa atlet yang diturunkan masih berusia sangat muda, 17, 18, hingga 19 tahun. ""Kami berharap mereka bisa ada regenerasi yang akan datang. Jadi kami betul-betul membina apalagi lewat liga."" Sebagai langkah konkret pengembangan, PSTI memastikan Liga Utama Sepak Takraw akan bergulir 28 November 2026 di Jakarta. Liga ini akan menjadi yang pertama dan diharapkan menjadi motor pembinaan atlet muda. Terkait final beregu putra melawan Jepang, kapten tim Muhammad Hardiansyah Muliang mengakui kekalahan secara strategi meski sudah mengenal karakter lawan yang berisi pemain senior. ""Kami sedikit tahu strategi masing-masing. Cuma kemarin kita kalah teknis saja.Karena di set ketiga angkanya enggak, beda dua biji saja. Jadi kita kalah strategi,"" kata Hardiansyah. Setelah Liga Utama, Piala Dunia Sepak Takraw 2027 jadi fokus utama para atlet. ""Jadi dengan hasil ini akan lebih prepare lagi untuk seleksi atletnya maupun pelatihnya. Tahun ini juga akan ada liga itu akan memacu atletnya untuk mempersiapkan atlet-atlet mudanya,"" sambung Hardiansyah. (mrp/pur)"
sport,https://sport.detik.com/sport-lain/d-8692198/kejuaraan-anak-jakarta-2026-demi-regenerasi-atlet-renang-ri,"Kejuaraan renang Anak Jakarta 2026 baru saja dihelat. Tujuannya adalah menjaga regenerasi atlet renang Tanah Air. Kejuaraan Anak Jakarta 2026 digelar, Sabtu (3/10/2026) di Kolam Renang Bulungan, Jakarta. Ada total 516 peserta dengan 1.200 nomor dipertandingkan. Mengusung semangat ""Berenang, Berkompetisi, dan Berprestasi dengan Sportivitas"", kegiatan ini menjadi wadah bagi anak-anak untuk mengembangkan kemampuan renang, membangun kepercayaan diri, serta memperoleh pengalaman berkompetisi. Kejuaraan, yang diselenggarakan Arsa Foundation dan Hicoach academy sebagai pelaksana kegiatan, menempatkan sportivitas sebagai bagian penting dalam pembinaan atlet sejak usia dini. Selain mengejar prestasi, para peserta diajak untuk menghargai proses latihan, menghormati sesama peserta, serta menjadikan hasil pertandingan sebagai bekal untuk terus berkembang. ""Kami menyampaikan terima kasih dan apresiasi kepada seluruh orang tua yang telah mendampingi serta mendukung putra-putrinya. Kepada para peserta, kami mengapresiasi semangat, keberanian, dan sportivitas yang telah ditunjukkan. Terima kasih juga kepada seluruh pihak yang telah bekerja dan berkontribusi dalam terselenggaranya Kejuaraan Anak Jakarta 2026,"" ujar Firmansyah sebagai Ketua Panitia dalam rilis kepada detikSport. Dia menyebut kesinambungan kegiatan dan pembinaan merupakan bagian penting untuk mengembangkan potensi para perenang muda. ""Kami berharap kejuaraan ini dapat terus diselenggarakan secara berkelanjutan untuk mendukung kemajuan cabang olahraga renang. Melalui pembinaan yang konsisten dan dukungan bersama, kami berharap lahir atlet-atlet berprestasi yang kelak mewakili Indonesia serta mengharumkan nama bangsa di kancah dunia,"" lanjutnya. Adanya 516 peserta menjadi dorongan untuk terus menyediakan ruang kompetisi bagi perenang usia dini. Dukungan orang tua, pelatih, dan berbagai pihak diharapkan dapat menjaga semangat anak-anak dalam berlatih sekaligus memperkuat proses pembinaan menuju jenjang prestasi yang lebih tinggi. Dengan semangat #PushYourLimit, Kejuaraan Anak Jakarta 2026 diharapkan menjadi bagian dari pembinaan yang berkelanjutan untuk membangun generasi perenang yang disiplin, tangguh, dan menjunjung tinggi sportivitas. (mrp/adp)"
sport,https://sport.detik.com/moto-gp/d-8692143/awas-martin-marquez-mengintai,"Jorge Martin tahu jaraknya dengan Marc Marquez di klasemen MotoGP 2026 cuma dua poin. Oleh karenanya, Martin siap bertarung habis-habisan demi gelar juara dunia. Martin yang memegang pole position di MotoGP Jepang 2026, Minggu (4/10/2026) siang WIB, harus rela diasapi Marquez yang tampil sebagai pemenang. Martin kehilangan posisi terdepan memasuki lap ke-12. Setelah itu, Martin kesulitan mengejar Marquez yang begitu cepat di posisi terdepan. Alhasil, Martin cuma bisa menambah 20 angka sehingga total poinnya adalah 333. Pebalap Aprilia itu hanya unggul dua poin dari Marquez yang mengintai di posisi kedua. Ini jadi alarm bahaya untuk Martin yang baru menang sekali sepanjang musim. Marquez, sejak absen di Prancis dan Catalunya karena cedera, malah mengumpulkan enam kemenangan! Ini belum termasuk lima kemenangan di Sprint Race. Padahal Marquez sempat berjarak lebih dari 100 poin dengan puncak klasemen karena start buruk musim ini. Tahu Marquez kini memburunya, Martin enggan panik dan justru merasa tersanjung bisa bersaing dengan seniornya itu. ""Saya merasa terhormat bisa bersaing memperebutkan gelar juara dengan salah satu rider terbaik dalam sejarah. Saya rasa itu sudah membuktikan betapa berharganya perjuangan saya musim ini,"" ujar Martin seperti dikutip GPOne. ""Yang pasti saya tidak akan menyerah, saya di sini untuk jadi juara. Kami hanya perlu terus meraih poin,"" sambungnya. MotoGP 2026 akan berlanjut di Mandalika pekan depan, bisakah Martin memang? (mrp/krs)"
sport,https://sport.detik.com/sport-lain/d-8692142/cdm-todotua-senang-target-emas-asian-games-2026-terlampaui,"CdM Indonesia Todotua Pasaribu puas dengan pencapaian di Asian Games 2026. Sebab target lima medali emas melampaui target. Hingga hari terakhir pelaksanaan Asian Games, Minggu (4/10/2026), Indonesia finis posisi ke-15 dengan 5 emas, 11 perak, dan 23 perunggu. Pencapaian ini memang menurun dari edisi sebelumnya di Hangzhou 2022 di mana mereka meraih 7 emas, 11 perak, dan 18 perunggu. Namun, dengan segala persoalan di lapangan dan luar lapangan, Indonesia mampu melewati target empat emas yang diberikan Menteri Pemuda dan Olahraga Erick Thohir. Apalagi di edisi kali ini, Sejumlah nomor seperti menembak 10 m running target campuran dan putra yang menyumbangkan dua medali emas Hangzhou, kini tidak dipertandingkan. Begitu juga dengan Dragon Boat 1000m putra. ""Alhamdulillah, puji syukur. Final per hari ini, setelah kita mengetahui total medali yang dicapai dan diraih oleh Tim Indonesia sebanyak 39 medali, terdiri dari 5 emas, 11 perak dan 23 perunggu. Tentunya ini adalah capaian yang terbaik,"" ujar Todotua di Rumah Indonesia (3/10). Meski demikian, terdapat sejumlah nomor yang menjadi pendulang medali emas dan mencetak sejarah dan rekor Asian Games. Lifter Rahmat Erwin mencatatkan total angkatan 366kg, yang jadi rekor dunia di kelas 75kg. Begitu juga Desak Made dari Panjat Tebing yang mengukir rekor Asia di kelas women speed dengan catatan waktu 6,062 detik. Sejarah juga tercipta di nomor bulutangkis putra Indonesia yang berhasil mengalahkan China di final. Hasil ini membawa Indonesia lepas dari kebuntuan medali emas Asian Games selama 28 tahun. Sementara dari Panahan, Nurisa Dian Ashrifa adalah atlet yang pertama kalinya mempersembahkan emas dalam sejarah Asian Games . Kejutan juga datang dari cabor-cabor debutan seperti Teqball, Padel, MMA dan Esport yang berhasil membawa pulang medali perak dan perunggu ke Tanah Air. Bagi Todotua, segala perjuangan atlet Indonesia di Aichi-Nagoya, mengingatkan dirinya kepada motif Gorga dan Limar yang dikenakan oleh Kontingen Indonesia selama di Jepang. ""Saya teringat saat defile pembukaan. Tim Indonesia berjalan membawa Gorga dan Limar. Gorga melambangkan kekuatan dan perlindungan, sementara Limar membawa makna kehormatan dan keunggulan. Hari ini, filosofi itu seperti menemukan maknanya sendiri,"" ucapnya. Dia menyebut seluruh rangkaian kerja Tim CdM sejak masa persiapan, keberangkatan, selama atlet dan ofisial bertanding, hingga kepulangan menjadi bagian dari evaluasi yang akan dilaporkan kepada NOC dan Kemenpora. ""Selebihnya nanti kita akan laporkan ke NOC dan juga kepada Kemenpora untuk menjadi suatu review bagi dunia industri olahraga nasional kita ke depannya,"" ujar Todotua. ""Sekali lagi, terima kasih kami dari CdM. Mengucapkan terima kasih kepada seluruh pihak, kepada seluruh tim Chef de Mission, kepada NOC, Kemenpora, kepada seluruh sponsor yang memberi supporting kepada kami, dan juga Kedutaan Besar Jepang yang memberikan support, serta pemerintah negara Indonesia yang memberikan support,"" katanya. Apresiasi dari Pengurus Cabor dan Atlet Ketua PB PABSI, Rosan Roeslani, memberikan selamat kepada Todotua beserta timnya dalam menangani berbagai dinamika selama Asian Games. Pasalnya, respons cepat dari CdM dan tim memberikan rasa nyaman bagi atlet dan ofisial menjelang maupun saat menjalani pertandingan. ""Mereka menyampaikan bahwa CdM dan tim sangat responsif dengan semua perkembangan dan tantangan yang ada, sehingga ini juga memberikan kenyamanan untuk para atlet dan ofisial saat akan bertanding. Harus kita acungi jempol,"" ujar Roslan. Apresiasi juga hadir dari Atlet tembak Indonesia kategori Rifle, Vidya Rafika, menyebut kehadiran langsung CdM di lapangan tembak menjadi bentuk perhatian yang membuat para atlet merasa diperhatikan dan didukung selama menjalani pertandingan. ""CdM juga datang langsung ke lapangan tembak dan menyoroti kita sebagai atlet dan kita, sebagai atlet bahagia dan senang dengan kehadiran tersebut,"" ujar atlet yang kerap disapa Fika itu. Atlet wushu peraih medali perunggu, Thania Kusumaningtyas, juga menilai Todotua merupakan sosok yang ramah sekaligus memberikan dukungan kepada para atlet. ""Ramah dan support banget,"" ujar Thania. (mrp/adp)"
sport,https://sport.detik.com/moto-gp/d-8691954/belum-pernah-finis-di-mandalika-marc-marquez-tahun-ini-akan-beda,"Marc Marquez datang ke MotoGP Mandalika dengan misi berbeda. Menghadapi balapan di Sirkuit Mandalika dalam posisi hanya tertinggal dua poin dari Jorge Martin di klasemen MotoGP 2026, ia bertekad meraih hasil berbeda! Marc baru saja meraih kemenangan ganda di MotoGP Jepang. Ia memenangi Sprint dan Race di Motegi, sehingga mengoleksi 37 poin dari akhir pekan tersebut. Hasil itu membuat Marc semakin dekat dengan Martin. Sang rival masih memimpin klasemen dengan 333 poin, sementara Marc membuntuti dengan 331 poin. Persaingan tersebut kini berlanjut ke Indonesia. MotoGP Mandalika menjadi seri berikutnya dalam kalender 2026. Marc menyadari masih banyak balapan yang harus dilalui. Karena itu, ia tidak menganggap perebutan gelar hanya akan menjadi duel antara dirinya dan Martin. ""Tidak, sama sekali tidak. Masih ada enam balapan, jadi belum. Maksud saya, masih banyak waktu. Masih banyak balapan, banyak situasi dan sirkuit yang berbeda, dengan kondisi yang berbeda,"" kata Marc di DAZN. Marc memilih menjaga konsistensi sebagai pendekatan dalam persaingan menuju gelar. Ia menilai konsistensi tersebut sudah berhasil dijaga sejak seri Aragón. ""Kami akan selalu berusaha konsisten; kami sudah melakukannya sejak Aragón. Untuk saat ini, kami akan menikmati pekan ini dan pekan depan sedikit lebih lama,"" ujarnya. Mandalika pun menjadi tantangan tersendiri bagi Marc. Ia memiliki catatan yang belum sempurna di Indonesia dan mengakui belum pernah menyelesaikan balapan di sana. ""Saya belum pernah finis di sana, kan? Nah, tahun ini akan berbeda,"" kata Marc. Kini, Marc datang ke Mandalika dengan kepercayaan diri tinggi setelah menyapu bersih Sprint dan Race di Jepang. Namun, ia juga sadar karakter sirkuit dan kondisi balapan bisa berbeda dari satu seri ke seri lainnya. Dengan hanya dua poin yang memisahkannya dari Martin, MotoGP Mandalika menjadi kesempatan bagi Marc untuk melanjutkan pengejarannya di klasemen sekaligus menghapus catatan belum pernah finis di Indonesia. (krs/adp)"
sport,https://sport.detik.com/moto-gp/d-8691955/martin-awalnya-yakin-bisa-menang-tapi-marquez,"Jorge Martin awalnya optimistis bisa mengalahkan Marc Marquez di MotoGP Jepang 2026. Tapi, faktanya Marquez terlalu cepat untuk dikejar. Pada balapan di Sirkuit Twin Ring, Motegi, Minggu (4/10/2026) siang WIB, Martin yang memegang pole sejatinya memimpin balapan sejak lap pertama. Martin berhasil mempertahankan posisi itu dari kejaran Marquez dan Marco Bezzecchi. Tapi, keunggulan waktu Martin atas Marquez tidak pernah lebih dari satu detik. Sebelum memasuki lap ke-12, Martin akhirnya disalip Marquez yang terus menyerang. Posisi itu berhasil dipertahankan sampai akhir balapan oleh Marquez. Meski gagal menang, Martin tidak kecewa-kecewa amat karena performanya terbilang bagus sepanjang balapan. Sayang, Martin melakukan kesalahan kecil sehingga Marquez bisa memanfaatkan itu. Upaya untuk mengejar Marquez pun sia-sia karena kompatriotnya itu terlalu cepat di depan. ""Saya puas dengan performa saya. Saya jelas membuat beberapa kesalahan kecil, detil kecil yang mungkin tidak terlihat di TV. Saya yakin gaya membalap saya bisa membawa kemenangan ,tapi Marc hari ini benar-benar tak tertandingi,"" ujar Martin seperti dikutip GPOne. ""Saya sudah melakukan sebaik mungkin, meski saya mencoba menekan sampai akhir dan memaksanya bikin kesalahan agar jarak terpangkas, itu sangat sulit. Pada akhirnya bisa naik podium dan mencatatkan rekor trenk. Saya siap untuk ke depannya,"" sambungnya. Hasil ini bikin Martin cuma unggul dua poin dari Marquez di puncak klasemen MotoGP 2026. (mrp/adp)"
sport,https://sport.detik.com/f1/d-8691992/f1-2026-verstappen-menangi-gp-bahrain-in-malaysia,"Max Verstappen meraih kemenangan pertama di Formula 1 2026 usai finis terdepan dalam balapan GP Bahrain in Malaysia. Ia tampil dominan sepanjang balapan. Berlangsung di Sepang, Minggu (4/10), balapan 55 lap ini sempat tertunda sekitar 90 menit karena hujan. Verstappen yang memulai dari pole position langsung melorot ke posisi tiga usai disalip Kimi Antonelli dan George Russell. Namun perlahan ia berhasil menyalip Russell di lap keenam lalu mengambil alih posisi terdepan dari Antonelli di lap ke-13. Tak lama berselang, Russell juga menyalip Antonelli. Verstappen kemudian melaju mulus tak terkendali. Antonelli yang melaju cepat kembali mengambil posisi kedua dengan menyalip Russell di lap ke-21. Dari sini, situasi tampak stabil di tiga besar. Namun petaka hadir di lap ke-50 saat mobil Russell melambat dan akhirnya berhenti, diduga karena masalah power unit. Isack Hadjar yang sedari tadi berada di urutan empat naik ke urutan tiga. Namun pada lap ke-53, Lewis Hamilton menyalip pebalap Prancis itu untuk mengamankan podium ketiga. Verstappen terus bertahan dari kejaran Antonelli hingga garis finis untuk meraih kemenangan pertama sejak GP Abu Dhabi tahun lalu atau yang ke-72 sepanjang kariernya. Bagi Antonelli, setidaknya tambahan 18 poin di Malaysia menguatkan posisinya di puncak klasemen dengan 320 poin, unggul 84 poin dari Russell di urutan kedua. Hasil F1 GP Bahrain in Malaysia 2026: | Pos | Driver | Nat. | Team | Laps | | 1 | Max Verstappen | NED | Oracle Red Bull Racing | 55 laps | | 2 | Andrea Kimi Antonelli | ITA | Mercedes AMG Petronas F1 Team | 2.3s | | 3 | Lewis Hamilton | GBR | Scuderia Ferrari HP | 4.9s | | 4 | Charles Leclerc | MON | Scuderia Ferrari HP | 7.2s | | 5 | Isack Hadjar | FRA | Oracle Red Bull Racing | 8.5s | | 6 | Oscar Piastri | AUS | McLaren Mastercard F1 Team | 9.4s | | 7 | Liam Lawson | NZD | Racing Bulls | 12.7s | | 8 | Fernando Alonso | ESP | Aston Martin Aramco F1 Team | 13.3s | | 9 | Lando Norris | GBR | McLaren Mastercard F1 Team | 13.9s | | 10 | Arvid Lindblad | GBR | Racing Bulls | 15.9s | | 11 | Nico Hulkenberg | GER | Audi Revolut F1 Team | 17.4s | | 12 | Lance Stroll | CAN | Aston Martin Aramco F1 Team | 18.0s | | 13 | Franco Colapinto | ARG | BWT Alpine F1 Team | 18.9s | | 14 | Ollie Bearman | GBR | TGR Haas F1 Team | 22.3s | | 15 | Esteban Ocon | FRA | TGR Haas F1 Team | 22.5s | | 16 | Pierre Gasly | FRA | BWT Alpine F1 Team | 23.3s | | 17 | Carlos Sainz | ESP | Atlassian Williams F1 Team | 25.4s | | 18 | Gabriel Bortoleto | BRA | Audi Revolut F1 Team | 28.2s | | 19 | Sergio Perez | MEX | Cadillac F1 Team | 29.3s | | DNF | George Russell | GBR | Mercedes AMG Petronas F1 Team | Technical | | DNF | Alex Albon | THA | Atlassian Williams F1 Team | Technical | | DNF | Valtteri Bottas | FIN | Cadillac F1 Team | Crash |"
sport,https://sport.detik.com/moto-gp/d-8691950/motogp-lanjut-di-mandalika-pekan-depan-marquez-bisa-menang,"Marc Marquez punya tugas berat untuk mengambil puncak klasemen MotoGP pekan depan. Sebab, MotoGP Mandalika yang 'horor' sudah menanti Marquez. Marquez baru saja memenangi balapan MotoGP Jepang di Motegi, Minggu (4/10/2026) siang WIB. Dia berhasil melewati Jorge Martin di lap ke-12 sebelum mengunci posisi pertama sampai akhir. Ini adalah kemenangan kedua Marquez di Jepang setelah meraih balapan Sprint kemarin. Alhasil, Marquez berhasil menempel ketat Martin dengan hanya selisih dua poin! Hebatnya, Marquez punya lima kemenangan berbanding satu milik Martin. Martin bahkan masih kalah jumlah kemenangan dari Marco Bezzecchi yang punya empat dan di posisi ketiga klasemen pebalap. Tampuk klasemen bisa saja berubah pekan depan saat MotoGP Mandalika digelar. Jika Marquez bisa mendapatkan poin lebih banyak daripada Martin, maka dia akan naik ke posisi pertama. Tapi, patut diingat bahwa catatan Marquez di Mandalika begitu buruk. Sejak Mandalika menggelar balapan pada 2022, Marquez selalu gagal finis dan malah mendapat cedera. Musim lalu, Marquez crash setelah disalip Bezzecchi dan berujung operasi bahu. Untung saja Marquez sudah mengunci gelar juara. Meski punya rekor buruk di sana, Marquez bisa tetap optimistis mengingat Ducati adalah rajanya Mandalika. Setelah dimenangi Miguel Oliveira dengan KTM-nya pada 2022, Ducati selalu jadi pemenang di tiga edisi terakhir. Francesco Bagnaia, Jorge Martin, dan Fermin Aldeguer muncul di podium teratas. Bisakah Marquez mengikuti jejak ketiganya? Kita tunggu saja. (mrp/adp)"
sport,https://sport.detik.com/moto-gp/d-8691734/marc-marquez-menang-di-jepang-kuncinya-serang-dulu-lalu-kontrol-balapan,"Marc Marquez tampil sempurna di MotoGP Jepang 2026. Rider Ducati itu menyapu bersih Sprint dan Race di Motegi, sekaligus memangkas jaraknya dengan Jorge Martin di klasemen menjadi hanya dua poin. Marc meraih 37 poin maksimal dari seri MotoGP Jepang setelah memenangi Sprint Race pada hari Sabtu (3/10/2026) dan kemudian Race utama, Minggu (4/10). Martin yang finis kedua pada balapan utama kini memimpin klasemen dengan 333 poin, sementara Marc mengoleksi 331 poin. Kemenangan di Race Jepang tidak didapat Marc dengan mudah. Martin yang start dari pole sempat memimpin balapan. Marc kemudian mengambil alih posisi terdepan sebelum pertengahan balapan dan mampu mempertahankannya hingga finis. Usai balapan, Marc menjelaskan pendekatannya kepada DAZN. Ia mengaku akan terus menyerang di setiap balapan, meski hasilnya tidak selalu sama. ""Saya akan mencoba menyerang di setiap balapan, tetapi tentu saja ada balapan yang berjalan lebih baik daripada yang lain. Saya merasa nyaman kemarin di sprint, dan pagi ini juga saat pemanasan. Ban belakang keras ini yang sempat membuat kami sedikit ragu karena casing-nya sama seperti di Austria. Namun, saya bekerja dengan sangat baik di sini dan kami berhasil menjalani akhir pekan yang bagus,"" kata Marc. Dalam sesi tersebut, Dani Pedrosa yang bertugas sebagai komentator lebih dulu memberikan pujian kepada Marc. Pedrosa menyoroti kecepatan balapan di Motegi yang jauh lebih cepat dibanding tahun sebelumnya, sekaligus bagaimana Marc mampu mengelola ban, bahan bakar, serta tekanan dari Martin. Marc kemudian menjelaskan bahwa kunci utamanya adalah mengambil posisi terdepan sesegera mungkin. ""Seperti yang Anda tahu, sulit untuk berada di belakang di Motegi. Ketika mendapatkan slipstream saat pengereman, jauh lebih sulit untuk mendapatkan waktu. Target saya adalah memimpin balapan sesegera mungkin."" Marc mengaku tidak bisa langsung mengambil alih posisi terdepan pada lap pertama karena para rival sudah mempelajari strateginya dari Sprint Race. ""Saya tidak bisa melakukannya pada lap pertama karena kemarin saya sudah menunjukkan cara saya, dan hari ini mereka sudah mempelajarinya. Saya harus mendorong dengan keras, mengambil banyak risiko pada lap-lap tersebut untuk menyalipnya,"" katanya. Setelah berhasil melewati Martin, Marc mengubah pendekatannya. Ia tidak lagi memaksakan diri untuk terus membuka jarak sebesar mungkin. Ia fokus mengontrol ritme balapan sesuai situasi. ""Setelah saya menyalipnya, saya ingin mengontrol ritme balapan sesuai keinginan saya. Tentu saja, ketika dia mendekat hingga 0,7 atau 0,6 detik, saya mendorong sedikit lebih keras,"" tutur Marc. Marc menyebut pengelolaan jarak tersebut harus dilakukan dengan tetap memperhitungkan risiko kecelakaan. Ia tidak ingin kehilangan kemenangan hanya karena terlalu memaksakan diri."
sport,https://sport.detik.com/moto-gp/d-8691728/tebak-tebakan-tikungan-motegi-berakhir-ini-3-detikers-pemenangnya,"Kalau biasanya para rider MotoGP sibuk menghitung lap saat balapan, kali ini giliran kamu yang harus menghitung. Bukan jumlah lap, melainkan jumlah tikungan yang ada di Sirkuit Motegi. Tantangan tersebut hadir dalam kuis Tebak Jumlah Tikungan Sirkuit Motegi yang digelar Bold Riders bersama detikcom. Para penggemar MotoGP diajak menguji seberapa hafal mereka dengan salah satu lintasan yang menjadi tuan rumah MotoGP Jepang. Kuis berlangsung pada 29 September-3 Oktober 2026. Peserta diminta menebak jumlah tikungan Sirkuit Motegi melalui kolom komentar serta mengikuti seluruh mekanisme yang telah ditentukan. Setelah periode kuis berakhir, seluruh jawaban kemudian diperiksa sesuai ketentuan yang berlaku. Hasilnya, tiga detikers berhasil memberikan jawaban yang tepat. Mereka adalah: - @ivan.pandue93 - @rizal_nurdin9 - @herudwis12 Jawaban yang benar dalam kuis ini adalah 14 tikungan. Sirkuit Motegi memiliki enam tikungan ke kiri dan delapan tikungan ke kanan dalam satu putaran lintasan. Ketiga pemenang tersebut masing-masing berhak mendapatkan hadiah saldo e-wallet sebesar Rp250 ribu. Tim detikcom akan menghubungi para pemenang untuk proses verifikasi dan informasi lebih lanjut terkait pemberian hadiah. Selamat kepada para pemenang! Buat detikers yang belum berhasil kali ini, jangan berkecil hati. Masih ada berbagai kuis dan challenge menarik lainnya yang bisa kamu ikuti bersama Bold Riders dan detikcom. Pantau terus Instagram @detikcom dan @boldriders untuk mendapatkan informasi seputar MotoGP, konten otomotif, hingga berbagai event menarik lainnya. Bold Riders merupakan official sponsor Gresini Racing dan komunitas motor multi-genre yang menjadi wadah bagi para rider untuk berkumpul, riding, dan mengikuti berbagai aktivitas otomotif. Bold Riders, Spirit of Brotherhood! (akd/ega)"
sport,https://sport.detik.com/moto-gp/d-8691709/marc-marquez-makin-dekati-rekor-valentino-rossi-usai-menang-di-jepang,"Marc Marquez bukan cuma memperketat persaingan gelar MotoGP 2026. Kemenangan di MotoGP Jepang juga membuatnya semakin dekat dengan rekor Valentino Rossi sebagai pembalap dengan kemenangan terbanyak di kelas premier. Marc Marquez menjadi pemenang MotoGP Jepang 2026 di Sirkuit Motegi, Minggu (4/10/2026). Rider Ducati itu mengalahkan Jorge Martin dan Marco Bezzecchi untuk naik podium teratas. Kemenangan tersebut merupakan yang ke-79 bagi Marc Marquez di kelas premier. Dengan demikian, rider asal Spanyol itu kini hanya terpaut 10 kemenangan dari rekor Valentino Rossi yang mengoleksi 89 kemenangan kelas premier. Marc sebelumnya sudah menempati posisi kedua dalam daftar kemenangan terbanyak kelas premier. Kini, jaraknya dengan Rossi semakin terpangkas. Rossi mengoleksi 89 kemenangan kelas premier sepanjang kariernya. Mantan rider Yamaha itu meraih kemenangan pertamanya pada 2000 dan kemenangan terakhirnya pada 2017. Sementara itu, Marc meraih kemenangan kelas premier pertamanya pada musim debutnya di MotoGP pada 2013. Sejak saat itu, ia terus mendekati rekor Rossi. Di bawah Rossi dan Marc, posisi ketiga ditempati legenda Italia Giacomo Agostini dengan 68 kemenangan. Agostini disusul Mick Doohan dengan 54 kemenangan dan Jorge Lorenzo dengan 47 kemenangan. Menariknya, dari 10 pembalap dengan jumlah kemenangan kelas premier terbanyak, hanya Marc dan Francesco Bagnaia yang masih aktif. Bagnaia saat ini berada di posisi ke-10 dalam daftar tersebut dengan 31 kemenangan. Ia sejajar dengan Dani Pedrosa dan Eddie Lawson. Kemenangan Marc di Jepang juga punya arti penting dalam persaingan gelar MotoGP 2026. Ia sukses meraih kemenangan Sprint dan Race di Motegi sehingga memangkas jarak dengan Jorge Martin. Martin yang finis kedua dalam Race Jepang kini memimpin klasemen dengan 333 poin. Marc berada tepat di belakangnya dengan 331 poin. Artinya, selisih keduanya kini hanya dua poin dengan enam seri tersisa. Daftar Rider dengan Kemenangan Terbanyak* | Posisi | Rider | Kemenangan | Kemenangan terakhir | | 1 | Valentino Rossi | 89 | 2017 Dutch GP | | 2 | Marc Marquez | 79 | 2026 Japanese GP | | 3 | Giacomo Agostini | 68 | 1976 German GP | | 4 | Mick Doohan | 54 | 1998 Argentine GP | | 5 | Jorge Lorenzo | 47 | 2018 Austrian GP | | 6 | Casey Stoner | 38 | 2012 Australian GP | | 7 | Mike Hailwood | 37 | 1967 Canadian GP | | 8 | Dani Pedrosa | 31 | 2017 Valencia GP | | | Eddie Lawson | 31 | 1992 Hungarian GP | | 10 | Pecco Bagnaia | 31 | 2025 Japanese GP | | 11 | Kevin Schwantz | 25 | 1994 British GP | | 12 | Wayne Rainey | 24 | 1993 Czech GP | | 13 | Kenny Roberts | 22 | 1983 San Marino GP | | | Geoff Duke | 22 | 1958 Swedish GP | | | John Surtees | 22 | 1960 Nations GP | | 16 | Freddie Spencer | 20 | 1985 Swedish GP | | 17 | Barry Sheene | 19 | 1981 Swedish GP | | 18 | Wayne Gardner | 18 | 1992 British GP | | 19 | Andrea Dovizioso | 15 | 2020 Austrian GP | | | Alex Criville | 15 | 2000 French GP | | 21 | Max Biaggi | 13 | 2004 German GP | | | Randy Mamola | 13 | 1987 San Marino GP | | 23 | Phil Read | 11 | 1975 Czech GP | | | Fabio Quartararo | 11 | 2022 German GP | | 25 | Maverick Vinales | 10 | 2024 Americas GP | | | Marco Bezzecchi | 10 | 2026 Italian GP | | 27 | Loris Capirossi | 9 | 2007 Japanese GP | | | Sete Gibernau | 9 | 2004 Qatar GP | | | Jorge Martin | 8 | 2026 French GP | | 30 | Luca Cadalora | 8 | 1996 German GP | | | Kenny Roberts Jr | 8 | 2000 Pacific GP | | | Gary Hocking | 8 | 1962 British GP (Isle of Man Senior TT) | | 33 | Alex Barros | 7 | 2005 Portuguese GP | | | Enea Bastianini | 7 | 2024 Emilia Romagna GP | | 35 | Alex Rins | 6 | 2023 Americas GP | | | Marco Lucchinelli | 6 | 1981 Finnish GP | | | Umberto Masetti | 6 | 1955 Nations GP | | 38 | Marco Melandri | 5 | 2006 Australian GP | | | Leslie Graham | 5 | 1952 Spanish GP | | | Wil Hartog | 5 | 1980 Finnish GP | | | Miguel Oliveira | 5 | 2022 Thai GP | | | Franco Uncini | 5 | 1982 British GP | | 43 | Tadayuki Okada | 4 | 1999 Australian GP | | | John Kocinski | 4 | 1994 Australian GP | | | Reg Armstrong | 4 | 1956 West German GP | | | Jack Miller | 4 | 2022 Japanese GP | | | Libero Liberati | 4 | 1957 Nations GP | | | Alex Marquez | 4 | 2026 Spanish GP | | 48 | John Hartle | 3 | 1963 Dutch GP | | | Jack Findlay | 3 | 1977 Austrian GP | | | Daryl Beattie | 3 | 1995 German GP | | | Alberto Pagani | 3 | 1972 Yugoslavian GP | | | Nicky Hayden | 3 | 2006 US GP | | | Cal Crutchlow | 3 | 2018 Argentine GP | | | Pat Hennen | 3 | 1978 Spanish GP | | | Norick Abe | 3 | 2000 Japanese GP | | | Alfredo Milani | 3 | 1953 Belgian GP | | | Johnny Cecotto | 3 | 1978 Dutch GP | | | Aleix Espargaro | 3 | 2023 British GP | | | Garry McCoy | 3 | 2000 Valencia GP | | | Franco Morbidelli | 3 | 2020 Valencia GP | | 61 | Carlos Checa | 2 | 1998 Madrid GP | | | Johann Zarco | 2 | 2025 French GP | | | Brad Binder | 2 | 2021 Austrian GP | | | Virginio Ferrari | 2 | 1979 Dutch GP | | | Danilo Petrucci | 2 | 2020 French GP | | | Ray Amm | 2 | 1954 British GP (Isle of Man Senior TT) | | | Nello Pagani | 2 | 1949 Nations GP | | | Makoto Tamada | 2 | 2004 Japanese GP | | | Jack Middelburg | 2 | 1981 British GP | | | Fergus Anderson | 2 | 1953 Spanish GP | | | Jarno Saarinen | 2 | 1973 Austrian GP | | | Jim Redman | 2 | 1966 Dutch GP | | | Fabio Di Giannantonio | 2 | 2026 Catalan GP | | | Raul Fernandez | 2 | 2026 British GP | | 73 | Fermin Aldeguer | 1 | 2025 Indonesian GP | | | Pedro Acosta | 1 | 2026 Austrian GP | | | Remo Venturi | 1 | 1960 Dutch GP | | | Teuvo Lansivuori | 1 | 1974 Swedish GP | | | Joan Mir | 1 | 2020 European GP | | | Bob McIntyre | 1 | 1957 British GP (Senior Isle of Man TT) | | | Ken Kavangh | 1 | 1953 Ulster GP | | | Alan Shepherd | 1 | 1962 Finnish GP | | | Angelo Bergamonti | 1 | 1970 Spanish GP | | | Christian Sarron | 1 | 1985 German GP | | | Takazumi Katayama | 1 | 1982 Swedish GP | | | Chris Vermeulen | 1 | 2007 French GP | | | Gianfranco Bonera | 1 | 1974 Nationa GP | | | William Doran | 1 | 1949 Belgian GP | | | Andrea Iannone | 1 | 2016 Austrian GP | | | Tohru Ukawa | 1 | 2002 South African GP | | | Ben Spies | 1 | 2011 Dutch GP | | | Toni Elias | 1 | 2006 Portuguese GP | | | Jack Brett | 1 | 1952 Swiss GP | | | Hideo Kanaya | 1 | 1975 Austrian GP | | | Dickie Dale | 1 | 1954 Spanish GP | | | Dave Simmonds | 1 | 1972 Spanish GP | | | Boet van Dulmen | 1 | 1979 Finnish GP | | | Jack Ahearn | 1 | 1964 Finnish GP | | | Kim Newcombe | 1 | 1973 Yugoslavian GP | | | Pierre Monneret | 1 | 1954 French GP | | | Chas Mortimer | 1 | 1972 Spanish GP | | | Simon Crafar | 1 | 1998 British GP | | | Benedicto Caldarella | 1 | 1962 Argentine GP | | | John Williams | 1 | 1976 Belgian GP | | | Pierfrancesco Chili | 1 | 1989 Nationa GP | | | John Newbold | 1 | 1976 Czech GP | | | Jorge Kissling | 1 | 1963 Argentine GP | | | Richard Creith | 1 | 1965 Ulster GP | | | Alberto Puig | 1 | 1995 Spanish GP | | | Troy Bayliss | 1 | 2006 Valencia GP | | | Franta Stastny | 1 | 1966 East German GP | | | Kevin Magee | 1 | 1988 Spanish GP | | | Tom Herron | 1 | 1976 British GP (Senior Isle of Man TT) | | | Regis Laconi | 1 | 1999 Valencia GP | | | Mick Grant | 1 | 1975 British GP (Senior Isle of Man TT) | | | Bill Lomas | 1 | 1955 Ulster GP | | | Godfrey Nash | 1 | 1969 Yugoslavian GP | | | Cromie McCandless | 1 | 1952 Ulster GP | | | Harold Daniell | 1 | 1949 British GP (Senior Isle of Man TT) | | | Edmund Czihak | 1 | 1974 German GP | | | Michel Frutschi | 1 | 1982 French GP | | | Giuseppe Colnago | 1 | 1955 Belgian GP | | | Dennis Ireland | 1 | 1979 Belgian GP | | | Phil Carpenter | 1 | 1974 British GP (Senior Isle of Man TT) | | | Ai Ogura | 1 | 2026 Dutch GP | Keterangan:*di kelas primer kejuaraan dunia balap motor grand prix (krs/mrp)"
sport,https://sport.detik.com/moto-gp/d-8691642/klasemen-motogp-2026-marc-marquez-tempel-jorge-martin-beda-2-poin,"Marc Marquez menjadi pemenang Race MotoGP Jepang 2026 untuk memangkas jarak dari Jorge Martin di papan klasemen MotoGP 2026. Keduanya kini cuma berjarak 2 poin! Balapan utama MotoGP Jepang berlangsung di Sirkuit Motegi, Minggu (4/10/2026). Marc Marquez finis pertama setelah menyelesaikan 24 lap usai mengungguli Jorge Martin yang finis kedua. Marco Bezzecchi melengkapi podium setelah finis ketiga. Hasil ini membuat persaingan perebutan gelar MotoGP 2026 semakin ketat. Sebelum race utama pada hari ini, Martin memimpin klasemen dengan 313 poin, sedangkan Marc berada di posisi kedua dengan 306 poin. Berkat kemenangan teranyar di Motegi, Marc kemudian mendapat tambahan 25 poin. Martin mengantongi 20 poin dari posisi kedua. Dengan demikian, Martin masih berada di puncak klasemen dengan 333 poin. Marc membuntuti dengan 331 poin. Klasemen MotoGP 2026 setelah race di Motegi 1. Jorge Martin - 333 poin 2. Marc Marquez - 331 poin 3. Marco Bezzecchi - 284 poin 4. Pedro Acosta - 243 poin 5. Ai Ogura - 237 poin 6. Fabio Di Giannantonio - 230 poin 7. Raul Fernandez - 216 poin 8. Francesco Bagnaia - 164 poin 9. Alex Marquez - 158 poin 10. Fermin Aldeguer - 122 poin 11. Enea Bastianini - 116 poin 12. Luca Marini - 104 poin 13. Brad Binder - 99 poin 14. Diogo Moreira - 74 poin 15. Fabio Quartararo - 66 poin 16. Franco Morbidelli - 57 poin 17. Johann Zarco - 48 poin 18. Joan Mir - 33 poin 19. Jack Miller - 28 poin 20. Alex Rins - 24 poin 21. Toprak Razgatlioglu - 18 poin 22. Maverick Viñales - 12 poin 23. Iker Lecuona - 9 poin 24. Augusto Fernandez - 6 poin 25. Pol Espargaro - 5 poin 26. Takaaki Nakagami - 3 poin"
sport,https://sport.detik.com/moto-gp/d-8691626/hasil-motogp-jepang-2026-marc-marquez-asapi-jorge-martin-menang-di-motegi,"Marc Marquez menjadi pemenang MotoGP Jepang 2026. Itu dilakukannya usai mengasapi Jorge Martin yang menempati posisi start terdepan di Sirkuit Motegi, Minggu (4/10/2026) siang WIB. MotoGP Jepang 2026 menjadi seri ke-16 musim ini. MotoGP 2026 sendiri dijadwalkan menggelar total 22 seri balapan. Jelang race utama di Motegi, Jorge Martin bertengger di puncak klasemen dan Marc Marquez membayangi di posisi kedua dengan jarak 7 poin. Jalannya Balapan MotoGP Jepang 2026 Selepas start, Jorge Martin melesat menjaga posisi terdepan. Marc Marquez terus membayangi, dengan Marco Bezzecchi kini berada di posisi ketiga. Di akhir putaran pertama, ketiga rider itu masih menguasai tiga posisi terdepan. Pedro Acosta, yang start di grid terdepan dari posisi ketiga, untuk sementara berada di peringkat kelima di belakang Alex Marquez. Masuk putaran kelima, posisi Pedro Acosta kian melorot dengan menempati tempat kedelapan. Jorge Martin masih memimpin dengan diikuti Marc Marquez dan Bezzecchi. Sepertiga race MotoGP Jepang 2026 berjalan, dari total 24 putaran, Jorge Martin memimpin 0,278 detik dari Marc Marquez yang terus membayangi dengan ketat di belakangnya. Tepat sebelum memasuki lap ke-12, Marc Marquez dengan mulus melewati Jorge Martin dari bagian dalam untuk mengambil alih posisi terdepan dalam balapan! Masuk jalannya dua per tiga balapan Marc Marquez masih memimpin di posisi terdepan, dengan keunggulan 0,8 detik dari Jorge Martin di posisi kedua. Bezzecchi berada di posisi ketiga, sekitar 1 detik di belakang Martin. Di lap ke-20, ada yellow flag yang diakibatkan crash di Turn 13 dan 14. Alex Marquez menjadi salah satu rider yang terlibat insiden tersebut. Di depan, Marc Marquez masih memimpin dari Martin. Sedangkan dikit di belakangnya, ada Ai Ogura yang terlihat menyalip Acosta untuk menempati posisi keenam. Dan pada akhirnya Marc Marquez berhasil merebut kemenangan MotoGP Jepang 2026 di Motegi. Jorge Martin di posisi kedua dan Bezzecchi melengkapi podium di peringkat ketiga, usai mendapatkan perlawanan sengit dari Enea Bastianini jelang garis finis. Hasil MotoGP Jepang 2026 | Pos | Rider | Tim | Waktu/Jarak | | 1 | Marc Marquez | Ducati Lenovo (GP26) | 24 laps | | 2 | Jorge Martin | Aprilia Racing (RS-GP26) | +1.363s | | 3 | Marco Bezzecchi | Aprilia Racing (RS-GP26) | +2.252s | | 4 | Enea Bastianini | Red Bull KTM Tech3 (RC16) | +2.33s | | 5 | Raul Fernandez | Trackhouse Aprilia (RS-GP26) | +14.815s | | 6 | Ai Ogura | Trackhouse Aprilia (RS-GP26) | +15.21s | | 7 | Pedro Acosta | Red Bull KTM (RC16) | +16.928s | | 8 | Francesco Bagnaia | Ducati Lenovo (GP26) | +20.333s | | 9 | Fermin Aldeguer | BK8 Gresini Ducati (GP25) | +23.545s | | 10 | Luca Marini | Honda HRC Castrol (RC213V) | +25.677s | | 11 | Brad Binder | Red Bull KTM (RC16) | +25.853s | | 12 | Fabio Quartararo | Monster Yamaha (YZR-M1) | +30.867s | | 13 | Somkiat Chantra | Honda HRC Castrol (RC213V) | +31.333s | | 14 | Maverick Viñales | Red Bull KTM Tech3 (RC16) | +33.995s | | 15 | Franco Morbidelli | Pertamina VR46 Ducati (GP25) | +34.59s | | 16 | Alex Rins | Monster Yamaha (YZR-M1) | +39.228s | | 17 | Toprak Razgatlioglu | Pramac Yamaha (YZR-M1) | +39.562s | | 18 | Fabio Di Giannantonio | Pertamina VR46 Ducati (GP26) | +50.816s | | 19 | Jack Miller | Pramac Yamaha (YZR-M1) | +71.127s | | | Johann Zarco | Castrol Honda LCR (RC213V) | | | | Alex Marquez | BK8 Gresini Ducati (GP26) | | | | Diogo Moreira | Pro Honda LCR (RC213V) | | (krs/krs)"
sport,https://sport.detik.com/moto-gp/d-8691494/klasemen-moto3-usai-gp-jepang-veda-ega-dan-hakim-danish-makin-sengit,"Moto3 Jepang 2026 baru tuntas, David Almansa keluar jadi pemenangnya. Berikut update klasemen rider, Veda Ega Pratama dan Hakim Danish sengit di 10 besar. Almansa tak terbendung di Sirkuit Motegi, Jepang, Minggu (4/10/2026). Start dari posisi terdepan, rider Liqui Moly Dynavolt Intact GP itu bisa finis pertama dengan catatan waktu 32. 45.544 detik. Ia mengungguli Maximo Quilles, yang harus puas di tempat kedua. Rider CFMoto GAviota Aspar itu terpaut 0.046 detik dari sang rival, usai gagal mengalahkannya jelang finis. Di posisi tiga ada Alvaro Carpe, yang tertinggal 2.738 detik. Sementara Uriarte yang sempat kena long lap double penalty, finis di peringkat empat. Rico Salmela kemudian mengunci lima besar. Sementara Veda Ega Pratama bisa finis ke-11, dari start di posisi 16 di Moto3 Jepang 2026. Ia mengungguli rider Malaysia, Hakim Danish, yang selesai di bawahnya. Hasil ini membuat Quilles masih memimpin klasemen rider Moto3 dengan 326 poin. Ia harus menunda pesta juaranya sampai di Moto3 Indonesia, sebab gagal menang di Motegi. Di posisi dua ada Almansa dengan 199 poin, diikuti Alvaro Carpe (191). Uriarte di peringkat empat dengan 187 poin, dan Marco Morelli di lima besar dengan 146 poin. Kemudian ada Valentin Perrone dengan 120 poin, serta Hakim Danish dan Veda Ega yang sama-sama mengemas 5 poin. Rider Indonesia bisa menyamai poin Hakim, usai sempat tertinggal di seri sebelumnya. Selanjutnya, Moto3 akan digelar di Sirkuit Mandalika, Lombok, pekan depan. Quiles berpeluang mengunci titel juaranya, sementara Veda Ega berpeluang menggeser Hakim Danish di Indonesia. Klasemen Moto3 2026 Usai GP Jepang 1. Maximo Quiles 326 2. David Almansa 199 3. Alvaro Carpe 191 4. Brian Uriarte 187 5. Marco Morelli 146 6. Valentin Perrone 120 7. Hakim Danish 105 8. Veda Ega Pratama 105 9. Matteo Bertelle 96 10. Rico Salmela 81 11. Adrian Cruces 79 12. Guido Pini 70 13. Casey O'gorman 70 14. Joel Kelso 67 15. Joel Esteban 66 16. Eddie O'Shea 65 17. Adrian Fernandez 62 18. David Munoz 61 19. Jesus Rios 49 20. Ryusei Yamanaka 39 21. Scott Ogden 30 22. David Gonzalez 7 23. Marcos Uriarte 6 24. Cormac Buchanan 5 25. Leo Rammerstorfer 4 26. Zen Mitani 2 27. Ruche Moodley1 28. Kiattisak Singhapong 1 29. Nicola Carraro 0 30. Ryota Ogiwara 0 31. Leonardo Abruzzo 0 32. Eduardo Gutierrez 0 (yna/krs)"
sport,https://sport.detik.com/moto-gp/d-8691409/live-reaction-motogp-jepang-2026-saksikan-drace-talks-di-detiksport,"detikSport kembali menghadirkan Live Reaction MotoGP dalam d'Race Talks untuk menemani para pencinta balap motor menyaksikan keseruan race utama Motegi. Jalannya balapan akan dibahas secara langsung, mulai dari persaingan di lintasan, momen-momen penting, hingga hasil akhir race. Sebelumnya, Marc Marquez berhasil meraih kemenangan dalam sprint race MotoGP Jepang. Sedangkan Jorge Martin, pesaing beratnya saat ini, berhasil meraih pole position. Hasil itu membuat Marc Marquez mendekati Martin di klasemen MotoGP 2026 untuk sementara. Martin mengoleksi 313 poin sedangkan Marquez membayangi di posisi kedua dengan 306 poin. Cuma beda 7 angka! Jangan Lewatkan d'Race Talks MotoGP Inggris! detikSport akan menghadirkan Live Reaction d'Race Talks MotoGP Jepang 2026 mulai pukul 11.45 WIB, atau 15 menit sebelum balapan utama dimulai pada pukul 20.00 WIB. Live reaction ini akan membahas berbagai hal menarik sepanjang race, mulai dari duel Jorge Martin dan para pesaingnya, khususnya Marc Marquez, persaingan klasemen MotoGP 2026, hingga analisis jalannya balapan utama di Motegi. Jangan lewatkan keseruannya. Saksikan Live Reaction MotoGP Jepang 2026 hanya di detikSport! (dspo/krs)"
sport,https://sport.detik.com/moto-gp/d-8691462/hasil-moto3-jepang-2026-almansa-juara-veda-ega-asapi-hakim-danish,"David Almansa keluar jadi juara Moto3 Jepang 2026. Sementara Veda Ega Pratama finis ke-11, mengasapi Hakim Danish yang menuntaskan race di posisi 12. Di Sirkuit Motegi, Jepang, Minggu (4/10/2026), balapan berjalan ketat sejak awal. David Almansa, selaku pole seater, langsung tancap gas selepas start. Rider Liqui Moly Dynavolt Intact GP itu bisa menjaga posisi terdepan, dibuntuti David Munoz, yang melesat di tikungan pertama. Brian Uriarte sempat melesat ke posisi pertama sejak lap ketiga. Namun, rider Red Bull KTM Ajo itu kena long lap penalty, usai timnya masih mengerjakan motornya di grid 3 menit sebelum balapan berjalan. Sementara Veda Ega tampak kesulitan di race ini. Rider Indonesia itu masih tertahan di luar 10 besar, sejak start dari posisi 18 di Moto3 Jepang 2026. Veda Ega cuma mentok menembus posisi 9 di balapan, namun kemudian melorot lagi ke peringkat 14. Ia bahkan disalip Hakim Danish pada lap ke-12. Veda Ega bisa menyalip Hakim lagi empat lap sebelum race tuntas. Rider Honda Team Asia itu mengasapi pebalap Malaysia di trek, dan naik ke posisi 13. Hingga race tuntas, Almansa bisa tetap memimpin di depan. Diikuti Maximo Quiles dan Alvaro Carpe. Di posisi empat Uriarte, dan Rico Salmela akhirnya cuma finis keempat. Matteo Bertelle finis ke6, Munoz, Ryusei Yamanaka, Joel Esteban, dan Adrian Cruces menutup 10 besar. Sementara 'serangan' Veda Ega jelang finis membuatnya selesai di posisi 11. Ia akhirnya bisa mengasapi Hakim Danish, yang cuma bisa finis di bawahnya yakni posisi 12. Hasil Lengkap Moto3 Jepang 2026 1. David Almansa 2. Maximo Quiles 3. Alvaro Carpe 4. Brian Uriarte 5. Rico Salmela 6. Matteo Bertelle 7. David Munoz 8. Ryusei Yamanaka 9. Joel Esteban 10. Adrian Cruces 11. Veda Ega Pratama 12. Hakim Danish Ramli 13. Adrian Fernandez 14. Valentin Perrone 15. Casey O'gorman 16. Ryota Ogiwara 17. Joel Kelso 18. Marco Morelli 19. Jesus Rios 20. Scott Ogden 21. Zen Mitani 22. Ruche Moodley (yna/krs)"
sport,https://sport.detik.com/moto-gp/d-8691408/jadwal-race-motogp-jepang-siang-ini-simak-juga-starting-grid-nya,"Race utama MotoGP Jepang 2026 digelar siang ini. Jorge Martin akan memulai balapan dari posisi terdepan setelah merebut pole position di Sirkuit Motegi. Martin ditemani Marc Marquez dan Pedro Acosta di baris terdepan. Sementara itu, Francesco Bagnaia harus memulai balapan dari posisi ke-13. Sebelum race utama MotoGP, ada dua balapan kelas lainnya yang bisa disaksikan lebih dulu. Berikut jadwalnya. Jadwal Race MotoGP Jepang 2026, Minggu 4 Oktober - Moto3: 09.00 WIB - Moto2: 10.15 WIB - MotoGP: 12.00 WIB Sejauh ini tidak ada penalti untuk starting grid race utama MotoGP Jepang 2026. Tapi Alex Marquez harus menjalani double long lap penalty setelah dinilai menyebabkan Acosta dan Di Giannantonio terjatuh pada lap pembuka Sprint Race. Starting Grid MotoGP Jepang 2026 Row 1: Jorge Martin (pole), Marc Marquez, Pedro Acosta Row 2: Marco Bezzecchi, Alex Marquez, Fabio Di Giannantonio Row 3: Enea Bastianini, Raul Fernandez, Diogo Moreira Row 4: Johann Zarco, Ai Ogura, Fabio Quartararo Row 5: Francesco Bagnaia, Franco Morbidelli, Somkiat Chantra Row 6: Luca Marini, Brad Binder, Fermin Aldeguer Row 7: Maverick Viñales, Jack Miller, Alex Rins Row 8: Toprak Razgatlioglu."
sport,https://sport.detik.com/sport-lain/d-8691309/kejurda-catur-2026-diharapkan-lahirkan-pecatur-pecatur-masa-depan-ri,"Persatuan Catur Seluruh Indonesia (Percasi) DKI Jakarta menggelar Kejuaraan Daerah (Kejurda) Piala Gubernur DKI Jakarta 2026. Kejurda ini diharapkan bisa menelurkan pecatur-pecatur muda harapan bangsa. Kejurdan itu digelar di The Tavia Heritage Hotel, Jakarta, Sabtu (3/10) hingga Minggu (4/10/2026). Pembukaan Kejurda Catur Piala Gubernur DKI Jakarta 2026, berlangsung meriah dengan kehadiran Women Grandmaster (WGM) terbaru Indonesia sekaligus atlet catur DKI Jakarta Laysa Latifah. Laysa meraih gelar WGM pada Olimpiade Catur 2026 yang berlangsung bulan lalu di Uzbekistan. Ketua Percasi DKI Jakarta, Hardiyanto Kenneth, menghadirkan Laysa di Kejurda dengan harapan dapat memotivasi para atlet muda agar bisa menyusul meraih gelar Grandmaster. Pada kesempatan tersebut, Kenneth juga menyerahkan apresiasi kepada Laysa atas kesuksesannya meraih titel WGM (Woman Grandmaster). Mahasiswa Universitas Negeri Jakarta itu mendapat bonus Rp 50 juta. ""Saya sangat berbahagia satu atlet dari DKI Jakarta baru saja mengikuti Olimpiade Catur di Uzbekistan, dan langsung meraih gelar Woman Grandmaster (WGM). Saya ingin pamerkan ke seluruh peserta Kejurda ini supaya bisa menjadi motivasi ke depannya dan Saya akan berikan hadiah pembinaan Rp50 juta,"" ujar Kenneth dalam keterangannya, Sabtu (3/10/2026). Kenneth berharap bonus tersebut dapat memotivasi para atlet catur Jakarta lainnya untuk meraih gelar GM secepatnya. ""Saya pernah berjanji kepada Pak Gubernur Pramono Anung saat pelantikan pengurus Percasi DKI Jakarta lalu, untuk bisa melahirkan 4 titel GM (Grandmaster) dari Jakarta. Sekarang sudah tercapai satu, semoga yang lain bisa termotivasi untuk menyusul Laysa,"" papar Anggota DPRD DKI Jakarta dari Fraksi PDI Perjuangan itu. Kejurda tahun ini sendiri diikuti total 420 pecatur dari anak-anak hingga dewasa dengan total hadiah Rp 100 juta. Percasi DKI menggelar Kejurda ini untuk menyeleksi atlet yang akan mewakili DKI di Kejurnas Catur ke-51 2026 yang akan berlangsung di Banten 23-29 Oktober 2026. ""Tentunya ajang Kejurda ini merupakan agenda kejuaraan rutin. Arah ke depannya memang untuk menuju Kejurnas Catur yang akan berlangsung pada akhir bulan ini. Pemenangnya akan mendapat tiket untuk mengikuti Kejurnas Catur 2026 yang akan berlangsung di Banten nanti. Tapi harapan saya atlet yang lolos seleksi nanti harus yang memiliki KTP DKI Jakarta atau yang berdomisili di Jakarta,"" papar Kent. ""Semoga dari Kejurda ini kita bisa menemukan calon-calon juara yang kelak bisa mengharumkan nama DKI Jakarta di Kejurnas dan bahkan membawa nama Jakarta ke panggung lebih tinggi lagi,"" papar Kenneth. DKI Jakarta merupakan juara bertahan di Kejurnas Catur. Di Mamuju tahun lalu, DKI meraih enam emas, dua perak, dan enam perunggu. Pembukaan Kejurda Piala Gubernur DKI Jakarta 2026 ini dihadiri oleh Kepala Dinas Pemuda dan Olahraga (Dispora) Provinsi DKI Jakarta, Andri Yansyah. Andri berharap bisa lahir GM baru menyusul Laysa dari Kejurda ini. ""Insyaallah lewat ajang ini nantinya akan lahir pecatur-pecatur andal yang bisa meraih predikat GM seperti Laysa karena memang latihan yang terbaik adalah banyaknya pertandingan yang digelar. Semakin banyak pertandingan digelar semakin terbuka peluang untuk mendapatkan atlet berprestasi. Dengan kepemimpinan Pak Kenneth, insyaallah catur DKI akan bersinar,"" kata Andri. Sementara itu, Laysa berterima kasih atas kepedulian Percasi DKI Jakarta. Laysa mengaku tak menyangka akan mendapatkan bonus tambahan karena selama ini sudah mendapat banyak dukungan dalam perjuangannya meraih titel WGM. ""Saya sangat berterima kasih ke Pak Kenneth karena mungkin ini pertama kalinya saya mendapatkan bonus ini dan juga sudah banyak banget support-support yang telah diberikan beliau ketika saya keluar negeri, baik secara finansial ataupun support mental. Saya bersyukur punya pemimpin seperti Pak Kenneth,"" ucap Laysa. (mrp/ran)"
sport,https://sport.detik.com/sport-lain/d-8691322/kejuaraan-tinju-amatir-rakyard-rumble-diikuti-60-petarung,"Kejuaraan Tinju Amatir Rakyard Rumble Piala Panglima TNI 2026 bergulir di Bengkel Cafe SCBD Jakarta, Minggu (4/10/2026). Puluhan peserta melakukan timbangan berat badan di Gedung FX Senayan, Jakarta, Sabtu (3/10/2026). Ajang yang dipromotori Mario Tito Tampubolon bekerja sama dengan Tentara Nasional Indonesia Angkatan Darat (TNI AD) dan Pengurus Provinsi Persatuan Tinju Amatir Indonesia (Pengprov PERBATI) DKI Jakarta tersebut menjadi bagian dari rangkaian peringatan HUT ke-81 TNI. Sebanyak 60 petinju ambil bagian dalam kejuaraan ini. Rinciannya, 50 petinju berstatus mahasiswa dan 10 lainnya merupakan prajurit TNI. Mereka akan memperebutkan total hadiah pembinaan sebesar Rp 100 juta. Panitia juga menyiapkan hadiah Rp10 juta untuk petinju terbaik, serta masing-masing Rp5 juta bagi Petinju Harapan dan Petinju Favorit. ""Saya mengucapkan terima kasih kepada Bapak Panglima TNI Jenderal TNI Agus Subiyanto yang telah memberikan kepercayaan. Begitu juga dengan PERBATI DKI Jakarta yang telah mendukung untuk menyukseskan Rakyard Rumble Piala Panglima TNI 2026,"" ujar Mario Tito Tampubolon seusai acara timbang badan. Selain Piala Panglima TNI, panitia menyediakan dua sabuk khusus. Sabuk Panglima TNI diperuntukkan bagi petinju yang berstatus prajurit TNI, sedangkan Sabuk Rakyard Rumble diperebutkan petinju dari kalangan mahasiswa. Mario menjelaskan, Rakyard Rumble Piala Panglima TNI 2026 memiliki dua misi utama. Pertama, memberikan ruang bagi mahasiswa yang memiliki minat untuk meniti karier di dunia tinju sekaligus membuka peluang bagi mereka untuk tampil mewakili Indonesia di ajang internasional. Kedua, kejuaraan ini menjadi sarana untuk mengedukasi pelajar dan mahasiswa mengenai berbagai fasilitas yang dapat diperoleh atlet berprestasi dari pemerintah. ""Fasilitas bagi atlet berprestasi itu cukup banyak untuk kalangan pelajar dan mahasiswa. Dari mulai beasiswa, menjadi ASN, prajurit TNI, dan juga anggota Polri,"" kata Mario. Karena itu, Mario menekankan pentingnya atlet tetap menempuh pendidikan di tengah kesibukan menjalani karier olahraga. Menurutnya, prestasi di bidang olahraga perlu berjalan beriringan dengan pendidikan agar atlet memiliki bekal untuk masa depan. ""Makanya, atlet itu harus menekuni pendidikan sehingga ke depan bisa menjadi SDM unggul bukan hanya di olahraga tetapi dalam karier pendidikannya,"" ujarnya. Mario sendiri tercatat sebagai mahasiswa Universitas Indonesia (UI) dan Universitas Queensland di Australia. Melalui Rakyard Rumble Piala Panglima TNI 2026, ia berharap semakin banyak generasi muda yang melihat tinju bukan hanya sebagai arena meraih prestasi, tetapi juga sebagai bagian dari proses membangun masa depan melalui perpaduan olahraga dan pendidikan. (ran/yna)"
sport,https://sport.detik.com/sport-lain/d-8691304/kejurnas-boling-menpora-cup-ajang-mengukur-prestasi-atlet-boling-dki,"Kejuaraan Nasional Boling Menpora Cup 2026 baru saja dibuka. Ini jadi ajang bagi atlet boling DKI mengukur prestasi jelang SEA Games 2027. Kejurnas resmi dibuka, Sabtu (3/10) di Jaya Ancol Bowling Center, Jakarta dan berakhir 11 Oktober. Kejuaraan ini diikuti delapan provinsi yang mempertandingkan nomor Junior U-23 Putra, Junior U-23 Putri, Double Perkumpulan/Provinsi, Master Graded Pria, Master Graded Wanita, serta Master Open Mixed dengan total hadiah Rp 70 juta. Sesmenpora Suyadi Pawiro membuka secara resmi kejurnas itu. Acara pembukaan juga dihadiri Ketua Umum Persatuan Boling Indonesia (PBI), Agus Muhammad Bahron. Ketua Umum KONI DKI Jakarta, Hidayat Humaid, serta Ketua PBI DKI Jakarta, Roland Waworuntu. Dalam kesempatan itu, Suyadi berharap agar di Kejuaraan ini lahir para peboling andal Indonesia yang kelak berprestasi di berbagai kejuaraan single maupun multi event international. ""Kami mendukung program pembinaan PBI dalam upaya mencari bibit-bibit peboling andal melalui kegiatan ini, ""kata Suyadi dalam rilis kepada detiksport. Event tahunan ini sudah masuk dalam Kalender kejuaraan PBI Provinsi DKI Jakarta dan menjadi salah satu ajang penting bagi atlet boling dari berbagai daerah untuk menguji kemampuan dan prestasi mereka dalam kompetisi tingkat nasional. Hidayat Humadi selaku Ketua KONI DKI berharap agar even ini menjadi bahan evaluasi bagi para pelatih boling DKI agar para atlet bisa bersaing dengan atlet daerah lainnya, terutama menghadapi Pra-PON 2028 yang akan digelar tahun depan di Jakarta. ""Digelarnya kejuaraan ini merupakan salah satu rangkaian pembinaan. Harus ada event-event untuk mengukur dan mengevaluasi terutama atlet-atlet yang tergabung di Pelatda DKI Jakarta,"" ungkap Hidayat Sementara itu, Roland mengatakan bahwa penyelenggaraan kejuaraan secara rutin merupakan bagian dari komitmen PBI DKI untuk menjaga kesinambungan kompetisi dan pembinaan bagi para atlet boling, khususnya atlet DKI. Ini jadi persiapan menghadapi SEA Games 2027 di Malaysia agar atlet DKI bisa berkontribusi untuk Tim Boling Indonesia. ""Selain mengejar prestasi, kejuaraan ini diharapkan dapat memberikan pengalaman berharga bagi atlet-atlet muda, khususnya peserta kategori Junior U-23 dalam menghadapi persaingan dengan atlet dari berbagai daerah,"" paparnya. PBI DKI berharap penyelenggaraan kejuaraan ini dapat terus memberikan kontribusi terhadap perkembangan olahraga boling nasional dan mendorong semakin banyak atlet potensial untuk berkembang hingga level internasional. (mrp/ran)"
sport,https://sport.detik.com/sport-lain/d-8691298/usai-dilantik-pdbi-dki-jakarta-bidik-juara-umum-pon-2028,"Noviati Fitri, S.E., resmi dilantik sebagai Ketua Umum Pengurus Provinsi Persatuan Drum Band Indonesia (Pengprov PDBI) DKI Jakarta periode 2026-2030. Pelantikan berlangsung di Gedung KONI DKI Jakarta, Kamis, 1 Oktober 2026. Noviati Fitri yang akrab disapa Novi sebelumnya menjabat sebagai Wakil Ketua Pengprov PDBI DKI Jakarta. Kini, ia dipercaya memimpin organisasi olahraga tersebut untuk periode empat tahun ke depan. Pelantikan turut dihadiri Ketua Umum PB PDBI Letjen TNI Robi Herbawan, S.E., Kadispora DKI Jakarta Drs. Andri Yansah, M.H., jajaran KONI DKI Jakarta, Ketua Harian PB PDBI Brigjen TNI Panca Iswandaru, S.E., perwakilan Dinas Pendidikan DKI Jakarta, para atlet dan pelatih cabang olahraga drum band, serta sejumlah ketua cabang olahraga di DKI Jakarta. Dalam sambutannya, Novi menyampaikan terima kasih atas kepercayaan yang diberikan kepadanya untuk memimpin PDBI DKI Jakarta. Menurutnya, amanah tersebut bukan sekadar kehormatan, melainkan tanggung jawab besar yang harus diwujudkan melalui kerja nyata, kebersamaan, dan prestasi. ""Bagi saya, amanah ini bukan hanya sebuah kehormatan. Lebih dari itu, amanah ini adalah tanggung jawab besar yang harus kami jaga dan kami buktikan melalui kerja nyata, kebersamaan, dan prestasi,"" ujar Novi. Novi juga memberikan apresiasi kepada kepengurusan PDBI DKI Jakarta periode sebelumnya yang dinilai telah memberikan fondasi penting bagi perkembangan olahraga drum band di Ibu Kota. Ia menyoroti capaian DKI Jakarta pada PON sebelumnya yang berhasil meraih dua medali emas dan tiga medali perak. Prestasi tersebut, kata Novi, akan menjadi motivasi bagi kepengurusan baru untuk mempertahankan sekaligus meningkatkan pencapaian tersebut. ""Prestasi itu bukan sekadar untuk dikenang. Prestasi itu adalah warisan semangat. Prestasi itu adalah standar yang harus kami jaga, sekaligus menjadi pacuan dan motivasi bagi kepengurusan periode ini untuk melangkah lebih jauh dan meraih hasil yang lebih baik lagi,"" katanya. Menurut Novi, tantangan ke depan semakin besar karena DKI Jakarta mendapatkan kehormatan sekaligus tanggung jawab sebagai tuan rumah penyelenggaraan cabang olahraga drum band pada PON XXII 2028. Karena itu, PDBI DKI Jakarta menargetkan keberhasilan bukan hanya dari sisi penyelenggaraan, tetapi juga prestasi. Novi menegaskan pembinaan atlet akan menjadi salah satu fokus utama kepengurusan 2026-2030. ""Kita ingin menunjukkan bahwa DKI Jakarta tidak hanya mampu menjadi tuan rumah yang baik, tetapi juga mampu menghadirkan atlet-atlet terbaik yang berjuang dengan disiplin, sportivitas, dan semangat juang untuk memberikan prestasi terbaik bagi Jakarta,"" tuturnya. Novi menargetkan PDBI DKI Jakarta mampu meraih prestasi maksimal hingga menjadi juara umum cabang olahraga drum band pada PON 2028. Untuk mencapai target tersebut, ia menilai diperlukan persiapan yang matang, mulai dari penguatan pembinaan atlet, peningkatan kualitas pelatih dan juri, penguatan organisasi, hingga koordinasi dengan PB PDBI, KONI DKI Jakarta, pemerintah daerah, serta para pemangku kepentingan lainnya. ""Target kita adalah sukses penyelenggaraan, sukses prestasi, dan sukses membawa nama baik DKI Jakarta,"" tegas Novi. Ia juga mengajak seluruh pengurus yang baru dilantik untuk bekerja secara bersama-sama dan mengedepankan soliditas organisasi. ""Kita satukan langkah, satukan hati, dan satukan tujuan. Ketika ada kekurangan, mari kita perbaiki bersama. Ketika ada tantangan, mari kita hadapi bersama,"" ucapnya. Kepada para atlet, Novi berpesan agar terus menjaga semangat latihan dan tidak mudah menyerah. Ia menyebut atlet merupakan ujung tombak sekaligus kebanggaan PDBI DKI Jakarta. Sementara kepada para pelatih, juri, pengurus, senior, serta pengurus terdahulu, Novi menyampaikan apresiasi atas kontribusi dan pengabdian yang telah diberikan selama ini. ""Dan kepada para senior serta pengurus terdahulu, kami masih sangat membutuhkan arahan, pengalaman, dan nasihat Bapak dan Ibu. Apa yang telah dibangun dengan baik akan kami jaga, dan apa yang masih dapat ditingkatkan akan kami lanjutkan bersama-sama,"" katanya. Novi menegaskan pelantikan tersebut menjadi awal perjalanan baru bagi PDBI DKI Jakarta. Ia berharap seluruh keluarga besar PDBI dapat menjaga persatuan dan bersama-sama membangun prestasi olahraga drum band di Ibu Kota. ""Dari prestasi yang telah diwariskan, kita lanjutkan perjuangan. Dari kebersamaan, kita bangun kekuatan. Dan dari kerja keras, Insya Allah kita hadirkan prestasi yang lebih membanggakan,"" pungkasnya. Dengan kepengurusan baru periode 2026-2030, PDBI DKI Jakarta menjadikan PON 2028 sebagai momentum penting untuk membuktikan kemampuan, baik sebagai tuan rumah maupun sebagai kontingen yang memburu prestasi tertinggi. (ran/yna)"
sport,https://sport.detik.com/sportstyle/d-8691297/pentingnya-pilates-bagi-para-pelaku-olahraga,"Pilates kerap dianggap olahraga kaum menengah ke atas. Tapi, pilates justru penting bagi para atlet dan juga pelaku olahraga. Pilates semakin mudah ditemukan dalam percakapan seputar olahraga dan gaya hidup sehat. Namun dibalik popularitasnya, masih banyak orang yang belum benar-benar memahami apa itu Pilates. Ada yang menganggapnya sebagai olahraga peregangan, bagian dari rehabilitasi, atau latihan dengan intensitas yang relatif ringan. Ada pula yang masih bertanya-tanya melihat Reformer, alat dengan carriage, pegas, dan straps yang menjadi bagian penting dari pengalaman Pilates modern. Stigma itulah yang coba diubah oleh salah satu pelatih Pilates Camila Arreaga yang mengajak masyarakat mengenal pilates dari dasarnya, mulai dari fungsi Reformer, perbedaannya dengan Mat Pilates dan yoga, hingga alasan metode berusia lebih dari satu abad ini tetap relevan hingga sekarang. ""Pilates bukan hanya soal stretching atau melatih core. Ini adalah metode latihan yang mengajarkan tubuh untuk bergerak dengan kontrol dan tujuan, bukan sekadar mengandalkan momentum,"" jelas Camila yang merupakan Head Coach VAURA Pilates Menteng. ""Dalam setiap gerakan, kita belajar menghubungkan napas, posisi tubuh, dan tenaga secara bersamaan. Jadi yang dilatih bukan hanya satu otot, tetapi bagaimana tubuh bekerja sebagai satu kesatuan,"" sambungnya. Pilates sendiri dikembangkan oleh Joseph Pilates lebih dari satu abad lalu melalui metode yang ia sebut Contrology. Sejak awal, prinsipnya berpusat pada kontrol, presisi, napas, dan hubungan antara pikiran dengan tubuh. Peralatan berbasis pegas yang berkembang dalam perjalanan metode tersebut kemudian menjadi dasar bagi berbagai apparatus Pilates yang dikenal saat ini, termasuk Reformer. Hingga kini, fondasi itu tetap menjadi bagian penting dari Pilates modern. Meski terlihat cukup kompleks bagi first-timer, fungsi Reformer sebenarnya sederhana: membantu tubuh bergerak dengan lebih terarah. Pegas pada Reformer dapat memberikan bantuan sekaligus resistensi, tergantung pada gerakan, posisi tubuh, dan arah geraknya. | Head Coach VAURA Pilates Menteng Camila Arreaga, (Foto: Istimewa) | ""Dalam satu latihan, pegas bisa membantu menopang tubuh sehingga kita dapat lebih fokus pada kualitas gerakan. Di latihan lain, tegangan yang sama justru menjadi resistensi yang harus kita kontrol,"" jelas Camila. Karena carriage terus bergerak, tubuh juga harus mengontrol gerakan saat mendorong maupun saat kembali ke posisi awal. Inilah yang membuat Reformer Pilates sering terlihat lebih ringan dari kenyataannya. ""Orang melihat gerakannya yang perlahan dan terkontrol lalu mengira mudah. Padahal justru karena gerakannya lambat dan penuh kontrol, latihannya terasa menantang. Kita tidak bisa bersembunyi di balik momentum,"" ujarCamila. | Baca juga: Karena Gaya Hidup Sehat Bukan Cuma Olahraga | Bukan Pengganti Olahraga Lain Bagi Camila, Pilates tidak harus menggantikan olahraga yang sudah disukai seseorang. Justru sebaliknya, Pilates dapat menjadi pelengkap bagi pelari, weightlifter, golfer, pemain olahraga raket, penari, maupun mereka yang rutin berlatih di gym. Pelari, misalnya, terbiasa bergerak dominan ke arah depan dan dapat menemukan tantangan baru ketika Pilates memperkenalkan gerakan rotasi dan lateral. Mereka yang terbiasa mengangkat beban juga sering terkejut ketika diminta bergerak secara presisi tanpa mengandalkan beban berat. Sementara olahraga seperti golf dan racket sports memiliki pola rotasi berulang yang dapat dilengkapi dengan latihan kontrol dan keseimbangan tubuh. ""Pilates memang punya peran dalam rehabilitasi, dan tentu ada unsur stretching di dalamnya. Tetapi kalau Pilates hanya dipahami sebatas itu, kita kehilangan gambaran besarnya. Ini adalah metode latihan yang juga membutuhkan strength, coordination, dan control,"" papar Camila. Bukan Sekadar Tren atau 'Hot Girl Workout' Popularitas Pilates di media sosial turut melahirkan anggapan bahwa olahraga ini hanya cocok untuk kelompok tertentu. Bagi Camila, persepsi tersebut lebih banyak lahir dari bagaimana Pilates terlihat dari luar dibandingkan apa yang sebenarnya terjadi selama latihan. ""Saya justru lebih suka kalau seseorang datang dengan menganggap Pilates akan mudah, lalu keluar dari kelas dengan rasa terkejut, daripada mereka merasa Pilates bukan untuk mereka dan akhirnya tidak pernah mencoba,"" ujarnya. Pilates dapat diterapkan pada berbagai usia dan latar belakang kebugaran. Bagi peserta yang lebih muda, fokusnya mungkin pada performa dan kekuatan. Bagi kelompok usia yang lebih matang, manfaat latihan dapat bergeser pada kemampuan menjaga keseimbangan, kontrol sendi, dan kemandirian dalam bergerak. Dengan pendampingan yang tepat, remaja pun dapat mulai mengenal body awareness, alignment, napas, dan kontrol sejak dini. Pada akhirnya, Camila berharap semakin banyak orang melihat Pilates bukan berdasarkan stereotipnya, melainkan dari apa yang benar-benar dirasakan tubuh ketika mencobanya. ""Saya ingin orang memahami bahwa Pilates itu benar-benar menantang, cerdas, dan bisa menjadi milik siapa saja, apapun bentuk tubuh atau latar belakang kebugarannya. Setelah satu kelas, saya ingin mereka pulang dengan pemahaman baru tentang apa arti core strength dan control yang sebenarnya,"" demikian dia. (mrp/ran)"
sport,https://sport.detik.com/sport-lain/d-8691281/motivasi-atlet-muda-ketum-percasi-dki-kenneth-hadirkan-wgm-laysa-latifah-di-kejurda-catur-2026,"Persatuan Catur Seluruh Indonesia (Percasi) DKI Jakarta menggelar Kejuaraan Daerah (Kejurda) Piala Gubernur DKI Jakarta 2026 di The Tavia Heritage Hotel, Jakarta, pada Sabtu (3/10) hingga Minggu (4/10/2026). Pembukaan Kejurda Catur Piala Gubernur DKI Jakarta 2026, berlangsung meriah dengan kehadiran Women Grandmaster (WGM) terbaru Indonesia sekaligus atlet catur DKI Jakarta, Laysa Latifah. Diketahui, Laysa meraih gelar WGM pada Olimpiade Catur 2026 yang berlangsung bulan lalu di Uzbekistan. Ketua Percasi DKI Jakarta, Hardiyanto Kenneth menghadirkan Laysa di Kejurda dengan harapan dapat memotivasi para atlet muda agar bisa menyusul meraih gelar Grandmaster. Pada kesempatan tersebut, Kenneth juga menyerahkan apresiasi kepada Laysa atas kesuksesannya meraih titel WGM (Woman Grandmaster). Mahasiswa UNJ itu diganjar bonus uang pembinaan sebesar Rp50 juta. ""Saya sangat berbahagia satu atlet dari DKI Jakarta baru saja mengikuti Olimpiade Catur di Uzbekistan, dan langsung meraih gelar Woman Grandmaster (WGM). Saya ingin pamerkan ke seluruh peserta Kejurda ini supaya bisa menjadi motivasi ke depannya dan Saya akan berikan hadiah pembinaan Rp50 juta,"" ujar Kenneth dalam keterangannya, Sabtu (3/10/2026). | Ketua Umum Percasi (Persatuan Catur Seluruh Indonesia) Hardiyanto Kenneth Sedang Mengenalkan Kepada Awak Media Atlit Catur DKI Jakarta Laysa Latifah Yang Baru Saja Meraih Gelar Woman Grand Master (WGM). Foto. Dok: Percasi DKI Jakarta. | Pria yang akrab disapa Bang Kent itu berharap bonus tersebut dapat memotivasi para atlet catur Jakarta lainnya untuk meraih gelar GM secepatnya. ""Saya pernah berjanji kepada Pak Gubernur Pramono Anung saat pelantikan pengurus Percasi DKI Jakarta lalu, untuk bisa melahirkan 4 titel GM (Grandmaster) dari Jakarta. Sekarang sudah tercapai satu, semoga yang lain bisa termotivasi untuk menyusul Laysa,"" papar pria yang juga merupakan Anggota DPRD DKI Jakarta dari Fraksi PDI Perjuangan itu. Perlu diketahui, Kejurda Piala Gubernur DKI Jakarta 2026 sendiri diikuti total 420 pecatur dari anak-anak hingga dewasa. Ajang ini menyediakan total hadiah Rp100 juta. Percasi DKI menggelar Kejurda ini untuk menyeleksi atlet yang akan mewakili DKI Jakarta ke Kejurnas Catur ke-51 Tahun 2026 yang akan berlangsung di Banten pada 23-29 Oktober 2026. ""Tentunya ajang Kejurda ini merupakan agenda kejuaraan rutin. Arah ke depannya memang untuk menuju Kejurnas Catur yang akan berlangsung pada akhir bulan ini. Pemenangnya akan mendapat tiket untuk mengikuti Kejurnas Catur 2026 yang akan berlangsung di Banten nanti. Tapi harapan saya atlet yang lolos seleksi nanti harus yang memiliki KTP DKI Jakarta atau yang berdomisili di Jakarta,"" papar Kent. ""Semoga dari Kejurda ini kita bisa menemukan calon-calon juara yang kelak bisa mengharumkan nama DKI Jakarta di Kejurnas dan bahkan membawa nama Jakarta ke panggung lebih tinggi lagi,"" pungkas Alumni PPRA LXII Lemhannas RI itu. DKI Jakarta merupakan juara bertahan di Kejurnas Catur. Pada edisi sebelumnya di Kejurnas Catur Mamuju ke-50 Tahun 2025, DKI Jakarta mampu menjadi yang terbaik dengan meraih juara umum setelah meraih enam emas, dua perak, dan enam perunggu. Pembukaan Kejurda Piala Gubernur DKI Jakarta 2026 ini dihadiri oleh Kepala Dinas Pemuda dan Olahraga (Dispora) Provinsi DKI Jakarta, Drs. H. Andri Yansyah, M.H. Dalam pesannya, Kadispora berharap bisa lahir GM baru menyusul Laysa dari Kejurda ini. Andri mengapresiasi digelarnya Kejuaraan Daerah Catur 2026 yang dilaksanakan oleh Percasi DKI Jakarta. Menurutnya, ajang tersebut dapat mengasah kemampuan para atlet catur DKI Jakarta. ""Insyaallah lewat ajang ini nantinya akan lahir pecatur-pecatur andal yang bisa meraih predikat GM seperti Laysa karena memang latihan yang terbaik adalah banyaknya pertandingan yang digelar. Semakin banyak pertandingan digelar semakin terbuka peluang untuk mendapatkan atlet berprestasi. Dengan kepemimpinan Pak Kenneth, insyaallah catur DKI akan bersinar,"" kata Andri Yansyah. | Ketua Umum Percasi (Persatuan Catur Seluruh Indonesia) Hardiyanto Kenneth Bersama Kadispora DKI Jakarta Andri Yansyah Membuka Turnamen Kejurda Catur Piala Gubernur DKI Jakarta 2026. Foto: Dok: Percasi DKI Jakarta. | Sementara itu, Laysa berterima kasih atas kepedulian Percasi DKI Jakarta. Laysa mengaku tak menyangka akan mendapatkan bonus tambahan karena selama ini sudah mendapat banyak dukungan dalam perjuangannya meraih titel WGM. ""Saya sangat berterima kasih ke Pak Kenneth karena mungkin ini pertama kalinya saya mendapatkan bonus ini dan juga sudah banyak banget support-support yang telah diberikan beliau ketika saya keluar negeri, baik secara finansial ataupun support mental. Saya bersyukur punya pemimpin seperti Pak Kenneth,"" ucap Laysa yang juga mendapat dukungan dari Dewa United selama berjuang di Olimpiade Catur di Uzbekistan lalu. (ega/anl)"
sport,https://sport.detik.com/sport-lain/d-8691159/tinju-gagal-sumbang-medali-di-asian-games-2026-perbati-buka-suara,"Pengurus Besar Tinju Amatir Indonesia (Perbati) gagal memberikan medali bagi Indonesia di Asian Games 2026. Mereka mengakui masih ada kurangnya. Hal itu disampaikan Sekretaris Jenderal Perbati Hengky Silatang, setibanya di Jakarta, pada Sabtu (3/10/2026). Ia turut mendampingi lima atlet yang berjuang di Aichi-Nagoya. Kelima petinju itu ialah Nabila Maharani 54kg, Huswatun Hasanah 65kg, Jill Mandagie 55kg, Asri Udin 60kg, dan Maikhel Muskita 80kg. Namun, dari kesemuanya capaian terbaik tinju Indonesia hanya sampai perempatfinal. Maikhel tak mampu melangkah ke babak berikutnya setelah kalah dari Minseong Kim asal Korea Selatan. Dari lima juri, Maikhel hanya satu juri yang memenangkannya. Sementara sisanya memilih Kim. ""Pasti sebagai atlet, kami saat bertanding juga, pas keputusan itu, saya yakin menang. Sebab, di ronde ketiga, saya push lawan cuma keputusan-keputusan wasit itu menilai saya kalah,"" kata Maikhel. ""Saya sangat-sangat kecewa karena latihan kan bukan satu hari saja. Butuh waktu yang harus kita korbankan, orang tua, kerja, segala macam dan memang hati sudah buat tinju."" ""Ya ke depan belajar dari kesalahan juga bersama pengurus juga, supaya kami bisa upgrade yang maksimal,"" tegas Maikhel. Sementara itu, Sekretaris Jenderal Perbati Hengky Silatang mengakui kurangnya pelatih fisik pada saat persiapan tim menuju pertandingan. ""Secara kualitas kami tidak tertinggal dengan negara-negara yang banyaknya juara-juara olimpiade. Hanya memang mesti training center berkepanjangan, dan evaluasinya paling tidak ada khusus pelatih fisik untuk menangani si atlet,"" kata Hengky. ""Kami tidak menyalahkan kesemuanya. Saya sebagai pengurus juga bertanggung jawab dan ini adalah cambuk untuk bisa berbicara. Karena targetnya paling tidak (ke depan) bisa lolos di Olimpiade, selain nanti SEA Games di Malaysia,"" ujarnya. Tak hanya itu, Hengky juga menyoroti soal faktor nonteknis yang ada pada atlet selama bertanding. ""Jadi kami harus benahi dan semua unsur-unsur, termasuk saya, semua harus tahu. Kami menyadari dan mengakui itu perlu ada pembenahan secara total agar hasilnya bisa lebih baik ke depan,"" kata Hengky. (mcy/aff)"
sport,https://sport.detik.com/sport-lain/d-8691152/drama-diinjak-lawan-saat-sofyan-bintang-gagal-raih-emas-asian-games,"Pelatih voli pantai Andy Ardiansyah mengapresiasi pencapaian atletnya Asian Games 2026. Meski sempat sedih dan sedikit kesal karena atletnya cedera. Tim voli pantai Indonesia harus puas mendapatkan medali perak dalam babak final voli pantai yang berlangsung di Hekinan Ryokuchi Beach Court, Sabtu (3/10/2026). Bintang Akbar/Sofyan Rachman menyelesaikan laga melawan Cherif Samba/Ahmed Janko dalam tiga set. Mereka kalah 1-2, dan gagal menyumbangkan medali emas bagi Tim Indonesia. ""Alhamdulillah. Untuk capaian ini kami sangat bersyukur karena sudah cukup lama kami haus medali,"" kata Andy dalam keterangan cepatnya melalui NOC Indonesia. ""Terakhir kami mendapatkan medali pada 2018 di Jakarta. Saat itu kami meraih medali perak dan perunggu. Setelah itu, di Asian Games berikutnya kami belum mendapatkan medali, dan sekarang akhirnya kami bisa kembali mendapatkannya."" ""Alhamdulillah, anak-anak bisa mempersembahkan medali ini. Insyaallah di Asian Games berikutnya masih banyak peluang yang bisa kami kejar,"" tuturnya. Meski mengapresiasi perjuangan timnya, Andy juga mengungkapkan rasa kecewa terkait insiden cedera yang menimpa anak asuhnya, apalagi kondisi itu menjadi faktor penentu dalam pertandingan di Asian Games 2026. Menurut Andy, timnya sebenarnya sudah bermain sesuai strategi yang disiapkan bersama tim pelatih, namun kejadian tak terduga mengubah jalannya pertandingan. ""Pemain kami (Bintang) mengalami cedera ankle setelah kaki pemain lawan masuk dan menginjak kakinya saat melakukan block. Ankle-nya sakit sekali sampai tidak bisa berjalan,"" ujar Andy. Cedera tersebut terjadi di awal set kedua dan sangat berpengaruh terhadap performa. Bintang tidak bisa maksimal dalam defense maupun block, terutama di set-set penentu. ""Sejak saat itu gerakan kakinya mulai terganggu. Dia tidak bisa melompat dan bergerak maksimal. Bahkan untuk bergerak sedikit saja terasa sakit,"" jelasnya. Tim sempat meminta medical time-out untuk penanganan, namun rasa sakit masih terasa. Bintang tetap memaksakan diri bermain karena peluang menang masih terbuka. Andy menegaskan cedera itu bukan karena salah tumpuan, melainkan kaki lawan yang masuk ke area Indonesia. Pihaknya ingin mengonsultasikan kejadian tersebut kepada wasit terkait regulasi. ""Bukan karena salah tumpuan. Saat dia melakukan block, pemain lawan masuk dan kakinya menginjak kaki pemain kami. Itu yang sebenarnya ingin kami konsultasikan kepada wasit,"" tegasnya. Mengenai lawan, Andy menyebut tim yang dihadapi kali ini adalah Qatar dengan materi pemain naturalisasi. ""Kalau tim kami yang sekarang, jarang bertemu Qatar. Mereka memang pemain naturalisasi, kalau tidak salah berasal dari Senegal dan Nigeria. Dalam beberapa Asian Games terakhir, Qatar memang cukup dominan,"" ungkapnya. Ke depan, tim voli pantai Indonesia akan fokus mengumpulkan poin AVC menuju Olimpiade melalui sejumlah turnamen di Turki dan agenda AVC lainnya. ""Ini memang bukan kualifikasi secara langsung, tetapi bagian dari pengumpulan poin yang nantinya berpengaruh terhadap peringkat menuju Olimpiade. Jadi harus aktif mengikuti turnamen,"" tegas Andy. Ia juga optimistis dengan regenerasi tim, di mana tim kedua yang masih berusia SMA memiliki postur tinggi dan skill bagus dan diproyeksikan bisa bersaing di level atas dalam satu sampai dua tahun ke depan. (mcy/aff)"
sport,https://sport.detik.com/sport-lain/d-8691099/indonesia-tuan-rumah-kejuaraan-dunia-sepak-takraw-2027,"Kabar Indonesia akan menjadi tuan rumah Kejuaraan Dunia Sepak Takraw 2027. Ini menjadi angin segar bagi perkembangan sepak takraw Tanah Air. Hal ini mengemuka dalam pertemuan Ketua Umum Komite Olimpiade Indonesia (NOC Indonesia) Raja Sapta Oktohari dengan Presiden Asian Sepak Takraw Federation (ASTAF) Dato Abdul Halim Kader di Arena Sepak Takraw pada Sabtu (3/10/2026). Abdul Halim menyampaikan apresiasi atas dukungan Indonesia terhadap perkembangan sepak takraw, sekaligus perubahan positif yang terjadi dalam pengelolaan dan pengembangan cabang olahraga tersebut di Indonesia. Apresiasi secara khusus juga disampaikan kepada Ketua Umum PB PSTI (Pengurus Besar Persatuan Sepak Takraw Indonesia), Surianto. Abdul Halim menilai kepemimpinan Surianto telah membawa perkembangan positif bagi sepak takraw Indonesia serta memperkuat hubungan PB PSTI dengan ASTAF serta komunitas sepak takraw internasional. Sementara itu, Okto mengatakan, perkembangan sepak takraw Indonesia tidak hanya penting dari sisi prestasi, tetapi juga sebagai bagian dari penguatan ekosistem olahraga nasional dan hubungan Indonesia dengan komunitas olahraga internasional. ""Sepak takraw adalah salah satu cabang olahraga yang memiliki tradisi dan prestasi kuat bagi Indonesia. Karena itu, kami ingin memastikan perkembangannya terus berjalan, baik dari sisi prestasi atlet maupun hubungan Indonesia dengan federasi internasional. Kolaborasi antara NOC Indonesia, PB PSTI dan ASTAF menjadi bagian penting untuk membawa sepak takraw Indonesia semakin berkembang,"" ujar Okto dalam keterangan tertulisnya. Kehadiran Okto di arena pertandingan juga menjadi bentuk perhatian KOI terhadap perjuangan atlet-atlet Tim Indonesia yang berlaga di Asian Games Aichi-Nagoya 2026. Okto menyaksikan langsung perjuangan tim sepak takraw Indonesia dalam pertandingan final yang digelar di Nagoya City Mizuho Park Gymnasium. Tim Indonesia harus puas dengan medali perak setelah kalah dari Jepang dalam tiga set, 15-17, 15-9 dan 13-15. Kendati demikian, perjuangan Jelki Ladada dkk mendapat apresiasi sebagai bagian dari perjalanan panjang pengembangan sepak takraw Indonesia. Menurut Okto, dukungan terhadap atlet tidak berhenti pada saat pertandingan berlangsung. KOI juga memiliki tanggung jawab untuk membangun komunikasi dan kolaborasi dengan federasi nasional maupun internasional demi memastikan keberlanjutan pembinaan olahraga Indonesia. ""Yang kita bangun bukan hanya prestasi untuk satu pertandingan atau satu Asian Games. Kita ingin membangun ekosistem yang berkelanjutan. Atlet harus mendapat dukungan, federasi harus semakin kuat, dan hubungan internasional juga harus terus kita jaga,"" kata Okto. (mcy/aff)"
sport,https://sport.detik.com/sport-lain/d-8691081/panjat-tebing-gagal-raih-emas-srondeng-finis-kelima-asian-games,"Panjat tebing Indonesia gagal menambah medali emas Asian Games 2026. Empat wakilnya kompak menempati peringkat kelima dan kedelapan. Tampil di Portmesse Nagoya Exhibition Hall 1, Sabtu (3/10/2026), Indonesia sejatinya meloloskan empat atlet di final cabang Lead putra dan putri. Mereka ialah Alma Airiella Tsany, Sukma Lintang Cahyani, Raviandi Ramadhan, dan Putra Tri Ramadani yang biasa disapa Srondeng. Sayangnya, mereka gagal mendapatkan medali di multievent empat tahunan terbesar se-Asia tersebut. Ramadhan yang tampil pertama terjatuh setelah mengunci 20 poin. Tangan Ramadhan tak cukup kuat untuk bertahan. Sampai akhirnya terhenti dengan 23 poin dan menempati peringkat ke-8. Menyusul Putra Tri. Harapan panjat tebing Indonesia di cabang Lead ini juga gagal mendapatkan medali. Juara World Climbing series Praha 2026 ini selesai di peringkat kelima dengan 32 poin. Juara dan runner up direbut wakil-wakil tuan rumah yaitu Neo Suzuki yang mengemas 40 poin dan Satone Yoshida usai membukukan lebih dari 38 poin. Sedangkan peringkat ketiga direbut Dohyun Lee (Korea Selatan) yang mengumpulkan 38 poin. Lead putri juga gagal mendapatkan medali. Dua wakil yang lolos ke final, yaitu Alma Airiella Tsany harus puas berada di urutan kelima dengan 35 poin. Sementara Sukma Lintang Cahyani berada di peringkat terakhir atau kedelapan dengan total 28 poin. Adapun medali emas Lead putri diraih Chaehyun Seo setelah sukses menembus top. Perak direbut Ai Mori dari Jepang dengan skor lebih dari 47, serta Yuetong Zhang (China) mendapat medali perunggu setelah membukukan skor 39. Dengan demikian panjat tebing Indonesia hanya mendapatkan medali emas melalui Desak Made Rita Kusuma Dewi nomor speed putri. (mcy/aff)"
sport,https://sport.detik.com/sport-lain/d-8690951/asian-games-2026-indonesia-tambah-perak-perunggu-dari-padel,"Kontingen Indonesia menambah perak dan perunggu di Asian Games 2026 dari olahraga padel. Nomor ganda putri turut menyumbang medali tersebut. Di babak final nomor ganda putri, pasangan Indonesia Fadona Kusumawati/Fitriani Sabatini kalah dari pasangan Jepang, Saki Tsukamoto/Kae Takumoto. Bertanding di Nagoya City Higashisu Sports Center, Sabtu (23/10/2026) sore WIB, Fadona/Fitriani kalah dua set langsung dengan skor 3-6 dan 4-6. Sementara perunggu untuk Indonesia diraih oleh pasangan Beatrice Gumulya/Novela Putria. Di babak perebutan tempat ketiga, Beatrice/Novela menang dua gim langsung atas Danna Abad/Joshea Malazarte dengan skor mencolok 6-0 dan 6-0. Indonesia belum mampu menambah emas pada hari ini. Sebelumnya, sepaktakraw dan voli pantai menyumbang perak untuk Kontingen Merah Putih. Saat ini, Indonesia mengumpulkan sebanyak 5 emas, 11 perak, dan 23 perunggu. Indonesia menempati posisi ke-15 klasemen medali Asian Games 2026. Indonesia masih bisa menambah emas dari cabang panjat tebing. Ada Sukma Lintang Cahyani dan Ala Ariella Tsany yang masih berjuang di nomor lead putri. Sementara Raviandi Ramadhan dan Putra Tri Ramadan berjuang di nomor lead putra. (cas/aff)"
sport,https://sport.detik.com/moto-gp/d-8690930/tak-cuma-nonton-motogp-ini-4-keseruan-vip-xperience-bold-riders-di-jepang,"Komunitas otomotif Bold Riders kembali memanjakan para anggota terpilihnya dengan pengalaman luar biasa bertajuk VIP Xperience. Para penggemar mendapatkan kesempatan emas menyaksikan langsung ajang balap bergengsi MotoGP 2026 di Mobility Resort Motegi, Jepang. Kehadiran rombongan di sana bukan sekadar duduk manis menonton balapan dari atas tribun penonton biasa. Sebagai Sponsor Resmi Gresini Racing, Bold Riders memberikan akses spesial agar peserta bisa merasakan atmosfer dunia balap secara utuh. Berikut deretan keseruan VIP Xperience yang dirasakan langsung oleh anggota komunitas Bold Riders. 1. Akses Eksklusif Tembus Paddock MotoGP Pengalaman eksklusif ini melampaui fasilitas tribun biasa atau beyond the grandstand. Anggota komunitas mendapatkan keistimewaan melakukan Pitlane Walk dan masuk langsung ke area paddock. Mereka bisa melihat ragam kesibukan tim teknis Gresini Racing dari jarak yang sangat dekat. 2. Eksplorasi Kultur Otomotif Jepang Perjalanan ke Negeri Sakura ini sengaja dirancang untuk menyelami kultur otomotif lokal secara lebih mendalam. Rombongan Bold Riders berkesempatan menyambangi Ricoland selaku surga perlengkapan berkendara serba ada di Jepang. Eksplorasi berlanjut dengan kunjungan edukatif ke Honda Museum Motegi serta bersantai di berbagai riding spot ikonik Tokyo. 3. Kunjungi Surga Biker Ricoland Perjalanan wisata ini sengaja dirancang untuk menyelami kultur otomotif lokal secara lebih mendalam. Rombongan berkesempatan menyambangi Ricoland yang dikenal luas sebagai surga perlengkapan berkendara serba ada di Jepang. 4. Jelajah Museum dan Riding Spot Eksplorasi budaya otomotif ini berlanjut dengan kunjungan edukatif menuju Honda Museum Motegi. Setelah asyik belajar sejarah, rombongan diajak bersantai menikmati suasana di berbagai riding spot ikonik Tokyo. Lanjutan Euforia: Temu Sapa di Jakarta Sepulang dari Jepang, semangat persaudaraan dari lintasan balap dunia ini terus berlanjut di Tanah Air. Bold Riders mengundang komunitas untuk menyambut kedatangan Alex Marquez dan Fermin Aldeguer di Jakarta. Acara temu sapa eksklusif bersama pembalap andalan Gresini Racing ini dijadwalkan hadir pada 7 Oktober mendatang. | Foto: Bold Riders | Konsep temu sapa tersebut dikemas dengan nuansa sangat kasual dan jauh dari kesan kaku konferensi pers. Anggota komunitas bebas ngobrol santai, berfoto bersama, serta berburu tanda tangan sang idola. Penyelenggara juga menyiapkan berbagai kejutan bernuansa lokal untuk memperkuat ikatan emosional antara tim dan penggemar. Wadah Multigenre Berjiwa Live Bold Bold Riders hadir sebagai wadah komunitas motor multigenre yang menjunjung tinggi semangat brotherhood. Pengendara dari berbagai merek kendaraan dibebaskan untuk bergabung dan memperkuat tali persaudaraan ini. Kebersamaan erat tersebut sangat sejalan dengan peran Bold Riders sebagai sponsor resmi tim Gresini Racing. | Foto: Bold Riders | Kemitraan ini merepresentasikan semangat penuh adrenalin serta keberanian mengambil risiko di sirkuit balap. Bold Riders konsisten mendukung nilai-nilai live bold yang senantiasa menjadi jiwa ajang MotoGP maupun komunitas roda dua. Nilai tersebut diwujudkan melalui keberanian mengambil keputusan dalam hitungan detik, mental untuk terus berkembang, dan passion otomotif mendalam. Seluruh anggota juga terus didorong untuk selalu menghargai setiap proses, latihan, dan kedisiplinan. Prinsip teguh ini bertujuan untuk menjadikan setiap perjalanan sebagai sebuah pengalaman yang amat berarti. Semangat brotherhood yang merangkul kendaraan multigenre ini siap menyatukan lebih banyak pencinta motor di Tanah Air. (akd/ega)"
sport,https://sport.detik.com/sport-lain/d-8690915/perjalanan-voli-pantai-putra-indonesia-di-asian-games,"Perjuangan Bintang Akbar/Sofyan Rachman Efendi dalam perebutan gelar juara Asian Games Aichi-Nagoya 2026 tuntas. Mereka harus puas dengan capaian medali perak. Bertanding di Hekinan Ryokuchi Beach Court, Sabtu (3/10/2026), Bintang/Sofyan menyelesaikan laga melawan Cherif Samba/Ahmed Janko dalam tiga set. Mereka kalah 1-2, dan gagal menyumbangkan medali emas bagi Tim Indonesia. Padahal, jika sukses diraih, emas tersebut akan menjadi sejarah bagi voli pantai Indonesia di multievent empat tahunan tersebut. Sepanjang keikutsertaan tim Merah Putih di Asian Games, belum sekalipun meraih medali emas. Capaian tertinggi Indonesia ialah medali perak yang diraih pada 1998 melalui Irilkhun Shofanna/Agus Salim. Mereka cuma kalah dari wakil China. Kemudian Asian Games 2002 persembahan Agus Salim/Koko Prasetyo, yang kini menjadi pelatih voli pantai. Serta saat Indonesia menjadi tuan rumah Asian Games 2018. Saat itu, Indonesia tak hanya meraih medali perak tapi juga perunggu. Melalui persembahan Ade Chandra Rahmawan/Mohammad Ashfiya dan Gilang Ramadhan/Danangsyah Pribadi. Perjalanan pertandingan perebutan medali emas hari ini juga terbilang cukup ketat. Indonesia yang tertinggal di set pertama berhasil mengamankan kemenangan di set pertama 21-19. Di set kedua, Qatar mengembalikkan keadaan. Cherif Samba/Ahmed Janko mengimbang Indonesia menjadi 1-1, usai menang 21-16. Qatar kembali unggul di set ketiga 15-8. Indonesia harus puas dengan torehan medali perak. Berikut Daftar Pencapaian Voli Pantai Putra Indonesia di Asian Games 1998 Perak dan Perunggu 2002 Perak 2006 Perunggu 2010 Nol 2014 Nol 2018 Perak dan Perunggu 2022 Nol 2026 Perak (mcy/aff)"
sport,https://sport.detik.com/moto-gp/d-8690702/klasemen-motogp-2026-marc-marquez-dekati-jorge-martin,"Rider Ducati, Marc Marquez, memangkas jarak dengan pebalap Aprilia, Jorge Martin, di klasemen MotoGP 2026. Baby Alien menang di sprint race MotoGP Jepang 2026. Di Sirkuit Motegi, Sabtu (3/10/2026), Marc Marquez menjadi pemenang sprint race. Dia menyelesaikan balapan dengan catatan waktu 20 menit 50,37 detik. Pebalao LCR Honda, Diogo Moreira, ada di posisi kedua. Podium dilengkapi oleh Jorge Martin. Dengan tambahan poin penuh di sprint race MotoGP Jepang, Marc Marquez kini mengumpulkan 306 poin. Dia tinggal berjarak tujuh angka dari Jorge Martin di posisi pertama. Pebalap Aprilia, Marco Bezzecchi, ada di posisi ketiga dengan raihan 268 poin. Sementara pebalap KTM, Pedro Acosta, menempati posisi keempat dengan 234 angka. Melengkapi posisi lima besar ada Fabio Di Giannantonio dengan 230 angka. Klasemen MotoGP 2026 selengkapnya usai sprint race MotoGP Jepang bisa dilihat di bawah ini. Klasemen MotoGP 2026 1. Jorge Martin - 313 2. Marc Marquez - 306 3. Marco Bezzecchi - 268 4. Pedro Acosta - 234 5. Fabio Di Giannantonio - 230 6. Ai Ogura - 227 7. Raul Fernandez - 205 8. Alex Marquez - 158 9. Francesco Bagnaia - 156 10. Fermin Aldeguer - 115 11. Enea Bastianini - 103 12. Luca Marini - 98 13. Brad Binder - 94 14. Diogo Moreira - 74 15. Fabio Quartararo - 62 16. Franco Morbidelli - 56 17. Johann Zarco - 48 18. Joan Mir - 33 19. Jack Miller - 28 20. Alex Rins - 24 21. Goprak Razgatlioglu - 18 22. Maverick Vinales - 10 23. Iker Lecuona - 9 24. Augusto Fernandez - 6 25. Pol Espargaro - 5 26. Takaaki Nakagami - 3 (cas/aff)"
sport,https://sport.detik.com/moto-gp/d-8690639/sprint-race-motogp-jepang-2026-marc-marquez-perkasa-jadi-pemenangnya,"MotoGP Jepang 2026 tuntaskan sesi Sprint Race. Hasilnya Marc Marquez perkasa jadi pemenangnya, memimpin dari awal! Sprint Race MotoGP Jepang 2026 berlangsung di Sirkuit Motegi, Sabtu (3/10) pagi WIB. Sprint Race digelar sebanyak 12 putaran. Di barisan depan, ada Jorge Martin di pole. Disusul Marc Marquez dan Pedro Acosta. Sprint Race dimulai! Marc Marquez langsung menyalip Jorge Martin dari tikungan pertama. Crash juga langsung terjadi di tikungan ketiga, Alex Marquez, Di Giannantonio, dan Pedro Acosta jatuh! Alex menyenggol bagian belakang motor Acosta, Alex yang terjatuh menyeret Di Giannantonio dan ketiganya terseret ke gravel. Marc Marquez terus perkasa terdepan di tiga putaran awal. Bezzecchi yang ada di posisi ketiga disalip Bastianini. Dua putaran kemudian, Moriera geser Bezzecchi yang harus turun ke posisi kelima. Pertengahan Sprint Race, Marquez masih memimpin dengan cukup nyaman. Jorge Martin masih menanti momen untuk menyerang. Marquez bahkan rentangkan jarak unggul satu detik! Marquez tidak terkejar sampai akhir. Dirinya jadi pemenang, disusul oleh Jorge Martin dan Enea Bastianini. Drama terjadi selepas balapan! Moreira naik finis kedua dan menggeser Jorge Martin. Itu karena, Martin kena hukuman track limit warning dan harus turun satu strip begitu juga Bastianini yang kena hal serupa dan turun satu strip. Maka podium diisi oleh Marquez, Moreira, dan Martin! Hasil Sprint Race MotoGP Jepang 2026 1 Marc Marquez SPA Ducati Lenovo (GP26) 12 laps 2 Diogo Moreira BRA Pro Honda LCR (RC213V)* +2.754s 3 Jorge Martin SPA Aprilia Racing (RS-GP26) +2.854s 4 Enea Bastianini ITA Red Bull KTM Tech3 (RC16) +2.896s 5 Ai Ogura JPN Trackhouse Aprilia (RS-GP26) +6.38s 6 Marco Bezzecchi ITA Aprilia Racing (RS-GP26) +7.372s 7 Johann Zarco FRA Castrol Honda LCR (RC213V) +8.476s 8 Raul Fernandez SPA Trackhouse Aprilia (RS-GP26) +9.205s 9 Fabio Quartararo FRA Monster Yamaha (YZR-M1) +10.974s 10 Fermin Aldeguer SPA BK8 Gresini Ducati (GP25) +11.517s 11 Luca Marini ITA Honda HRC Castrol (RC213V) +14.02s 12 Franco Morbidelli ITA Pertamina VR46 Ducati (GP25) +15.597s 13 Alex Rins SPA Monster Yamaha (YZR-M1) +20.261s 14 Somkiat Chantra THA Honda HRC Castrol (RC213V) +20.371s 15 Maverick Viñales SPA Red Bull KTM Tech3 (RC16) +20.857s 16 Jack Miller AUS Pramac Yamaha (YZR-M1) +22.282s 17 Toprak Razgatlioglu TUR Pramac Yamaha (YZR-M1)* +35.83s 18 Brad Binder RSA Red Bull KTM (RC16) +41.672s 19 Francesco Bagnaia ITA Ducati Lenovo (GP26) +41.772s Pedro Acosta SPA Red Bull KTM (RC16) Fabio Di Giannantonio ITA Pertamina VR46 Ducati (GP26) Alex Marquez SPA BK8 Gresini Ducati (GP26)"
sport,https://sport.detik.com/sport-lain/d-8690532/asian-games-2026-sofyan-akbar-kalah-dari-qatar-voli-pantai-sumbang-perak,"Sofyan Rachman Efendi/Akbar Bintang gagal menyumbang emas untuk Indonesia dari cabor voli pantai di Asian Games 2026. Mereka dikalahkan Cherif Samba/Ahmed Janko di final. Dalam pertandingan di Hekinan Ryokuchi Beach Court, Sabtu (3/10/2026) siang WIB, Sofyan/Akbar bertarung sengit dengan Samba/Janko. Bermain tiga set, Sofyan/Akbar kalah 21-19, 16-21, dan 8-15. Kejar mengejar poin sampai skor 18-18. Sebuah blok dari Akbar bisa membuat kedudukan berbalik 19-18 untuk pasangan Indonesia, Tapi, Samba/Janko langsung menyamakan skor menjadi 19-19. Pada set pertama, Sofyan/Akbar menang 21-19. Set kedua berjalan, Indonesia ketinggalan terus ketinggalan. Sofyan/Akbar susah keluar dari tekanan Samba/Janko hingga menelan kekalahan dengan 16-21. Gim ketiga dimulai, Sofyan/Akbar susah keluar tekanan pasangan Qatar hingga ketinggalan 2-6. Akbar mengalami cedera pergelangan kaki, hingga harus melakukan perawatan. Setelah Akbar mendapat tapping di pergelangan kaki, laga dilanjutkan. Sebab Akbar tak fit, pasangan Indonesia susah untuk menghadapi perlawanan Samba/Janko. Sofyan/Akbar kalah 8-15 pada gim ketiga hingga harus puas dengan raihan perak. Dengan raihan ini, Indonesia kini sudah mengumpulkan 10 perak. Kontingen Merah putih juga sudah meraih lima emas yang disumbangkan cabor bulutangkis (2 emas), angkat besi, panahan, dan panjat tebing. Indonesia juga menggapai 23 perunggu. (cas/aff)"
sport,https://sport.detik.com/moto-gp/d-8690502/hasil-kualifikasi-moto3-jepang-2026-almansa-pole-veda-ega-ke-18,"Moto3 Jepang 2026 tuntaskan sesi kualifikasi. Almansa raih pole, rider Indonesia, Veda Ega Pratama sempat crash dan ke -18. Kualifikasi Moto3 Jepang 2026 berlangsung di Sirkuit Motegi, Sabtu (3/10) siang WIB. Sesi dimulai dari Q1 duluan. Veda Ega sudah amankan tempat di Q2, karena finis kedelapan di sesi practice. Dari Q1, Pini Salmela, Rios, dan Mitani maju ke Q1 untuk rebutkan pole. David Almansa sempat tercepat duluan. Veda Ega kesulitan, melorot ke posisi ke-16. Delapan menit terakhir, Brian Uriarte jadi tercepat duluan. Petaka buat Veda Ega, dirinya crash di tikungan ke-10 dan terpelanting. Untungnya, Veda terlihat baik-baik saja. Almansa dapatkan pole dengan catatan waktu 1 menit 54,572 detik. Disusul Uriarte dan Carpe di posisi kedua dan ketiga, Veda Ega di posisi ke-18. (aff/cas)"
sport,https://sport.detik.com/sport-lain/d-8690414/asian-games-2026-kalah-dari-jepang-sepaktakraw-sumbang-perak,"Indonesia gagal menambah emas di Asian Games 2026 lewat cabang olahraga sepaktakraw. Nomor quadrant putra tim Merah Putih kalah dari Jepang, hingga harus puas meraih perak. Dalam pertandingan di Nagoya City Mizuho Park Gymnasium, Sabtu (3/10/2026) pagi WIB, Indonesia menelan kekalahan saat melawan Jepang dalam pertandingan tiga set 15-17, 15-9, dan 12-15. jalanya set pertama pertandingan Indonesia vs Jepang berjalan sengit. Kejar mengejar poin antara kedua tim sampai skor 15-15. Jepang akhirnya bisa merebut set yang pertama dengan skor 17-15. Set kedua berjalan, Indonesia langsung tancap gas. Muhammad Ubaidur Rohman dan kawan-kawan unggul jauh 5-1. Indonesia terus unggul hingga set kedua habis, menang dengan skor 15-9. Set ketiga berjalan, Indonesia malah ketinggalan 2-5 dari Jepang di awal. Indonesia bisa menyamakan kedudukan 5-5. Tendangan tapak dari Jelky Ladada membawa Indonesia unggul 6-5 atas Jepang. Indonesia kembali ketinggalan, Jepang bisa mencetak tiga poin beruntun. Setelah pindah sisi lapangan, Jepang terus menambah poin. Blok punggung dari Jepang membuahkan poin kesembilan, Indonesia ketinggalan 6-9. Indonesia ketinggalan 6-10, lalu meminta time out. Indonesia bisa memperkecil jarak menjadi 10-11. Dengan raihan ini, Indonesia masih tertahan di angka lima emas di Asian Games 2026. Emas Indonesia disumbangkan cabor bulutangkis (2 emas), angkat besi, panahan, dan panjat tebing. Indonesia juga mencatatkan sembilan perak, satu tambahan dari sepaktakraw nomor quadrant putra, dan 22 perunggu. (cas/aff)"
sport,https://sport.detik.com/moto-gp/d-8690376/hasil-kualifikasi-motogp-jepang-2026-jorge-martin-pole,"MotoGP Jepang 2026 tuntaskan sesi kualifikasi. Jorge Martin raih pole, geser waktu Marc Marquez di akhir-akhir. Kualifikasi MotoGP Jepang 2026 berlangsung di Sirkuit Motegi, Sabtu (3/10) pagi WIB. Sesi dimulai dari Q1 duluan. Dua rider tercepat dari Q1 adalah Ai Ogura dan Raul Fernandez. Francesco Bagnaia tak kuasa untuk dapat tiket ke Q2. Lanjut ke Q2, Alex Marquez jadi yang tercepat duluan dengan 1 menit 42,811 detik. Dirinya disusul oleh Pedro Acosta dan Marc Marquez. Tak lama, Marc Marquez jadi yang tercepat! Marquez catatkan waktu 1 menit 42,481 detik plus jadi rekor tercepat putaran terbaru. Di dua menit akhir, Jorge Martin bisa lewati waktu tercepat Marquez! Martin catatkan 1 menit 42,371 detik. jadi rekor tercepat putaran terbaru! Marquez sempat melebar dan melaju ke gravel di akhir-akhir. Marquez coba gaspol lagi, tapi waktunya tidak cukup geser Martin. Jorge Martin pun dapat pole. Disusul Marc Marquez dan Pedro Acosta. Hasil Kualifikasi MotoGP Jepang 2026 1 Jorge Martin SPA Aprilia Racing (RS-GP26) 1'42.371s 2 Marc Marquez SPA Ducati Lenovo (GP26) +0.110s 3 Pedro Acosta SPA Red Bull KTM (RC16) +0.122s 4 Marco Bezzecchi ITA Aprilia Racing (RS-GP26) +0.159s 5 Alex Marquez SPA BK8 Gresini Ducati (GP26) +0.175s 6 Fabio Di Giannantonio ITA Pertamina VR46 Ducati (GP26) +0.257s 7 Enea Bastianini ITA Red Bull KTM Tech3 (RC16) +0.298s 8 Raul Fernandez SPA Trackhouse Aprilia (RS-GP26) +0.370s 9 Diogo Moreira BRA Pro Honda LCR (RC213V)* +0.545s 10 Johann Zarco FRA Castrol Honda LCR (RC213V) +0.547s 11 Ai Ogura JPN Trackhouse Aprilia (RS-GP26) +0.562s 12 Fabio Quartararo FRA Monster Yamaha (YZR-M1) +0.688s Qualifying 1: 13 Francesco Bagnaia ITA Ducati Lenovo (GP26) 1'43.007s 14 Franco Morbidelli ITA Pertamina VR46 Ducati (GP25) 1'43.136s 15 Somkiat Chantra THA Honda HRC Castrol (RC213V) 1'43.196s 16 Luca Marini ITA Honda HRC Castrol (RC213V) 1'43.278s 17 Brad Binder RSA Red Bull KTM (RC16) 1'43.399s 18 Fermin Aldeguer SPA BK8 Gresini Ducati (GP25) 1'43.419s 19 Maverick Viñales SPA Red Bull KTM Tech3 (RC16) 1'43.605s 20 Jack Miller AUS Pramac Yamaha (YZR-M1) 1'43.811s 21 Alex Rins SPA Monster Yamaha (YZR-M1) 1'43.896s 22 Toprak Razgatlioglu TUR Pramac Yamaha (YZR-M1)* 1'44.031s"
sport,https://sport.detik.com/sport-lain/d-8690299/putra-tri-optimistis-naik-podium-lead-asian-games-2026,"Atlet panjat tebing Putra Tri Ramadani optimistis tim Lead Indonesia menembus podium Asian Games 2026. Tapi kalau hasilnya tidak sesuai keinginan, Putra tetap bersyukur. Tim panjat tebing Indonesia meloloskan empat wakilnya pada babak final nomor men's dan women's lead cabang olahraga panjat tebing Asian Games Aichi-Nagoya 2026. Adalah Putra Tri Ramadani dan Ramadhan Raviandi di nomor putra serta Sukma Lintang Cahyani dan Alma Ariella Tsany di nomor putri yang berhasil melewati semifinal dan menjadi bagian dari delapan pemanjat yang lolos ke final. Putra melaju ke final usai berada di peringkat ketiga dengan 36 hold, disusul Raviandi di urutan ketujuh lewat 23 hold. Sedangkan Sukma dan Alma menempati urutan keenam dan ketujuh dengan 39 hold. Hasil tersebut menambah peluang Indonesia untuk bersaing memperebutkan medali dari nomor lead yang digelar di Port Messe Nagoya Exhibition Hall, Sabtu (3/10/2026) malam WIB. ""Target saya naik podium dulu saja. Berapa pun hasilnya, tetap saya syukuri,"" kata atlet yang biasa disapa Srondeng itu. Asian Games memang menjadi ajang debut bagi Putra di level multievent Asia. Dia mengaku sempat gugup saat pertama kali beraksi. Untungnya, dia punya pengalaman tampil di berbagai kompetisi internasional, sehingga itu bakal menjadi modalnya menghadapi laga final. Sebelumnya, ia juga mencatat sejumlah hasil positif di World Climbing Series 2026, termasuk meraih emas di Praha dan perunggu di Koper, Slovenia. ""Kalau di Asian Games ini, persaingannya tidak jauh berbeda dengan World Cup. Permainannya juga kurang lebih sama. Jadi sebenarnya seperti ajang World Cup juga,"" ujar Putra Tri. (mcy/mrp)"
sport,https://sport.detik.com/moto-gp/d-8690321/hasil-fp2-motogp-jepang-2026-bezzecchi-tercepat-aprilia-1-2,"Aprilia mendominasi Free Practice II MotoGP Jepang 2026. Marco Bezzecchi dan Jorge Martin menempati dua posisi terdepan, sedangkan Marc Marquez keempat. Di Sirkuit Motegi pada Sabtu (3/10/2026) pagi WIB, seluruh pebalap menggunakan ban depan medium. Sebagian besar pebalap juga memakai ban belakang lunak, hanya Enea Bastianini, Brad Binder, Pedro Acosta, dan Marco Bezzecchi yang memilih memakai ban belakang medium. Rider VR46 Franco Morbidelli mengalami masalah mesin, yang memaksa bendera merah dikibarkan. Tunggangan Morbidelli berasap sehingga kondisi lintasan mesti dibersihkan dari ceceran cairan. Marc Marquez kemudian mencatatkan waktu tercepat dengan 1 menit 43,564 detik. Fermin Aldeguer dan Ai Ogura bergantian jatuh di tikungan 9. Bezzecchi mematahkan waktu Marc Marquez usai mengemas 1 menit 43,334 detik untuk jadi yang tercepat. Marquez melorot ke urutan ketiga, disalip Pedro Acosta setelah ganti memakai ban belakang lunak. Jorge Martin melesat di laju terakhirnya untuk melesat ke posisi kedua. Di laju terakhirnya, Bezzecchi mencetak 1 menit 43,321 detik sehingga tidak tergoyahkan sampai sesi FP2 MotoGP Jepang 2026 selesai. Acosta ketiga, Marc Marquez dan Fabio Di Giannantonio melengkapi lima besar. Hasil FP2 MotoGP Jepang 2026 | Pos | Rider | Nat | Team | Time/Diff | | 1 | Marco Bezzecchi | ITA | Aprilia Racing (RS-GP26) | 1'43.321s | | 2 | Jorge Martin | SPA | Aprilia Racing (RS-GP26) | +0.080s | | 3 | Pedro Acosta | SPA | Red Bull KTM (RC16) | +0.180s | | 4 | Marc Marquez | SPA | Ducati Lenovo (GP26) | +0.243s | | 5 | Fabio Di Giannantonio | ITA | Pertamina VR46 Ducati (GP26) | +0.269s | | 6 | Brad Binder | RSA | Red Bull KTM (RC16) | +0.325s | | 7 | Enea Bastianini | ITA | Red Bull KTM Tech3 (RC16) | +0.370s | | 8 | Alex Marquez | SPA | BK8 Gresini Ducati (GP26) | +0.397s | | 9 | Raul Fernandez | SPA | Trackhouse Aprilia (RS-GP26) | +0.427s | | 10 | Fabio Quartararo | FRA | Monster Yamaha (YZR-M1) | +0.428s | | 11 | Ai Ogura | JPN | Trackhouse Aprilia (RS-GP26) | +0.466s | | 12 | Francesco Bagnaia | ITA | Ducati Lenovo (GP26) | +0.479s | | 13 | Johann Zarco | FRA | Castrol Honda LCR (RC213V) | +0.484s | | 14 | Diogo Moreira | BRA | Pro Honda LCR (RC213V)* | +0.541s | | 15 | Luca Marini | ITA | Honda HRC Castrol (RC213V) | +0.691s | | 16 | Franco Morbidelli | ITA | Pertamina VR46 Ducati (GP25) | +0.869s | | 17 | Maverick Viñales | SPA | Red Bull KTM Tech3 (RC16) | +1.013s | | 18 | Fermin Aldeguer | SPA | BK8 Gresini Ducati (GP25) | +1.168s | | 19 | Jack Miller | AUS | Pramac Yamaha (YZR-M1) | +1.194s | | 20 | Somkiat Chantra | THA | Honda HRC Castrol (RC213V) | +1.203s | | 21 | Alex Rins | SPA | Monster Yamaha (YZR-M1) | +1.562s | | 22 | Toprak Razgatlioglu | TUR | Pramac Yamaha (YZR-M1)* | +1.589s | (rin/mrp)"
sport,https://sport.detik.com/sport-lain/d-8690284/4-atlet-lead-indonesia-lolos-ke-final-panjat-tebing-asian-games-2026,"Empat atlet panjat tebing Indonesia nomor lead lolos ke putaran final Asian Games 2026. Siapa saja? Keempat atlet tersebut yakni Putra Tri Ramadani, Raviandi Ramadhan, Sukma Lintang Cahyani, dan Alma Ariella Tsany, setelah sukses melewati babak semifinal, Jumat (2/10/2026). Di babak semfinal lead putra, Putra alias Srondeng berhasil menduduki peringkat ke-3 dengan skor 36. Sementara, Raviandi berada di peringkat ke-7 dengan skor 23. Di nomor lead putri, Sukma dan Alma berada di ke-7 dengan skor 39+. Untuk nomor lead, ada sembilan atlet yang berhak lolos ke putaran final untuk putra dan delapan untuk putri. Adapun laga puncak digelar Sabtu (3/10). Pelatih Lead, Amri, bersyukur dengan hasil ini. Dia melihat para atlet memanjat dengan penuh semangat seraya berharap penampilan apik itu bisa dipertahankan, bahkan ditingkatkan di putaran final. ""Para atlet sangat semangat saat pemanjatan. Semoga saat final nanti bisa lebih bagus lagi, lebih percaya diri lagi saat memanjat jalur-jalurnya itu,"" ujar Amri dalam rilis kepada detikSport. Amri menambahkan, ada hal-hal yang masih perlu dibenahi berdasarkan penampilan di babak sebelumnya. Para atlet diharapkan lebih memperhatikan pemanasan dan lebih menguatkan mental. ""Hal yang perlu dievaluasi dari penampilan saat semifinal adalah pemanasan. Memang jalur tadi untuk putra lebih menuntut endurance (ketahanan) , sedangkan putri lebih ke strength (kekuatan),"" ungkapnya. (mrp/rin)"
sport,https://sport.detik.com/moto-gp/d-8690269/hasil-fp2-moto3-jepang-2026-almansa-tercepat-veda-ega-posisi-14,"David Almansa unjuk kecepatan dengan jadi yang terdepan di Free Practice II Moto3 Jepang 2026. Veda Ega Pratama meneruskan momentum dengan menempati posisi 14. Di Sirkuit Motegi pada Sabtu (3/10/2026) pagi WIB, Almansa menetapkan benchmark sejak awal. Pebalap Spanyol ini memperbaiki catatan waktunya di menit-menit akhir sebelum menyudahi dengan 1 menit 54,745 detik. Almansa mengungguli kompatriotnya Maximo Quiles dengan selisih 0,032 detik. Dua pebalap Spanyol lainnya Alvaro Carpe, dan Brian Uriarte menyelesaikan sesi ini di posisi ketiga dan empat berturut-turut. Veda Ega Pratama, yang finis kedelapan di Practice, bisa unjuk gigi. Veda konsisten di 10 besar, tapi harus rela menyudahi FP2 Moto3 Jepang 2026 di urutan ke-14. Veda mencatatkan waktu 1 menit 55,906 detik, selisih 1,161 detik dari Almansa. Pebalap Malaysia Hakim Danish sempat jatuh di tikungan 9. Danish mengakhiri di posisi 11, tiga strip di atas Veda Ega Pratama. Hasil FP2 Moto3 Jepang 2026 (rin/rin)"
sport,https://sport.detik.com/sportstyle/d-8690166/karena-gaya-hidup-sehat-bukan-cuma-olahraga,"Di era modern sekarang, olahraga bukan cuma cara satu-satunya untuk menjaga gaya hidup sehat. Tapi, ada banyak hal bisa dilakukan menuju ke sana. Itulah yang ingin digalakkan oleh RESET, sebuah klub kesehatan terpadu di bilangan Sudirman, Jakarta Selatan, yang menyatukan sport, wellness, dining, dan entertainment dalam satu destinasi. RESET ingin menunjukkan bagaimana menjaga keseimbangan antara aktivitas fisik, recovery, nutrisi, serta kehidupan sosial. RESET menghadirkan berbagai fasilitas untuk mendukung gaya hidup aktif dan sehat, mulai dari lapangan padel yang seluruhnya dilengkapi air conditioning (AC), gym, Pilates, yoga, hingga fasilitas wellness. Keseluruhan konsep tersebut dirancang untuk memberikan pengalaman yang lebih menyeluruh, baik bagi mereka yang ingin berolahraga, menjaga kebugaran, melakukan recovery maupun sekadar menghabiskan waktu bersama keluarga dan komunitas. Melengkapi pengalaman tersebut, RESET juga menghadirkan Langley Restaurant sebagai bagian dari ekosistem lifestyle di dalam klub. Kehadiran Langley memungkinkan pengunjung untuk melanjutkan aktivitas mereka dengan bersantap dan bersosialisasi tanpa harus berpindah destinasi. RESET turut menyediakan VIP room dengan fasilitas karaoke, menghadirkan unsur entertainment sebagai bagian dari pengalaman klub. Fasilitas tersebut dapat menjadi ruang privat bagi anggota maupun pengunjung untuk berkumpul, bersosialisasi dan menikmati waktu bersama setelah melakukan berbagai aktivitas olahraga. Mendorong Healthy Lifestyle dan Longevity General Manager RESET, Lini Sudibjo, mengatakan RESET dikembangkan dengan perhatian terhadap perubahan kebutuhan masyarakat yang semakin melihat kesehatan sebagai investasi jangka panjang. ""Bagi kami, healthy lifestyle bukan hanya mengenai seberapa sering seseorang berolahraga. Kesehatan juga mencakup bagaimana kita bergerak dengan baik, menjaga kekuatan tubuh, memberikan waktu untuk recovery, memperhatikan wellness, serta tetap memiliki ruang untuk bersosialisasi dan menikmati hidup. Semua aspek tersebut sangat berkaitan dengan longevity dan kualitas hidup dalam jangka panjang,"" ujar Lini dalam pernyataan kepada detikSport. Menurut Lini, konsep tersebut menjadi dasar RESET dalam menghadirkan berbagai aktivitas dalam satu ekosistem. Pengunjung dapat bermain padel, berlatih di gym, mengikuti Pilates atau yoga, memanfaatkan fasilitas wellness, hingga menikmati waktu bersama di restaurant maupun area entertainment. ""RESET ingin menjadi tempat di mana orang tidak hanya datang untuk berolahraga, tetapi membangun sebuah lifestyle yang lebih seimbang dan sustainable. Kami ingin healthy living terasa menyenangkan dan menjadi bagian alami dari rutinitas sehari-hari, bukan sesuatu yang terasa seperti kewajiban,"" tambah Lini. Sebagai bagian dari upaya memperkenalkan pengalaman RESET kepada masyarakat, RESET menggelar turnamen padel pada 10 Oktober. Turnamen tersebut menjadi momentum untuk mempertemukan para penggemar padel sekaligus membangun komunitas yang memiliki ketertarikan terhadap olahraga dan gaya hidup aktif. (mrp/rin)"
sport,https://sport.detik.com/sport-lain/d-8690049/asian-games-sudah-prabowo-dkk-alihkan-fokus-ke-kualifikasi-olimpiade-la,"Usai menuntaskan Asian Games 2026, atlet-atlet menembak Indonesia langsung mengalihkan fokus ke kualifikasi Olimpiade Los Angeles 2028 pada November mendatang. Cabang olahraga menembak Indonesia resmi mengakhiri perjuangan di Asian Games 2026 dengan membawa pulang medali perak nomor 10m air pistol men team dan perunggu nomor 25m rapid fire pistol men team. Tim kini langsung mengalihkan fokus ke event yang lebih besar yakni kualifikasi Olimpiade Los Angeles pada November mendatang. lalah Muhammad Iqbal Raia Prabowo yang mengatakan rencana tersebut, setibanya di Tanah Air, pada Jumat (2/10/2026). Prabowo datang bersama rekan-rekannya yang lain seperti Wira Sukmana, Sulthanul Aulia Maruf, serta atlet menembak lainnya. ""Setelah ini kami memperebutkan kuota Olimpiade di Doha, Qatar, bulan November. Eventnya Kejuaraan Dunia Menembak,"" kata Prabowo. Pada Asian Games 2026, tim menembak Indonesia belum berhasil menambah medali emas dan harus puas dengan finalis di nomor air pistol.Namun, Prabowo berharap pengalaman bertanding di level Asian Games bisa menjadi modal untuk memperbaiki prestasinya dan mengamankan tiket Olimpiade lebih awal. Ia menambahkan bahwa hasil di Asian Games cukup untuk mereka memetakan persaingan pada Kejuaraan Dunia nanti. Bagaimana pun, pemain-pemain top cabor menembak didominasi dari negara-negara Asia seperti China, Korea, dan India. ""Negara-negara barat mungkin selevel lah. Tapi top-topnya di Asia. Jika sudah bisa bersaing di Asia, insyaallah level dunianya lebih gampang. Jadi kami bisa untuk memetakan kita berada di posisi ini, kita tinggal mempersiapkan yang kurang apa,"" tutur Prabowo. ""Kalau kemarin di Asian Games memang tantangannya lebih kondisi lapangan berbeda, dan (pemain) China itu top 1 di Asia. Tapi secara overall kami puas, karena waktu di Asian Games 2022 tak ada masuk final, tapi sekarang lolos,"" imbuhnya. Prabowo berharap di Kejuaraan Dunia nanti bisa mendapatkan podium atau top 3. ""InsyaAllah targetnya itu, menembus podium di nomor individual pada Kejuaraan Dunia Menembak nanti,"" tegas Prabowo. (mcy/nds)"
sport,https://sport.detik.com/sport-lain/d-8689941/gagal-ke-final-novela-beatrice-fokus-ke-perunggu-asian-games,"Novela Putria dan Beatrice Gumulya gagal ke final Asian Games 2026. Namun, kekalahan itu tak mengikis motivasi mereka untuk tetap fokus pada perebutan medali perunggu. Bertanding di Nagoya City Higashi Sports Center, Jumat (2/10/2016), Novela dan Beatrice takluk dari wakil tuan rumah Saki Tsukamoto/Kae Tokumoto. Mereka kalah dalam dua set langsung 0-2 di babak semifinal nomor women's pairs.Kekalahan ini membuat padel gagal menciptakan all Indonesian final. Seusai bertanding, Novela dan Beatrice mengaku sempat frustasi dengan permainan lawan.Mereka kesulitan menembus dan harus berakhir dengan kekalahan. ""Memang kadang-kadang lawan main lebih bagus dari kami. Bikin kami akhirnya sedikit jujur saja ada frustrasi juga di awal-awal,"" ujar Beatrice selepas laga. ""Tapi kami tetap berjuang sampai akhir, berusaha cari jalan gimana caranya bisa dapetin poin,"" lanjutnya. Senada dengan sang partner, Novela mengakui betapa beratnya laga yang menuntut stamina dan ketahanan mental luar biasa tersebut. Pertukaran pukulan hingga puluhan kali dalam satu poin menuntut dedikasi fisik dan pikiran yang tak main-main. Belum lagi gemuruh publik tuan rumah yang kian membakar semangat lawan. ""Ya mereka main di kandang sendiri jadi ngerasa lebih bebas,"" ungkap Novela. Setelah laga ini, keduanya mengalihkan konsentrasi pada laga berikutnya. Bagi Novela dan Beatrice, perjuangan belum selesai. Keduanya menegakkan kepala untuk menatap laga perebutan medali perunggu besok saat melawan wakil Filipina, Danna Abad/Josea Malazarte. ""Apapun itu, aku sudah bangga ada di sini, bangga sama Kak Bea (Beatrice) juga. Kami sudah main dengan maksimal, tapi hasil belum yang diharapkan,"" tuturnya. ""Kami bakal fokus buat perebutan perunggu. Pokoknya kami enggak mau lepas lagi,"" jelas Novela. Sementara, Wamenpora Taufik Hidayat yang menyaksikan langsung tetap mengapresiasi perjuangan Novela/Beatrice. ""Tetap semangat, besok kembali lebih kuat dan semoga bisa berhasil,"" pungkas Wamenpora Taufik. (mcy/aff)"
sport,https://sport.detik.com/sport-lain/d-8689714/novela-beatrice-kalah-all-indonesian-final-di-padel-asian-games-2026-pupus,"All Indonesian Final di cabang padel nomor ganda putri Asian Games 2026 tak terwujud. Itu setelah Novela Putria/Beatrice Gumulya kalah di semifinal. Novela/Beatrice kalah dari pasangan Jepang, Saki Tsukamoto/Kae Tokumoto di Nagoya City Higashi Sports Center, Jumat (2/10/2026). Bermain dua set selama 1 jam 29 menit, ganda Indonesia kalah 0-2. Di set pertama, Novela/Putria disikat 1-6 dari enam gim. Sementara di set kedua, Indonesia kembali kalah 2-6 dari Tsukamoto/Takumoto. Hasil ini bikin All Indonesia Final di nomor ganda putri gagal tercipta. Novela/Beatrice gagal menyusul Fadona Kusumawati/Fitriani Sabatini, yang bisa ke babak puncak. Fadona/Fitriani sebelumnya mengalahkan duet Filipina, Danna Abad/Joshea Malazarte 2-0. Indonesia kini harus berjuang keras untuk meraih emas. Fadona/Fitriani akan melawan Tsukamoto/Takumoto di final, yang berlangsung pada Sabtu (3/10). Sementara Novela/Beatrice akan berjuang memperebutkan medali perunggu melawan Danna Abad/Joshea Malazarte. (yna/bay)"
sport,https://sport.detik.com/sport-lain/d-8689437/dapat-emas-ke-7-malaysia-jauhi-indonesia-di-asian-games-2026,"Malaysia mendapatkan emas ke-7 di Asian Games 2026. Negeri Jiran kembali menjauhi Indonesia di tabel perolehan medali. Sukses terbaru Malaysia datang dari cabang Squash. Mereka menjuarai nomor beregu putri, dengan mengalahkan Hong Kong di final. Bermain di Nagoya Kinjo Futo Arena, Jumat (2/10), Malaysia menang 2-1 lewat Azman Aira dan Sivasangari Subramaniam. Hasil ini bikin Malaysia meraih emas ke-7 di Asian Games 2026. Tiga di antaranya dari padel, usai juga berjaya di nomor tunggal putra dan putri. Malaysia bahkan berpeluang meraih emas ke-4 juga dari squash. Di nomor beregu putra, mereka juga sudah ke final Asian Games 2026 dan tengah melawan Pakistan. Jika menang lagi, maka emas Malaysia jadi 8 di Asian Games 2026. Torehan ini jelas bakal makin meninggalkan Indonesia. Indonesia sejauh ini baru mengemas 5 emas di Aichi-Nagoya. Potensi emas tambahan masih datang dari padel, usai Fadona Kusumawati/Fitriani Sabatini bisa menyegel tiket final. Medali emas bisa dikunci Indonesia, andai Novela Putria/Beatrice Gumulya juga bisa menang atas pasangan Jepang, Saki Tsukamoto/Kae Tokumoto di semifinal lainnya. Kemenangan Novela/Beatrice akan menciptakan All Indonesian Final di padel nomor ganda putri Asian Games 2026. (yna/aff)"
sport,https://sport.detik.com/moto-gp/d-8689398/hasil-practice-motogp-jepang-2026-alex-marquez-tercepat,"Alex Marquez menjadi yang tercepat dalam sesi Practice MotoGP Jepang 2026. Catatan waktunya mengalahkan Pedro Acosta dan Marc Marquez. Practice MotoGP Jepang digelar di Sirkuit Motegi, Jumat (2/10/2026) siang WIB. Sesi sempat dihentikan sementara ketika baru berjalan kurang lebih 9 menit. Motor Ai Ogura mengalami masalah hingga mengeluarkan asap dan mengganggu jalannya practice. Red flag dikibarkan, sementara petugas membersihkan trek yang kotor. Marco Bezzecchi merebut posisi terdepan setelah sesi dilanjutkan kembali. Rider Aprilia itu menorehkan waktu 1 menit 43,742 detik. Pedro Acosta menyalip waktu terbaik Bezzecchi setelah setengah jam sesi. Rider tim KTM ini 1 menit 43,589 detik. Fermin Aldeguer menyodok ke posisi terdepan dengan catatan waktu 1 menit 43,586. Marc Marquez meraih wakut tercepat 1 menit 43,138 detik dan merebut pimpinan practice. Bezzecchi kembali mengambil alih pimpinan practice dengan waktu terbaik 1 menit 43,029 detik. Alex Marquez mencapai waktu 1 menit 42,811 detik dan mengakhiri sesi sebagai yang tercepat. New #MotoGP record and P1 for @alexmarquez73 🔝#JapaneseGP 🇯🇵 pic.twitter.com/O8jC25yGvx — MotoGP™🏁 (@MotoGP) October 2, 2026 Hasil Practice MotoGP 2026 1. Alex Marquez 2. Pedro Acosta 3. Marc Marquez 4. Marco Bezzecchi 5. Enea Bastianini 6. Fabio Di Giannantonio 7. Fabio Quartararo 8. Jorge Martin 9. Diogo Moreira 10. Johann Zarco 11. Fermin Aldeguer 12. Brad Binder 13. Raul Fernadnez 14. Franco Morbidelli 15. Ai Ogura 16. Francesco Bagnaia 17. Luca Marini 18. Jack Miller 19. Somkiat Chantra 20. Alex Rins 21. Toprak Razgatlioglu 22. Maverick Vinales. (bay/aff)"
sport,https://sport.detik.com/sport-lain/d-8689338/fadona-fitriani-jaga-asa-medali-emas-padel-di-asian-games-2026,"Fadona Kusumawati dan Fitriani Sabatani mempertahankan asa medali emas padel Indonesia di Asian Games 2026. Mereka bersyukur setelah tampil maksimal! Tampil di Nagoya City Higashi Sports Center, Jumat (2/10/2026), Fadona/Fitriani tampil dominan dengan membungkus kemenangan dua set langsung 2-0 atas wakil Filipina, Danna Abad dan Joshea Malazarte, pada laga semifinal. Fadona bersyukur atas performa impresif yang ditunjukkan bersama rekannya. Menurutnya, ketenangan dan komunikasi yang makin padu menjadi kunci utama dalam mengatasi tekanan di lapangan. ""Alhamdulillah ya, kita hari ini mainnya sangat menikmati, tidak grogi yang kemarin-kemarin di hari pertama dan kedua. Hari ini kami bermain lebih rapi, lebih bersih, dan bisa membuat lawan jadi keteteran,"" kata Fadona usai laga. Senada dengan Fadona, Fitriani Sabatani mengungkapkan bahwa tekanan tinggi di partai krusial justru memacu motivasi mereka untuk tampil lepas dan mengeluarkan potensi terbaik. ""Kami hari ini benar-benar mainnya sangat padu banget. Semakin ke sini kami makin lega, makin bisa mengeluarkan apa yang kita punya,"" ujar Fitriani. Kemenangan ini memastikan tambahan medali bagi kontingen Indonesia dari cabang olahraga padel. Pada partai pamungkas, Fadona/Fitriani masih menunggu lawan. Laga semifinal lainnya memainkan laga antara Novela Putria/Beatrice Gumulya melawan wakil tuan rumah Saki Tsukamoto/Kae Tokumoto. Jika, Novela dan Beatrice menang maka tercipta all Indonesian final. ""Yang pasti kami tunggu tim Indonesia juga atau lawan Jepang. Antara itu, persiapannya kami tetap harus bagus dan menjaga performa. Kita harus bisa mengejar emas untuk Indonesia,"" jelas Fadona. Wamenpora Taufik Hidayat yang menyaksikan langsung tampak antusias atas penampilan Fadona/Fitiriani. Diharap medali emas bisa direbut di partai puncak. ""Selamat ya, selamat. Sudah bagus, semoga sukses di final,"" kata Wamenpora Taufik saat menyapa kedua atlet selepas pertandingan. (mcy/aff)"
sport,https://sport.detik.com/sport-lain/d-8689205/hari-hari-akhir-asian-games-indonesia-punya-kans-tambah-emas,"Asian Games Aichi-Nagoya 2026 menyisakan waktu dua hari sebelum resmi ditutup. Indonesia masih punya kans untuk menambah pundi-pundi medali emasnya. Asian Games sudah berlangsung sejak 19 September 2026. Hampir dua pekan berjalan, Indonesia sudah mengantongi lima medali emas. Kelima emas itu berasal dari bulutangkis dua keping persembahan beregu putra dan ganda putra, angkat besi melalui Rahmat Erwin Abdullah di kelas 75kg putra, panjat tebing persembahan Desak Made Rita Kusuma Dewi nomor speed putri, dan panahan melalui Nurisa Dian Ashrifah nomor compound putri. Jika bicara target, torehan medali emas yang direbut Tim Indonesia sudah tercapai, bahkan melampaui. Sebab, pemerintah, Komite Olimpiade Indonesia (KOI), dan Chef de Mission (CdM) Indonesia mencanangkan empat medali emas. Jumlah itu diperoleh setelah tiga nomor andalan Indonesia tidak lagi dipertandingkan pada Asian Games kali ini. Akan tetapi, Indonesia berpeluang menambah kepingan emasnya di dua hari penyelenggaraan tersisa. Salah satunya dari voli pantai atas nama Bintang Akbar/Sofyan Rachman Efendi. Mereka tinggal selangkah lagi meraih medali emas, namun untuk mewujudkan asa itu mereka harus mampu menaklukkan pasangan Qatar Cherif Samba/Ahmed Janko. Pertandingan babak emas akan bergulir Sabtu (3/10/2026). Pada cabang balap sepeda Track nomor Men's Madison juga akan melakoni babak final di Izu Velodrome. Terry Yudha Kusuma dan Muhammad Andi Royan akan melakoni balapan perebutan medali emas pada hari ini. Dari cabang panjat tebing, Indonesia juga bisa berharap pada disiplin Lead. Empat atletnya lolos semifinal yaitu Sukma Lintang Cahyani dan Alma Ariella Tsany nomor putri, serta nomor putra ada Raviandi Ramadhan dan Putra Tri Ramadani. Bergeser ke cabang olahraga padel, Indonesia punya kans menambah emas setelah satu pasang Fadona Kusumawati/Fitriani Sabatini sukses mengalahkan Danna Abad/Joshea Malazarte di babak semifinal dengan skor 2-0 (6-0,6-0) di Nagoya City Higashi Sport Center, Jumat (2/10/2026). Tak hanya peluang menambah emas, padel juga berpeluang menciptakan all Indonesia final jika pasangan lainnya, Novela Putria/Beatrice Gumulya juga berhasil lolos ke final nomor Women's a Pairs pada hari ini. Beatrice/Novela akan menghadapi wakil tuan rumah Saki Tsukamoto/Kae Tokumoto. (mcy/aff)"
sport,https://sport.detik.com/moto-gp/d-8689122/hasil-practice-moto3-jepang-2026-veda-ega-pratama-ke-8,"Veda Ega Pratama meraih hasil cukup memuaskan dalam sesi Practice Moto3 Jepang 2026. Rider asal Indonesia ini mencapai posisi kedelapan. Sesi practice Moto3 Jepang digelar di Sirkuit Motegi, Jumat (2/10/2026). Veda menjalani hampir seluruh sesi dengan berada di urutan ke-14 dan ke-15. Waktu tercepat akhirnya diraih Veda pada akhir sesi. Rider Honda Asia Team itu mencatatkan waktu tercepat 1 menit 55,597 detik. Catatan waktu itu mengantarkan Veda finis di posisi 8 sesi Practice Moto3 Jepang. Dia tertinggal 0,317 detik dari rider tercepat Marco Morelli yang membukukan waktu terbaik 1 menit 55,280 detik. Ryusei Yamanaka di posisi kedua tercepat, disusul Brian Uriarte dan Alvaro Carpe. Valentin Perrone, Maximo Quiles dan David Munoz berturut-turut di depan Veda. Petaka menimpa Hakim Danish. Rider Malaysia itu mengalami crash jelang akhir sesi dan harus puas menempati urutan ke-17. Marco Morelli keeps it calm and collected to take P1 in #Moto3 Practice with @yamanaka_ryusei and Uriarte in the Top 3 💪#JapaneseGP 🇯🇵 pic.twitter.com/C7UzNUf3EZ — MotoGP™🏁 (@MotoGP) October 2, 2026 Hasil Practice Moto3 Jepang 2026 1. Marco Morelli 2. Ryusei Yamanaka 3. Brian Uriarte 4. Alvaro Carpe 5. Valentin Perrone 6. Maximo Quiles 7. David Munoz 8. Veda Ega Pratama 9. Matteo Bertelle 10. David Almansa 11. Adrian Fernandez 12. Joel Esteban 13. Joel Kelso 14. Adrian Cruces 1. Rico Salmela 16. Casey O'Gorman 17. Hakim Danish 18. Zen Mitani 19. Jesus Rios. (bay/aff)"
sport,https://sport.detik.com/raket/d-8689065/tim-bulutangkis-ri-bawa-momen-positif-asia-games-di-kejuaraan-dunia-junior,"Tim bulutangkis Indonesia terbang ke Mesir guna mengikuti Kejuaraan Dunia Junior 2026. Mereka pergi dengan membawa momen positif dari seniornya di Asian Games Aichi-Nagoya. Tim Indonesia bertolak menuju Kairo dalam dua kloter. Kloter pertama menumpang pesawat Etihad Airways EY473 dengan jadwal keberangkatan pukul 00.05, sedangkan kloter kedua menggunakan Emirates EK359 yang akan berangkat pukul 00.45. Manajer Tim Kejuaraan Dunia Junior 2026, Eskar Denatara, mengatakan atlet-atlet berangkat dalam keadaan sehat dan siap tempur, baik fisik, teknik, strategi, dan mental. ""Anak-anak berada dalam kondisi yang sangat baik. Kami akan terus menjaga spirit serta kondisi teknis dan nonteknis anak-anak, sehingga harapannya tib di Kairo, tim tetap dalam kondisi yang nyaman,"" kata Eskar dalam kutipan cepatnya melalui federasi, Jumat (2/10/2026). Kejuaraan Dunia Junior di Mesir nomor team akan bergulir 5-10 Oktober, setelah itu dilanjutkan nomor individu dua hari kemudian atau 12-17 Oktober 2026. Eskar berharap atlet-atletnya bisa segera menyesuaikan diri dengn kondisi di sana. ""Tentu jet lag wajar, tetapi pada intinya secara fisik dan psikis anak-anak berada dalam posisi siap tempur. Mudah-mudahan anak-anak bisa segera menyesuaikan diri dengan situasi, kondisi, cuaca, dan lain sebagainya di Kairo, sehingga saat memasuki hari pertandingan mereka sudah mampu menunjukkan peak performance-nya,"" ujarnya. Tak lupa, Eskar memohon doa dan restu kepada masyarakat Indonesia agar tim Indonesia bisa melanjutkan prestasi para seniornya di Asian Games Aichi-Nagoya. Tim bulutangkis Indonesia sukses membawa pulang dua medali emas, satu perak, dan tiga perunggu. ""Beberapa hari lalu para senior mereka juga baru pulang dari Jepang membawa hasil yang luar biasa. Kami melihat euforia ini menjadi satu energi positif bagi Garuda Muda,"" kata Eskar. ""Kami berharap momentum positif dari para senior di Asian Games Aichi-Nagoya mampu menularkan semangat, motivasi, dan inspirasi untuk memberikan kebanggaan bagi seluruh masyarakat Indonesia di World Junior Championship Cairo 2026."" ""Kami tentu mohon doa restu dan dukungan dari seluruh masyarakat Indonesia bagi perjuangan para pemain muda kita. Seluruh persiapan sudah kita laksanakan dengan matang dan kita berharap anak-anak mampu menampilkan yang terbaik serta tampil secara totalitas di lapangan."" ""Semoga bulutangkis terus menjadi kebanggaan serta sumber kegembiraan bagi masyarakat Indonesia, khususnya di World Junior Championship 2026,"" dia mengharapkan. (mcy/aff)"
sport,https://sport.detik.com/basket/d-8688989/bintang-streetball-mk-hadir-di-indonesia-momentum-bangkitkan-kultur-basket-jalanan,"Dunia streetball Indonesia kembali bergairah dengan kedatangan bintang dunia Matt Kiatipis (MK) ke Tanah Air. Kehadirannya diharapkan jadi momentum kebangkitan kultur basket jalanan. MK akan berada di Jakarta selama tiga hari pada 1-3 Oktober mendatang. Pebasket asal Kanada yang viral lewat duel satu lawan satu ini tak hanya menampilkan keahliannya, melainkan juga akan menggelar coaching clinic ke 50 anak. ""Bagi saya, Indonesia adalah salah satu negara dengan populasi terbesar di dunia, apalagi di Asia, dan tentu saja dengan budaya streetball serta bola basket yang kuat,"" kata MK dalam jumpa persnya di kawasan Jakarta Selatan, Kamis (1/10/2026). Ia menilai talenta pemain Indonesia cukup berbakat, apalagi didukung dengan pembangunan infrastruktur dan liga yang sukses. ""Menurut saya, para pemainnya sangat berbakat. Saya banyak mendengar tentang Liga Basket Indonesia dan betapa suksesnya liga tersebut, banyak stadion bagus yang sedang dibangun, banyak pemain hebat dari seluruh dunia, tetapi juga dari sini.Menurut saya, ekosistem secara keseluruhan di tingkat profesional sangat fantastis, begitu pula segala hal di luar itu. Budaya streetball-nya luar biasa,"" lanjutnya. Sementara itu, Rico Lubis selaku penggagas dan promotor acara bertajuk King of Ballers itu menjelaskan bahwa kedatangan MK bukan sekadar seremoni streetball, melainkan memiliki dampak lebih luas bagi bola basket nasional. Rico menyebut di tengah persaingan perhatian generasi muda dengan e-sports hingga olahraga padel, streetball bisa menjadi magnet baru. ""Kami telah mendatangkan yang terbaik, Hot Sauce, Allen Iverson, Dennis Rodman. Menurut saya, saya mendatangkan MK karena dia yang terbaik saat ini,"" ungkap Rico. ""Dengan MK, saya percaya bisa berdampak di daerah-daerah bawah, di luar kota, di pinggiran Papua, di Aceh, bola basket Indonesia akan berkembang lagi,"" tuturnya. ""Tapi untuk saat ini, (memang) karena jadwalnya sangat padat, setelah ini, mungkin dia akan pergi ke Singapura. Jadi MK akan (dijadwalkan) pergi ke daerah-daerah itu tahun depan,"" jelasnya. Tak hanya aksi di lapangan, MK juga bakal berbagi ilmu lewat coaching clinic. MK akan dibantu oleh atlet-atlet basket nasional seperti Yesaya Saudale, Ali Bagir, Erick Ibrahim, dan Hendrick Xavi Yonga. ""Ada klinik pelatihan pada Jumat pagi, itu adalah hal mendasar yang akan diajarkan MK. Jadi, keturunannya juga berguna, tidak hanya untuk kancah streetball, tetapi juga untuk teman-temannya di kancah basket Indonesia,"" kata Rico. Rico lantas berharap streetball bisa menjadi platform alternatif resmi di Indonesia. ""Koreksi saya jika saya salah, ada kurang dari 5 platform yang bisa menjadi tolok ukur bola basket di Indonesia. IBL, DBL, 5x5. Saya ingin streetball ini menjadi bagian darinya,"" tuturnya. ""Jadi, saya harap ini bisa menjadi platform alternatif baru bagi para pemain basket, yang jumlahnya jutaan di Indonesia. Mereka tidak bisa bermain di DBL, mungkin mereka putus sekolah. Namun dalam streetball, semua orang bisa. Intinya, saya ingin ini bisa menjadi platform baru, tolok ukur baru,"" tutup Rico. (mcy/nds)"
sport,https://sport.detik.com/moto-gp/d-8688880/hasil-fp1-motogp-jepang-2026-marc-marquez-tercepat,"Marc Marquez keluar sebagai pebalap tercepat di Free Practice I MotoGP Jepang 2026. Marquez mengungguli duo Aprilia Jorge Martin dan Marco Bezzecchi. Di Sirkuit Motegi, Jumat (2/10/2026) pagi WIB, awalnya hanya sedikit pebalap yang berlatih karena rintik hujan. Namun, setelah kondisi membaik pebalap-pebalap lainnya keluar dari garasi untuk melahap lap. Bezzecchi semula jadi yang tercepat, sebelum digusur Alex Marquez setelah membukukan 1 menit 44,631 detik. Diego Moreira, Fabio Quartararo kemudian bergantian menempati posisi kedua di belakang Alex Marquez. Sementara itu, Marc Marquez justru kesulitan untuk menembus tiga besar. Bezzecchi kembali tercepat dengan waktu 1 menit 44,375 detik di lima menit terakhir, Jorge Martin membuntuti di belakang rekan setimnya itu dengan selisih 0,061 detik saja. Martin akhirnya ke puncak daftar di dua menit terakhir. Catatan waktunya menembus 1 menit 44,172 detik, kemudian dipatahkan Marc Marquez dengan selisih 0,099 detik. Bezzecchi menyelesaikan FP1 MotoGP Jepang 2026 di urutan ketiga, disusul Alex Marquez dan Johann Zarco di peringkat empat dan lima berturut-turut. Hasil FP 1 MotoGP Jepang 2026 | Pos | Rider | Nat | Team | Time/Diff | | 1 | Marc Marquez | SPA | Ducati Lenovo (GP26) | 1'44.073s | | 2 | Jorge Martin | SPA | Aprilia Racing (RS-GP26) | +0.099s | | 3 | Marco Bezzecchi | ITA | Aprilia Racing (RS-GP26) | +0.133s | | 4 | Alex Marquez | SPA | BK8 Gresini Ducati (GP26) | +0.261s | | 5 | Johann Zarco | FRA | Castrol Honda LCR (RC213V) | +0.339s | | 6 | Fabio Quartararo | FRA | Monster Yamaha (YZR-M1) | +0.431s | | 7 | Raul Fernandez | SPA | Trackhouse Aprilia (RS-GP26) | +0.589s | | 8 | Francesco Bagnaia | ITA | Ducati Lenovo (GP26) | +0.613s | | 9 | Fabio Di Giannantonio | ITA | Pertamina VR46 Ducati (GP26) | +0.683s | | 10 | Pedro Acosta | SPA | Red Bull KTM (RC16) | +0.711s | | 11 | Diogo Moreira | BRA | Pro Honda LCR (RC213V)* | +0.792s | | 12 | Franco Morbidelli | ITA | Pertamina VR46 Ducati (GP25) | +1.002s | | 13 | Ai Ogura | JPN | Trackhouse Aprilia (RS-GP26) | +1.009s | | 14 | Somkiat Chantra | THA | Honda HRC Castrol (RC213V) | +1.146s | | 15 | Fermin Aldeguer | SPA | BK8 Gresini Ducati (GP25) | +1.282s | | 16 | Toprak Razgatlioglu | TUR | Pramac Yamaha (YZR-M1)* | +1.287s | | 17 | Brad Binder | RSA | Red Bull KTM (RC16) | +1.347s | | 18 | Maverick Viñales | SPA | Red Bull KTM Tech3 (RC16) | +1.442s | | 19 | Enea Bastianini | ITA | Red Bull KTM Tech3 (RC16) | +1.468s | | 20 | Luca Marini | ITA | Honda HRC Castrol (RC213V) | +1.502s | | 21 | Alex Rins | SPA | Monster Yamaha (YZR-M1) | +1.800s | | 22 | Jack Miller | AUS | Pramac Yamaha (YZR-M1) | +1.902s | (rin/rin)"
sport,https://sport.detik.com/moto-gp/d-8688875/ada-hadiah-smartphone-uang-tunai-di-gp-jepang-ini-cara-dapatnya,"Keseruan dan momen menegangkan dalam ajang balap bergengsi dunia MotoGP 2026 masih berlangsung. Kali ini, GP Jepang bakal menjadi saksi para pembalap MotoGP 2026 dalam menunjukkan kemampuan mereka. Adapun GP Jepang kali ini akan berlangsung di Mobility Resort Motegi pada 2-4 Oktober 2026. Menariknya, Sirkuit Mobility Resort Motegi memiliki keunikan tersendiri. Motegi dikenal sebagai salah satu trek yang menguji kombinasi braking, acceleration, dan traction. Karena itu, performa motor ketika keluar dari tikungan lambat menuju lintasan lurus dapat sangat menentukan. Selain balapan MotoGP, kompleks Mobility Resort Motegi juga memiliki berbagai fasilitas terkait otomotif dan motorsport sehingga bukan sekadar sirkuit balap. Keseruan yang bakal hadir dalam GP Jepang tidak berhenti sampai di situ. Bagi para pencinta MotoGP di Indonesia, ajang tersebut juga memberikan kesempatan untuk memenangkan hadiah menarik lewat kompetisi Bold Riders Podium Picks. Bold Riders Podium Picks merupakan kompetisi yang mengajak para penggemar MotoGP untuk menguji ketepatan prediksi. Dalam kompetisi ini, peserta ditantang untuk memilih tiga rider yang diprediksi akan finis sebagai juara 1, 2, dan 3 di setiap race MotoGP 2026. Setiap prediksi yang dikirimkan peserta akan menjadi bagian dari perolehan poin yang terus diakumulasikan sepanjang musim MotoGP 2026. Artinya, semakin konsisten dan akurat prediksi di setiap seri, semakin besar pula peluang untuk bersaing menjadi pemuncak klasemen hingga akhir musim. Kompetisi ini dibuka mulai 2 Oktober 2026 dan akan ditutup pada 4 Oktober 2026. Seluruh peserta dapat menyalurkan prediksinya melalui microsite khusus yang tersedia di detikcom. Cara Mengikuti Bold Riders Podium Picks Cara mengikutinya cukup mudah. Berikut langkah-langkah yang perlu dilakukan: - Login menggunakan akun Connect detikcom. - Masuk ke microsite detik.com/boldriderspodiumpicks. - Pilih tiga rider yang diprediksi finis di posisi pertama, kedua, dan ketiga. - Kirim prediksi sebelum race dimulai. Setiap seri akan menghasilkan poin yang terus diakumulasikan hingga akhir musim motoGP 2026. Semakin akurat prediksi, semakin besar peluang menjadi pemuncak klasemen. Hadiah Tiap Race dan Grand Prize Dua peserta dengan poin tertinggi dan waktu submit tercepat akan mendapatkan voucher masing-masing senilai Rp 250.000. Sementara itu, di akhir musim, peserta dengan akumulasi poin tertinggi berhak membawa pulang grand prize, yaitu: - Juara 1: Yamaha Aerox 155 - Juara 2: Samsung Galaxy A26 5G - Juara 3: Samsung Galaxy A17 Tunggu apa lagi? Jangan biarkan insting tajammu terbuang sia-sia. Kunjungi microsite-nya sekarang, kirimkan prediksi podium GP Jepang favoritmu sebelum balapan dimulai, dan raih kesempatan membawa pulang hadiah utamanya! (prf/ega)"
sport,https://sport.detik.com/sport-lain/d-8688809/menpora-sambut-positif-antusiasme-profesional-ikuti-seleksi-lpuk,"Menpora Erick Thohir menyambut positif antusiasme para profesional yang mengikuti seleksi terbuka untuk Jabatan Direktur Pengelola Aset dan Usaha Keolahragaan Lembaga Pengelola Usaha Keolahragaan (LPUK) Kemenpora. Hal itu disampaikan Erick setelah 67 peminat berhasil tersaring sejak pendaftaran dibuka 22 hingga 29 September 2026. Para peserta berasal dari kalangan profesional yang telah berpengalaman menggeluti berbagai bidang, mulai dari perbankan, properti, kesehatan, perguruan tinggi, pertambangan, hukum, media dan telekomunikasi, industri olahraga, serta dari kementrian dan lembaga. Selain berpengalaman di bidangnya, para profesional ini juga memiliki kapabilitas dan kompetensi termasuk dalam mengambil keputusan. Sembilan pendaftar di antaranya menduduki posisi Direktur di perusahaan tempat mereka bekerja saat ini. ""Kami ingin proses seleksi ini berjalan secara terbuka, profesional, dan berbasis kompetensi,"" kata Erick dalam keterangannya, Kamis (1/10/2026). Menurutnya, pengelolaan aset dan pengembangan usaha keolahragaan membutuhkan kepemimpinan yang profesional serta kemampuan untuk melihat dan mengembangkan potensi aset secara produktif dan berkelanjutan. ""Dengan proses yang baik dan transparan, kami berharap dapat memperoleh sosok yang memiliki kompetensi, integritas, serta kemampuan untuk membawa pengelolaan aset dan usaha keolahragaan LPUK semakin profesional dan memberikan nilai tambah bagi ekosistem olahraga Indonesia,"" ujarnya. Sementara itu, Direktur Utama LPUK, Muhammad Oktaviandi, mengatakan tingginya jumlah pendaftar dengan keberagaman latar belakang menjadi gambaran bahwa posisi Direktur Pengelola Aset dan Usaha Keolahragaan LPUK menarik minat, dan mendapat respons positif dari kalangan profesional dari berbagai sektor yang ingin berkontribusi untuk perkembangan dunia olahraga. ""Keberagaman latar belakang dan pengalaman para pendaftar menjadi hal yang positif bagi LPUK. Selanjutnya, seluruh kandidat akan mengikuti tahapan seleksi secara terbuka dan objektif untuk memastikan proses ini dapat menjaring figur yang memiliki kapasitas manajerial, integritas, dan kemampuan yang sesuai dengan kebutuhan LPUK,"" ujarnya. Setelah pendaftaran ditutup, proses seleksi selanjutnya akan dilakukan sesuai tahapan yang telah ditetapkan. Peserta yang lolos seleksi administrasi akan mengikuti Seleksi Kompetensi Manajerial dan Kompetensi Sosial Kultural pada 1-2 Oktober 2026, dilanjutkan dengan Presentasi dan Wawancara pada 5 Oktober 2026. Adapun pengumuman hasil akhir seleksi dijadwalkan pada 7 Oktober 2026. Rangkaian tahapan tersebut merupakan bagian dari proses seleksi untuk mendapatkan figur terbaik yang memiliki kompetensi dan pengalaman dalam mendukung penguatan tata kelola, pengembangan usaha, serta optimalisasi aset keolahragaan melalui LPUK. (mcy/nds)"
sport,https://sport.detik.com/moto-gp/d-8688782/hasil-fp1-moto3-jepang-2026-yamanaka-tercepat-veda-ega-ke-16,"Rider tuan rumah Ryusei Yamanaka melesat di fase akhir untuk jadi yang tercepat di Free Practice I Moto3 Jepang 2026. Veda Ega Pratama tercecer di urutan 16. Di Sirkuit Motegi, Jumat (2/10/2026) pagi WIB, David Munoz menetapkan bench mark di sesi awal dengan 1 menit 55,709 detik. Sedangkan Veda Ega menempati posisi belakang dengan selisih hampir 2,5 detik. David Almansa dua kali terjatuh di sesi ini, di mana yang terakhir terjadi di tikungan 5. Munoz nyaris tidak terbendung sebelum Ryusei Yamanaka melampaui catatan waktunya di menit-menit akhir. Yamanaka memastikan posisi terdepan usai mengemas 1 menit 55,676 detik unggul 0,033 dari Munoz di belakangnya. Alvaro Carpe menempati posisi ketiga di depan Valentin Perrone. Pemimpin klasemen Maximo Quiles melengkapi lima besar Free Practice Moto3 Jepang 2026. Veda Ega Pratama tak membuat kemajuan signifikan di sesi ini. Veda sempat melorot ke posisi 22, lalu naik ke-17 sebelum mengakhiri latihan bebas pertama ini di posisi 16 dengan jarak 1,067 detik dari Yamanaka. Hasil FP1 Moto3 Jepang 2026 (rin/pur)"
sport,https://sport.detik.com/moto-gp/d-8688661/jadwal-motogp-jepang-2026-mulai-latihan-pagi-ini,"Persaingan MotoGP 2026 kembali memanas pada akhir pekan ini. Berikut jadwal MotoGP Jepang 2026, yang dimulai dengan sesi latihan pada pagi ini. MotoGP Jepang 2026 akan digelar di Sirkuit Motegi pada 2-4 Oktober. Motor Ducati menguasai trek ini sejak 2022, yang menempatkan Francesco Bagnaia sebagai pemenang di dua edisi terakhir. Marc Marquez toh memiliki memori menyenangkan di sini karena mengunci titel juara dunia MotoGP 2025, setelah finis kedua. Marquez juga jadi pebalap tersukses di Motegi usai mengantongi lima kemenangan di semua kelas (tiga di kelas premier). Sekalipun terakhir kalinya Marquez juara di sana adalah pada tujuh tahun lalu. Sementara itu, klasemen MotoGP masih dikuasai Jorge Martin. Rider Aprilia ini mengoleksi 306 poin, unggul 12 poin dari Marquez, dan 42 poin dari rekan setimnya sendiri Marco Bezzecchi. Ini artinya ada peluang besar pergantian di posisi teratas setelah balapan MotoGP Jepang 2026 tuntas. Sukses Pedro Acosta memenangi grand prix Austria membuatnya diperhitungkan sebagai favorit di akhir pekan ini. Acosta akan mencoba jadi rider KTM pertama yang juara di MotoGP Jepang. Jadwal MotoGP Jepang 2026 Jumat 2 Oktober 2026 08.45 - 09.30 WIB Free Practice I 13.00 - 14.00 WIB Practice Sabtu 3 Oktober 2026 08.10 -08.40 WIB Free Practice II 08.50 - 09.05 WIB Q1 09.15 - 09.3o WIB Q2 13,00 WIB Sprint Race 12 Lap Minggu 4 Oktober 2026 07.40 - 07.50 WIB Warm up 12.00 WIB Race 24 Lap (rin/pur)"
sport,https://sport.detik.com/sportstyle/d-8688691/suparma-run-berlari-sambil-peduli-kelestarian-lingkungan,"Ada banyak cara untuk ikut peduli menjaga kelestarian lingkungam. Salah satunya bisa lewat olahraga dengan mengadakan lomba lari. Suasana kawasan Universitas Ciputra (UC) Surabaya, Minggu pagi (27/9/2026) dipenuhi energi positif ribuan pecinta olahraga. Ajang lari tahunan Suparma Run 2026 sukses menyedot perhatian publik dengan diikuti lebih dari 2.600 peserta di kategori 5K dan 10K. Perhelatan yang menjadi salah satu agenda lari paling dinanti di Jawa Timur ini juga diramaikan tokoh-tokoh nasional, termasuk Sandiaga Uno dan Basuki Tjahaja Purnama (Ahok). Mengusung tema ""Golden Steps for a Greener Future"", Suparma Run 2026 memadukan semangat gaya hidup sehat dengan aksi nyata kepedulian lingkungan. Setiap pelari dibekali dua bibit tanaman gratis untuk ditanam kembali, menegaskan komitmen event ini sebagai gerakan eco-friendly berkelanjutan. Langkah hijau di ajang ini semakin solid berkat dukungan utama dari Bloom Group melalui PT Bloomindo Bumi Energi. Sebagai sponsor utama, Bloom Group tidak hanya memfasilitasi jalannya gelaran olahraga masyarakat ini, tetapi juga membawa misi edukasi energi bersih dan transisi keberlanjutan. CEO Bloom Group, Andrew Chu, menegaskan bahwa keterlibatan mereka adalah wujud komitmen jangka panjang perusahaan terhadap lingkungan. ""Kami di Bloom Group percaya bahwa transisi menuju masa depan yang lebih hijau harus dimulai dari aksi nyata yang menyentuh masyarakat luas. Melalui PT Bloomindo Bumi Energi, kami bangga bisa mendukung Suparma Run 2026. Ini bukan sekadar ajang olahraga, melainkan panggung kolaborasi untuk menginspirasi gaya hidup sehat dan penggunaan energi yang lebih bersih,"" ujar Andrew dalam keterangan kepada media. Sandiaga Uno selaku Chairman Samala Serasi Group-pemegang saham Bloom Group-menyambut hangat antusiasme peserta serta mengapresiasi sinergi besar di dalam perhelatan ini. ""Sensasinya luar biasa, treknya sangat indah dan naik turun. Di Surabaya ini menjadi ajang lari yang sangat dinanti-nanti. Semoga ini juga bisa mendorong kecintaan kita semua kepada bumi karena setiap satu pelari akan menanam pohon,"" tutur Sandiaga. Sementara itu, Ahok menyoroti pentingnya gaya hidup sehat yang inklusif serta peran aktif sektor swasta dalam mendukung kesehatan publik dan lingkungan. ""Olahraga yang paling murah untuk orang tetap sehat itu ya jalan dan lari. Siapa bilang olahraga itu mahal? Kita semua sudah punya sepatu. Saya sangat mendukung kolaborasi dunia usaha seperti ini yang memberikan dampak nyata dan bermanfaat langsung bagi kesehatan masyarakat serta lingkungan,"" tegas Ahok. Ketua Panitia Suparma Run 2026, Nabila Syavira, menyampaikan bahwa fokus utama perhelatan tahun ini adalah menghadirkan pengalaman lari yang aman, berkesan, sekaligus berdampak (Legacy of Green, Rooted in Impact). Selain pembagian bibit pohon, kemeriahan acara ditutup dengan penampilan energik MALIQ & D'Essentials serta kehadiran tokoh inspiratif seperti influencer lingkungan Bule Sampah (Benedict Wermter) dan Miss Face of Humanity Indonesia 2023 Vanessa Hatter. Suksesnya Suparma Run 2026 bersama Bloom Group membuktikan bahwa ajang olahraga massal dapat menjadi katalisator efektif dalam menyebarkan semangat hidup sehat sekaligus menggerakkan kesadaran menjaga bumi untuk generasi mendatang. (mrp/pur)"
sport,https://sport.detik.com/raket/d-8688688/festival-senengminton-2026-kenalkan-bulutangkis-sejak-dini,"Festival SenengMinton 2026 hadir untuk menjaring bibit-bibit muda pebulutangkis. Selain itu, ajang ini juga diharapkan menumbuhkan kecintaan pada olahraga tersebut. Festival SenengMinton 2026 digelar di lima kota yaitu Purwokerto, Magelang, Solo, Kudus, dan Semarang. Festival SenengMinton 2026 telah memasuki kota ketiga. Setelah sukses di Purwokerto dan Magelang, Festival SenengMinton 2026 kini digelar Solo, Kamis (1/10) Festival SenengMinton 2026 digelar oleh Bakti Olahraga Djarum Foundation bersama MilkLife ini turut mendapat dukungan dari Pengurus Provinsi (Pengprov) PBSI Jawa Tengah. Ajang ini hadir menumbuhkan kecintaan dunia bulutangkis sejak usia dini. ""Kami percaya, rasa senang menjadi awal tumbuhnya kecintaan terhadap sebuah olahraga. Melalui Milklife Festival SenengMinton, kami ingin menanamkan minat dan menginspirasi siswa untuk bermain bulutangkis,"" ujar rogram Director Bakti Olahraga Djarum Foundation, Yoppy Rosimin. | Baca juga: Festival SenengMinton 2026 Dimulai | MilkLife Festival SenengMinton Solo 2026 berlangsung di GOR FKOR UNS, Kamis (1/10). Sebanyak 480 siswa/siswi kelas 1 hingga 3 dari 16 Sekolah Dasar (SD) di Solo turun ke lapangan untuk mengikuti beragam permainan bulutangkis yang dikemas interaktif dan menyenangkan. Pada kategori kelas 3, para peserta harus melewati lima jenis tantangan yakni Pyramid Shuttlecock, Shuttle Run, Throwing The Shuttlecock, Service to Target dan Zig Zag Run. Sedangkan bagi peserta kategori kelas 1 dan 2, tantangan Service to Target ditiadakan dari kelima perlombaan tersebut. Adapun untuk peserta pada kategori kelas 1, setiap sekolah mengirimkan enam siswa yang terdiri dari empat putra dan dua putri. Sedangkan untuk kelas 2 terdapat 10 peserta tiap sekolah dengan komposisi enam putra dan empat putri. Pada kategori kelas 3, per sekolah mengirimkan 14 siswa yang terdiri dari delapan putra dan enam putri. Ketua Umum Pengprov PBSI Jateng, Basri Yusuf menilai MilkLife Festival SenengMinton jadi sarana identifikasi dini potensi calon atlet sebelum memasuki tahap pembinaan selanjutnya. Ajang ini diharapkan bisa menjaring lebih banyak bibit-bibit pebulutangkis muda potensial. ""Kami berharap semakin banyak bibit potensial yang terjaring sejak dini sehingga di masa mendatang Indonesia tidak kekurangan materi pemain bulutangkis andal yang mampu melanjutkan tradisi prestasi level dunia,"" kata Basri. (pur/pur)"
sport,https://sport.detik.com/sport-lain/d-8688669/indonesia-vs-thailand-final-fifa-asean-cup-2026,"Dua laga dramatis terjadi pada matchday terakhir Grup A FIFA ASEAN Cup 2026. Timnas Indonesia harus melewati laga sengit sebelum menundukkan Bangladesh 9-2 dengan Malaysia, secara bersamaan, pesta enam gol tanpa balas ke gawang Singapura. Dua hasil tersebut memastikan Indonesia keluar sebagai juara Grup A dan melaju ke final. Malaysia finis sebagai runner-up dan harus bertarung di perebutan posisi ketiga. Indonesia dan Malaysia punya poin dan selisih gol yang sama, tapi Skuad Garuda unggul produktivitas. Indonesia sebelumnya mengawali perjalanan di Grup A dengan kemenangan 2-0 atas Singapura. Pada laga kedua, Garuda bermain imbang 0-0 melawan Malaysia dalam pertandingan yang berlangsung keras dan penuh drama. Indonesia bahkan harus bermain dengan 10 pemain setelah Thom Haye mendapat kartu merah. Pada matchday ketiga, persaingan Grup A kembali memanas. Indonesia menang 9-2 atas Bangladesh, sedangkan Malaysia menghancurkan Singapura 6-0. Indonesia pun mengamankan tiket ke partai puncak untuk menghadapi Thailand, yang sudah lebih dulu memastikan diri sebagai juara Grup B setelah menyapu dua laga awal dengan kemenangan atas Pakistan dan Vietnam. Final FIFA ASEAN Cup 2026 akan digelar di Stadion Utama Gelora Bung Karno (SUGBK), Jakarta. Jadwal Final FIFA ASEAN Cup 2026 - Senin, 5 Oktober 2026 - Indonesia vs Thailand - 20.00 WIB Harimau Malaya finis kedua di klasemen akhir Grup A, di bawah Indonesia, sehingga akan menghadapi runner-up Grup B dalam laga perebutan posisi ketiga di SUGBK. Sejauh ini tiket runner-up itu masih jadi rebutan di matchday terakhir Grup B. Jadwal Perebutan Posisi Ketiga FIFA ASEAN Cup 2026 - Senin, 5 Oktober 2026 - Malaysia vs Runner-up Grup B - 16.00 WIB (krs/pur)"
sport,https://sport.detik.com/sport-lain/d-8688666/ketum-koni-terima-juara-umum-ihaa-asian-greater-championship-2026,"Atlet Berkuda Memanah Indonesia kembali menorehkan prestasi di pentas internasional. Indonesia berhasil menjadi juara umum International Horseback Archery Alliance (IHAA) Asian Greater Championship 2026 di Moskow, Rusia, dengan raihan 7 medali emas, 3 perak, dan 3 perunggu. Atas pencapaian tersebut, Ketua Umum KONI Pusat Letjen TNI Purn Marciano Norman menerima kunjungan empat atlet Indonesia peraih medali di Kantor KONI Pusat, Senayan, Jakarta, Kamis (1/10/2026). Keempat atlet tersebut adalah Arsa Wening Arrosyad, Tio Fawaz Ananta, Hammas Syauqi Syahid, dan Dzaakir Alhanif. Mereka tampil di kategori Young Rider, Senior, dan Junior serta membawa Indonesia mengungguli tuan rumah Rusia dan Kazakhstan. Marciano memberikan apresiasi kepada para atlet, pelatih, orang tua, ofisial, serta FN Pordasi Berkuda Memanah yang mendukung keberhasilan tersebut. ""Selaku Ketua Umum KONI Pusat, saya memberikan apresiasi kepada para atlet yang berhasil meraih prestasi membanggakan. Ini adalah salah satu prestasi yang membanggakan dan menjadi inspirasi kita semua, bahwa Berkuda Memanah berprestasi,"" ujar Marciano. Menurut Marciano, pencapaian di Moskow harus menjadi motivasi bagi para atlet untuk terus berkembang. Ia juga menekankan bahwa perjalanan menuju level kompetisi yang lebih tinggi membutuhkan proses pembinaan yang berkelanjutan. ""Mungkin para atlet ke depan bisa mewakili Indonesia secara resmi di dalam multi-event internasional, tapi itu semua butuh waktu. Oleh karenanya, persiapkan dengan sebaik mungkin,"" katanya. Pelatih tim Indonesia menyebut kejuaraan di Rusia memberikan pengalaman penting bagi atlet, terutama dalam menghadapi perbedaan cuaca, lingkungan pertandingan, serta kuda yang digunakan. Pengalaman tersebut diharapkan menjadi bekal menghadapi kompetisi berikutnya, termasuk World Championship Bintang 4. Atlet Indonesia, Arsa Wening Arrosyad, juga menilai persaingan Berkuda Memanah kini semakin ketat karena olahraga tersebut berkembang di banyak negara. ""Sekarang Berkuda Memanah berkembang di banyak negara. Jadi menurut saya Indonesia harus berkembang juga, jangan berpuas hati. Semua yang kita dapat hari ini tidak bisa menjadi patokan untuk hari-hari ke depannya. Kita masih punya target yang lebih jauh,"" kata Arsa. Ia menjelaskan bahwa atlet harus siap menghadapi berbagai kondisi dalam pertandingan, termasuk cuaca dan karakter kuda yang berbeda. Di Rusia, para atlet Indonesia diberikan 10 ekor kuda untuk kemudian disesuaikan dengan kebutuhan masing-masing atlet. Bagi Arsa, kejuaraan di Moskow juga memiliki makna tersendiri. Ini merupakan penampilan ketiganya di Rusia dan ia selalu berhasil membawa pulang medali emas. ""Alhamdulillah ini ketiga kalinya saya ke Rusia. Tiga-tiganya bisa membawa medali emas, alhamdulillah. Tahun 2023, 2024, dan 2026,"" ungkapnya. KONI Pusat juga mendorong pembinaan Berkuda Memanah terus diperluas di berbagai kelompok usia, termasuk penguatan pembinaan atlet perempuan. Dengan kategori yang tersedia mulai dari anak-anak hingga master, peluang regenerasi atlet Indonesia di cabang olahraga tersebut dinilai masih terbuka luas. (ran/pur)"
sport,https://sport.detik.com/sport-lain/d-8688583/ini-alasan-indonesia-lolos-ke-final-fifa-asean-cup-2026,"Timnas Indonesia lolos ke final FIFA ASEAN Cup 2026. Drama terjadi di laga kontra Bangladesh dengan badai gol, meski Malaysia juga badai gol. Indonesia vs Bangladesh main di SUGBK, Jakarta, Kamis (1/10) malam WIB. Inilah laga akhir Grup A. Indonesia menang telak 9-2. Skor 6-1 tercipta di babak pertama, lalu tiga gol tambahan terjadi di menit ke-90 Mitchell Baker borong lima gol. Empat gol lainnya dicetak oleh Rizky Ridho, Justin Hubner, Kevin Diks, dan Luke Vickery. Bangladesh juga sempat tambah satu gol di babak kedua. Di laga lainnya, Malaysia menang 6-0. Namun pada akhirnya, Garuda yang lolos ke final! Ini alasan Indonesia ke final FIFA ASEAN Cup 2026 Poin Indonesia dan Malaysia sama-sama 7 poin dari tiga laga. Selisih gol sama-sama 9. Tapi, Indonesia unggul produktivitas gol dengan 11 berbanding 9. Dalam aturan tie-breaking FIFA ASEAN Cup. Ada tiga hal yang dihitung untuk penentuan juara grup. Pertama jumlah poin, kedua selisih gol, ketiga produktivitas gol. Indonesia akan hadapi Thailand di laga final pada Senin (5/10) pukul 20.00 WIB di SUGBK. (aff/pur)"
sport,https://sport.detik.com/sport-lain/d-8688571/fifa-asean-cup-2026-indonesia-gilas-bangladesh-9-2-maju-ke-final,"Timnas Indonesia menang 9-2 atas Bangladesh. Garuda berhak ke final FIFA ASEAN Cup 2026, unggul produktivitas gol atas Malaysia. Indonesia vs Bangladesh main di SUGBK, Jakarta, Kamis (1/10) malam WIB. Inilah laga akhir Grup A. Di babak pertama, Garuda langsung pesta gol 6-1. Mitchell Baker kemas quattrick! Baker mampu tuntaskan dua kali assist manja dari Ole Romeny. Sisanya dikemas oleh Rizky Ridho.Baker kemudian cetak gol lewat sontekan dalam situasi kemelut, lalu sundulan dari umpan Justin Hubner. Bangladesh mampu perkecil ketertinggalan via Shahriar Emon lewat sundulannya. Indonesia terus menekan di babak kedua. Peluang emas Baggott dengan sundulan di depan gawang masih bisa ditepis kiper MehediHasan pada menit ke-75. Romeny sempat bikin gol di menit ke-84 tapi dianulir. Setelahnya drama terjadi! Dari menit ke-90, Indonesia bikin empat gol via Luke Vickery, Kevin Diks, dan Baker lagi. Baker borong lima gol! Bangladesh juga sempat perkecil lewat Farhaan Ali. Skor 9-2 selesai buat Garuda! Indonesia berhak lolos ke final dengan skema produktivitas gol dibanding Malaysia. Malaysia menang 6-0 atas Singapura. Poin Indonesia dan Malaysia sama-sama 9 poin. Selisih gol sama-sama 9. Tapi, Indonesia unggul produktivitas gol dengan 11 berbanding 9. (aff/rin)"
sport,https://sport.detik.com/sport-lain/d-8688339/asian-games-2026-aditya-tri-syahria-false-start-gagal-dapat-medali,"Aditya Tri Syahria false start di final speed putra panjat tebing Asian Games 2026. Aditya pun gagal menyumbang medali. Dalam lomba yang digelar di Portmesse Nagoya Exhibition Hall 1, Kamis (1/10/2026) malam WIB, Aditya menjadi wakil Indonesia yang lolos ke final nomor speed putra panjat tebing Asian Games 2026. Di semifinal, ia mencatatkan waktu 4,786 detik. Namun, Aditya justru false start saat final. Sementara medali emas diraih oleh wakil China, Shouhong Chu. Sementara itu, Veddriq Leonardo tersingkir di semifinal. Catatan waktunya 4,95 detik di babak semifinal. (nds/krs)"
sport,https://sport.detik.com/sport-lain/d-8688336/susunan-pemain-indonesia-vs-bangladesh-di-fifa-asean-cup-2026,"Timnas Indonesia menghadapi Bangladesh pada laga terakhir Grup A FIFA ASEAN Cup 2026. Berikut susunan pemain Indonesia vs Bangladesh yang akan tampil di Stadion Utama Gelora Bung Karno (SUGBK), Jakarta, Kamis (1/10/2026) pukul 19.30 WIB. John Herdman menurunkan Emil Audero sebagai penjaga gawang sekaligus memilih Kevin Diks sebagai kapten Timnas Indonesia. Di lini belakang ada Rizky Ridho, sementara Joey Pelupessy dipercaya mengisi lini tengah. Berikut daftar susunan pemain Indonesia vs Bangladesh selengkapnya berdasarkan Start List resmi FIFA. Susunan pemain Indonesia Starting XI: - Emil Audero (GK) - Kevin Diks (C) - Rizky Ridho - Joey Pelupessy - Ole Romeny - Ragnar Oratmangoen - Calvin Verdonk - Ivar Jenner - Elkan Baggott - Justin Hubner Pemain cadangan: - Dion Markx - Jordi Amat - Rizky Eka Pratama - Egy Maulana Vikri - Luke Vickery - Mitchell Baker - Rayhan Hannan - Shayne Pattynama - Nathan Tjoe-A-On - Dean James - Maarten Paes (GK) - Nadeo Argawinata (GK) Pelatih: John Herdman Susunan pemain Bangladesh Starting XI: - Mehedi Hasan Srabon (GK) - Hamza Choudhury - Shuki Itofusa - Rakib Hossain - Sahariar Emon - Zidane Yousuf - Tariq Kazi - Zayyan Ahmed - Saad Uddin - Shamit Shome Pemain cadangan: - Shakil Ahad Topu - Rahmat Mia - Minhaz Shadin - Mohammad Ridoy - Shekh Morsalin - Mitul Marma (GK) - Fahamedul Islam - Md Sohel Rana - Sohel Rana - Sujon Hossain (GK) - Monjurur Rahman - Farhaan Ali Wahid - Mohammad Shome Pelatih: Thomas Dooley (krs/nds)"
sport,https://sport.detik.com/sport-lain/d-8688109/asian-games-2026-bintang-sofyan-ke-final-hadapi-pasangan-qatar-untuk-emas,"Bintang Akbar/Sofyan Rachman Efendi semakin dekat dengan medali emas Asian Games 2026. Untuk melakukannya, ada pasangan Qatar Cherif Samba/Ahmed Janko yang harus dikalahkan. Bintang/Sofyan memastikan tempat di partai puncak setelah menyingkirkan pasangan Jepang Kota Kurosawa/Taito Mizumachi dalam dua set langsung, Kamis (1/10/2026). Wakil Indonesia menang dengan skor 21-19 dan 21-18. Bintang/Sofyan sempat kesulitan menghadapi pasangan Jepang pada set pertama. Namun, keduanya mampu membaca permainan lawan dengan lebih baik pada set berikutnya. ""Set pertama agak kesulitan lawan Jepang. Set kedua dapat membaca permainan Jepang. Namun, blok-blok anak-anak berjalan dengan baik. Kunci kemenangan memang ada di blok,"" ujar Pelatih voli pantai putra Indonesia Andi Ardiansyah dalam keterangan tertulisnya. Kemenangan atas Jepang memperpanjang tren positif Bintang/Sofyan sepanjang fase gugur. Pada perempat final, pasangan unggulan ketiga Indonesia itu menyingkirkan Song Jinyang/Wang Yanwei dari China dengan skor 21-19 dan 21-18. Sebelumnya, mereka juga mengalahkan Hood Al Jalaboubi/Mazin Al Hashimi dari Oman pada babak 16 besar dengan skor 22-20 dan 21-18. Kini, Bintang/Sofyan hanya berjarak satu kemenangan dari medali emas. Tapi untuk mencapai podium tertinggi, mereka harus menantang pasangan Qatar Cherif/Ahmed. Cherif/Ahmed juga memastikan tempat di final setelah mengalahkan pasangan Thailand Parovid Taovato/Pithak Tipjan dengan skor 23-21 dan 21-12. Andi menyadari tantangan besar yang menanti anak asuhnya. Pasangan Qatar memiliki pengalaman di level tertinggi setelah meraih medali perunggu Olimpiade Tokyo 2020. ""Memang berat, mereka raih perunggu Olimpiade 2020. Tidak gentar, gas terus,"" kata Andi. Final tersebut menjadi kesempatan bagi Bintang/Sofyan untuk menutup perjalanan Asian Games 2026 dengan pencapaian tertinggi sekaligus membawa Indonesia meraih emas dari voli pantai putra. | Bintang Akbar/Sofyan Rachman Efendi. Foto: Dok. NOC Indonesia | (mcy/krs)"
sport,https://sport.detik.com/sport-lain/d-8687922/klasemen-medali-asian-games-2026-per-sore-ini-indonesia-ke-13,"Indonesia duduk di peringkat ke-13 klasemen medali Asian Games 2026 per sore ini. Masih ada kans raih medali lagi jelang malam nanti! Dilansir dari situs resmi Asian Games 2026 per pukul 15.30 WIB, Kamis (1/10) Indonesia duduk di peringkat ke-13 klasemen di bawahnya Hong Kong. Indonesia kumpulkan total 34 medali. Rinciannya adalah lima emas, delapan perak, dan 21 perunggu. Teranyar, emas dipersembahkan atlet panahan Nurisa Dian Ashrifah. Indonesia masih berpotensi tambah medali dari cabor panjat tebing. Ada Aditya Tri Syahria dan Veddriq Leonardo, yang main pada nomor speed putra. Mereka akan memulai babak perempatfinal pada pukul 18.00 WIB. Keduanya diharapkan bisa tambah pundi-pundi emas. China memimpin klasemen medali Asian Games 2026 sementara dengan 283 medali. Rinciannya 152 emas, 70 perak, dan 61 perunggu. Jepang di peringkat kedua dengan 53 emas, 77 perak, dan 77 perunggu. Wakil ASEAN ada yang sudah tembus lima besar, yakni Thailand dengan 12 emas, 10 perak, dan 15 perunggu. | INDONESIA | | Perolehan Medali Indonesia | | INDONESIA | INDONESIA | Peringkat Asia | | 13 | | Juara Olahraga Asia 2026 | | 5 | | Emas | | 8 | | Perak | | 21 | | Perunggu | | 34 | | Total Medali | (aff/cas)"
sport,https://sport.detik.com/raket/d-8687885/jonatan-christie-selesai-di-asian-games,"Jonatan Christie mengisyaratkan Asian Games 2026 akan jadi multievent Asia terakhir dalam kariernya. Ia pun bersyukur dapat kesempatan di momen tersebut. Jojo, sapaan karibnya, menuliskan pesan haru itu dalam akun sosial Instagramnya, pada Kamis (1/10/2028). Ia baru saja kembali ke Tanah Air bersama rekan-rekan pebulutangkis lainnya. Belum ada 24 jam di Jakarta, juara All England 2024 itu memberikan sinyal soal kariernya di Asian Games. ""Saya sangat bersyukur masih diberikan kesempatan untuk kembali mewakili Indonesia di Asian Games ketiga saya. Apalagi di usia dan fase perjalanan saya sekarang, saya sadar bahwa mungkin ini akan menjadi Asian Games terakhir saya,"" tulis Jonatan. ""Karena itu saya benar-benar mencoba menikmati dan menghargai setiap momennya. Terlebih bisa melewatinya bersama tim yang luar biasa ini. Bangga bisa berjuang bersama kalian."" | Baca juga: Dan Taufik Hidayat Kegirangan | Akan tetapi, Jonatan Christie menyadari, penampilan yang ia berikan dalam hampir dua pekan di Asian Games masih jauh dari harapannya. Di babak beregu putra, Jonatan tak sekalipun berhasil menyumbangkan poin dalam tiga laga yang dilakoni. Mulai dari perempatfinal, semifinal, dan final. Bahkan ia tak mendapatkan hasil yang lebih baik di nomor individu setelah tersingkir di babak perempatfinal. Laju peraih medali emas Asian Games 2018 itu dihentikan Loh Kean Yew dua gim langsung 14-21, 19-21. ""Walaupun begitu, saya juga tidak mau menutupi bahwa secara pribadi ada rasa kecewa yang sangat dalam dengan performa saya di pertandingan ini. Tentunya saya ingin bisa bermain lebih baik dan memberikan lebih banyak untuk tim,"" katanya. ""Tapi saya tahu satu hal: saat saya berada di lapangan, saya sudah memberikan apa pun yang saya punya saat itu. Dan setelah semuanya selesai, yang bisa saya lakukan adalah menerima, belajar, lalu kembali bekerja."" | Jonatan Christie saat meraih emas bulutangkis tunggal putra Asian Games 2018 ( Foto: Agung Pambudhy/detikSport) | Di akhir pesannya, Jonatan memberikan apresiasi kepada juniornya, Alwi Farhan dan Moh. Zaki Ubaidillah yang berhasil membawa Indonesia merengkuh kemenangannya di Asian Games 2026. ""Dan apresiasi saya khusus nya untuk Alwi & Ubed, well done boys!"" ucapnya. ""Kalian menunjukkan permainan dan perjuangan yang luar biasa di Asian Games ini. Saya berharap ini baru menjadi awal dari perjalanan panjang kalian membawa tunggal putra Indonesia ke level yang lebih tinggi."" Ada pesan juga yang ditujukan kepada Pelatih Kepala Tunggal Putra Indonesia, Indra Widjaja. ""Untuk Ko Indra, saya juga sangat senang melihat bagaimana Ko Indra mendampingi mereka. Saya percaya Ko Indra adalah salah satu sosok yang tepat untuk membimbing generasi tunggal putra Indonesia selanjutnya,"" ungkap Jonatan. ""Apa pun yang terjadi setelah ini, satu hal yang pasti:Selalu sebuah kehormatan bisa berjuang untuk Indonesia,"" tulis Jonatan mengakhiri. (mcy/aff)"
sport,https://sport.detik.com/sport-lain/d-8687762/asian-games-2026-datang-tanpa-beban-nurisa-dian-ashrifah-pulang-bawa-emas,"Nurisa Dian Ashrifah tak menyangka bisa membawa pulang medali emas Asian Games 2026. Datang ke Aichi-Nagoya tanpa ekspektasi tinggi, atlet panahan Indonesia itu justru berhasil menjadi juara. Nurisa, yang akrab disapa Hani, meraih medali emas nomor compound individu putri setelah mengalahkan wakil Filipina, Amaya Amparo Cojuangco, dengan skor 139-137 pada Kamis (1/10/2026). Hasil tersebut sekaligus menjadi emas kelima Indonesia di Asian Games 2026. ""Dari awal saya tidak berekspektasi. Yang penting enak nembaknya,"" kata Hani dalam keterangan tertulisnya. Perjalanan Hani menuju podium tertinggi memang tidak dimulai dengan hasil yang mencolok. Pada babak kualifikasi, pemanah asal Semarang itu hanya menempati peringkat kedelapan dengan 701 poin. Namun, posisi tersebut tak membuatnya terbebani. Hani memilih menjalani setiap pertandingan satu demi satu dan membiarkan hasil mengikuti prosesnya. ""Sebenarnya dari kualifikasi saya cuma mencoba untuk menembak dengan nyaman. Hasilnya mengikuti. Ternyata di sesi kedua saya bisa menaikkan skor dan akhirnya peringkat delapan,"" ujarnya. Di babak berikutnya, Hani menghadapi wakil India, Chikitha Taniparthi, yang sebelumnya telah meraih dua medali emas dari nomor beregu putri dan mixed team Asian Games 2026. Pertandingan berlangsung di bawah matahari pagi yang berada tepat di depan arah tembak. Hani merasa beruntung karena mengenakan topi sehingga tetap bisa mengarahkan anak panah ke sasaran. Tantangan berikutnya datang dari wakil Korea Selatan, Oh Yoohyun, yang sebelumnya tampil konsisten dengan catatan perfect score. ""Dia (Oh Yoohyun) kemarin mainnya bagus, perfect score terus. Jadi saya tidak berekspektasi. Ya sudah, nembak saja,"" tutur Hani yang kaget dan panik dengan kondisi angin yang cukup kencang di sekitar venue. ""Dari tadi belum ada angin, bahkan dari kemarin belum ada angin. Baru hari ini panas, matahari datang, kemudian angin. Saya sempat agak panik, lawan juga panik. Tapi alhamdulillah saya bisa menang, selisihnya empat poin,"" kata Hani yang menang 147-143 dari Yoohyun sekaligus memastikan tiket ke final. Di partai puncak, kondisi kembali berubah. Angin semakin kencang seiring matahari meninggi. Pertandingan melawan wakil Filipina berlangsung ketat hingga end keempat dengan skor yang masih berimbang. Dua poin kemudian menjadi pembeda. Hani mengamankan kemenangan 139-137 dan untuk pertama kalinya dalam kariernya mendengar lagu Indonesia Raya berkumandang di Asian Games. ""Saya benar-benar enggak kebayang sampai final. Yang penting dari awal saya nembak bagus saja. Iya, ini semesta sepertinya mendukung. Pas saya nembah anginnya enggak terlalu kencang, tapi pas Filipina nembak, lumayan kencang,"" ujar Hani. Medali emas itu terasa semakin istimewa karena menjadi penampilan pertama Hani di Asian Games. Ia menyebut perjalanan menuju podium tertinggi sebagai kejutan yang tidak pernah dibayangkan sebelumnya. ""Ini plot twist banget dalam hidup saya. Saya lawan India dan Korea yang sudah menguasai panahan dan atlet top. Ternyata saya bisa,"" ucapnya. Di balik pencapaian tersebut, ada sosok sang ibu, Nurlisa, yang membuat medali emas ini semakin spesial. Hani secara khusus ingin mempersembahkan emas tersebut untuk ibunya. ""Jelas untuk ibunda tercinta. Pesan dari ibu cuma bilang kalau bonus dapat Rp3 miliar, ibu bisa umrah. Saya ingin mewujudkan harapan ibu,"" kata Hani. Kini, satu mimpi mulai diwujudkan Hani, yakni tampil di Olimpiade. ""Goal saya memang main di Olimpiade,"" ujar Hani. (mcy/krs)"
sport,https://sport.detik.com/sport-lain/d-8687312/nurisa-dian-ashrifah-cetak-sejarah-compound-indonesia,"Nurisa Dian Ashrifah meraih medali emas Asian Games 2026. Hasil itu sekaligus mencetak sejarah perjalanan compound Indonesia di multievent terbesar di Asia. Bertanding di Okazaki Chuo Sogo Park Multipurpose Square, Jumat (1/10/2026), Nurisa berhasil mengalahkan wakil Filipina Amaya Amparo Cojuangco dalam babak final compound putri. Nurisa menang setelah unggul 139-137 atas Amaya. Kemenangan ini membawa Nurisa meraih medali emas pertama panahan Indonesia, sekaligus kelima bagi kontingen Merah Putih. Hasil ini juga menjadi sejarah karena Indonesia belum sekali pun meraih medali emas compound sepanjang tampil di Asian Games. Baik di nomor individu dan tim putra dan putri, maupun mixed. ""EMAS KELIMA UNTUK INDONESIA! Kali ini, giliran Nurisa Dian Ashrifah yang menghadirkan kabar bahagia dari cabang olahraga archery,"" tulis akun sosial media Kemenpora. ""Dengan torehan 139 poin, Nurisa berhasil mengamankan medali emas kelima untuk Indonesia setelah melewati persaingan yang begitu ketat. Hanya terpaut 2 poin dari wakil Filipina, Nurisa mampu bertahan hingga akhir dan membawa Merah Putih berdiri di tempat tertinggi."" ""Lebih istimewa lagi, emas ini menjadi medali emas pertama Indonesia dari cabang olahraga archery sepanjang keikutsertaan di Asian Games."" ""Sebuah momen yang akan selalu punya tempat tersendiri dalam perjalanan olahraga Indonesia. Terima kasih, @hanishfa, sudah berjuang sampai anak panah terakhir. Selamat atas prestasinya! Hari ini, Indonesia kembali punya cerita untuk dibanggakan."" Compound pertama kali di pertandingan pada Asian Games 2014. Di nomor individu, tercatat baru dua kali dipentaskan, yakni saat di Incheon 2014 dan Hangzhou 2022. Sedangkan nomor tim compound, sebelumnya telah berlangsung tiga edisi. Yakni 2014 Incehon, 2018 Jakarta-Palembang, 2022 Hangzhou, dan 2026 Aichi-Nagoya.Adapun jomor mixed, mulai dipertandingkan pada Asian Games 2018, lalu edisi 2022. Dalam daftar pemenang, Korea Selatan dan India menjadi tim yang paking sering meraih gelar juara baik individu maupun tim, dan mixed. Kini, Indonesia masuk dalam (mcy/aff)"
sport,https://sport.detik.com/sport-lain/d-8687129/nurisa-dian-ashrifah-sumbang-emas-kelima-ri-di-asian-games-2026,"Indonesia menambah medali emas di Asian Games 2026. Ada Nurisa Dian Ashrifah yang menjadi juara nomor compound putri individu cabang olahraga panahan. Nurisa meraih medali emas, disusul Amaya Amparo Cojuangco dari Filipina dengan medali perak dan Kang Yeonseo dari Korea Selatan dengan medali perunggu. Ketiganya tercatat sebagai tiga peraih medali nomor compound putri. Tambahan tersebut membuat Indonesia kini mengoleksi lima medali emas di Asian Games 2026. Berdasarkan klasemen medali di situs resmi Asian Games 2026, Indonesia juga telah mengumpulkan 7 perak dan 20 perunggu. Dengan demikian, total koleksi Merah Putih mencapai 32 medali. Emas Nurisa menjadi tambahan terbaru Indonesia pada Kamis (1/10/2026). Sebelumnya, Merah Putih telah mengamankan medali emas dari bulutangkis, angkat besi, dan panjat tebing. Dengan tambahan emas dari Nurisa, Indonesia kini berada di posisi ke-13 klasemen medali Asian Games 2026. | INDONESIA | | Perolehan Medali Indonesia | | INDONESIA | INDONESIA | Peringkat Asia | | #13 | | Juara Olahraga Asia 2026 | | 5 | | Emas | | 7 | | Perak | | 20 | | Perunggu | | 32 | | Total Medali | (krs/krs)"
sport,https://sport.detik.com/raket/d-8687095/sempat-kasih-kode-jam-usai-raih-emas-beregu-ini-kata-alwi-farhan,"Alwi Farhan memberikan respons soal selebrasi menunjuk pergelangan tangan yang dilakukan tim bulutangkis beregu putra Indonesia saat pengalungan medali emas Asian Games 2026. Gestur tersebut sempat dikaitkan dengan kode jam Rolex. Alwi dan kawan-kawan baru saja mengukir sejarah di Asian Games 2026. Tim beregu putra Indonesia meraih medali emas setelah tampil impresif saat menghadapi China di babak final. Indonesia sempat tertinggal 0-2 setelah Jonatan Christie dan pasangan Fajar Alfian/Muhammad Shohibul Fikri gagal menyumbangkan poin pada dua partai awal. Namun, Alwi yang turun di partai ketiga berhasil mengalahkan Li Shi Feng dalam pertarungan tiga gim dengan skor 23-21, 15-21, 21-16. Momentum tersebut kemudian dilanjutkan Leo Rolly Carnando/Daniel Marthin. Moh. Zaki Ubaidillah kemudian menyempurnakan comeback Indonesia dengan kemenangan pada partai kelima. Tim Merah Putih menang 3-2 atas China dan berhak membawa pulang medali emas. Keberhasilan tim beregu putra meraih emas tak hanya menjadi pembuka keran medali emas Indonesia, tetapi juga mengukir sejarah bagi bulutangkis di Asian Games. Sebab, 28 tahun lamanya bulutangkis Indonesia belum kembali meraih gelar juara dari nomor beregu putra di pesta olahraga terbesar di Asia tersebut. Kemenangan itu pun mendapat sorotan masyarakat Indonesia. Termasuk selebrasi yang dilakukan Alwi, Ubed, Fajar Alfian, Muhammad Shohibul Fikri, Jonatan Christie, Muhammad Yusuf, Leo Rolly Carnando, Daniel Marthin, Nikolaus Joaquin, hingga Amri Syahnawi. Mereka kompak menunjuk pergelangan tangan. Selebrasi tersebut kemudian viral di media sosial dan dikaitkan dengan jam Rolex. Momen serupa bahkan sempat akan dilakukan Alwi dan kawan-kawan setibanya di Tanah Air, tetapi urung dilakukan. Rolex sempat menjadi topik utama warganet pada Juni tahun lalu. Presiden Prabowo Subianto menghadiahi para pemain Timnas Indonesia sebuah jam Rolex setelah mereka lolos ke putaran keempat Kualifikasi Piala Dunia 2026 Zona Asia. ""Ya, pastinya kita semua bermain bukan karena apa pun itu. Tapi ketika sudah mendapatkan itu semua, saya rasa kita semua atlet Indonesia layak diapresiasi, tanpa menyudutkan siapa dari cabang olahraga apa pun,"" kata Alwi setibanya di Jakarta, Rabu (30/9/2026) malam WIB. ""Ya, siapa yang memberikan prestasi yang terbaik di Indonesia dan ya menurut saya itu yang deserve untuk mendapatkan hal yang sama. Sama yang... ya, yang kita tahu,"" lanjutnya. detikSport kemudian menanyakan respons Menpora Erick Thohir soal kode atlet-atlet bulutangkis mengenai jam Rolex tersebut. Erick menjawabnya sambil bergurau, bagaimana jika bonus Rp3 miliar ditukar dengan Rolex? Alwi menolak gagasan tersebut. ""Aduh... Enggak lah, pastinya. Duitnya saja enggak apa-apa hahahaha."" Di Asian Games 2026, selain meraih emas beregu, atlet berusia 21 tahun itu juga meraih medali perunggu di nomor perorangan. Alwi terhenti di semifinal setelah kalah dari wakil Thailand, Kunlavut Vitidsarn. Lantas, seperti apa Alwi akan menggunakan apresiasi yang diperolehnya? ""Belum tahu ya. Enggak kepikiran juga mau dibuat apa, cuma bisa menjadikan motivasi. Ya, pastinya diinvestasikan buat masa depan, berbagi kepada yang membutuhkan. Dan ya pastinya kita enggak tahu apa menjadi kebutuhan saya,"" ungkap juara Indonesia Masters 2026 ini. ""Saya masih 21 tahun, belum punya tanggungan yang seperti apa juga, masih tinggal di asrama, dan enggak punya transportasi. Saya merasa hidup saya masih amat-amat cukuplah, alhamdulillah. Jadi, ya saya enggak tahu. Pastinya cukup investasikan untuk masa depan,"" tuturnya. Peraih medali emas SEA Games 2025 itu juga bakal mewujudkan nazar yang sudah ia ucapkan sebelum berangkat ke Asian Games. ""Ya, ada nazar untuk berbagi lah kepada orang-orang yang membutuhkan. Apalagi kepada karyawan-karyawan yang ada di PBSI karena mereka yang sehari-hari bersama, membantu kita. Meski yang milah-milih sampah, yang bersihin jalanan, semua itu adalah kunci kesuksesan dari semua atlet yang bertanding di Asian Games dan atlet semuanya,"" kata Alwi. (mcy/krs)"
sport,https://sport.detik.com/sport-lain/d-8687041/indonesia-masih-punya-kans-tambah-emas-menpora-semoga-kejutan-berlanjut,"Menpora Erick Thohir berharap kejutan medali emas Asian Games 2026 untuk Indonesia bisa terus berlanjut. Tim Merah Putih masih punya kans menambah medali emas dari panjat tebing dan esports. Indonesia saat ini sudah mengantongi empat medali emas dari bulutangkis, angkat besi, dan panjat tebing. Empat emas tersebut berasal dari dua emas bulutangkis, satu emas angkat besi, dan satu emas panjat tebing. Jumlah itu juga sejatinya sudah sesuai dengan target awal yang disepakati pemerintah, dalam hal ini Kemenpora, Komite Olimpiade Indonesia (KOI), serta Chef de Mission Indonesia. Namun, Indonesia masih berpeluang menambah pundi-pundi medali emas. Tercatat ada dua nomor yang lolos ke babak final, yakni nomor speed putra panjat tebing melalui Aditya Tri Syahria dan Veddriq Leonardo, serta timnas Mobile Legends dari cabang esports. Mereka semua akan bertanding Kamis (1/10/2026). Menatap dua peluang medali emas tambahan tersebut, Erick berharap kejutan bisa terus berlanjut. Ia juga mengimbau atlet-atlet Indonesia untuk bertempur secara maksimal di waktu yang tersisa sebelum Asian Games ditutup pada 4 Oktober mendatang. ""Ya, Bismillah. Saya terima tambahan satu (medali emas), saya terima tambahan dua, saya terima tambahan tiga. Yang terbaik,"" ucap Erick saat menyambut kepulangan tim bulutangkis dan angkat besi di Jakarta, Rabu (30/9/2026) malam WIB. ""Mudah-mudahan para atlet yang masih ada di Asian Games berjuang sampai titik terakhir, habis-habisan,"" ujarnya. Erick sangat menekankan hal itu karena apresiasi dari pemerintah cukup besar. Peraih medali emas perorangan mendapat bonus Rp3 miliar, sementara perhitungan untuk nomor ganda dan beregu berbeda. ""Sayang kalau yang individu tiga medali emas, sayang. Tetapi untuk beregu hitungannya beda, yang dobel hitungannya beda, tetapi tetap besar. Jadi, ditabung,"" tutur eks Menteri BUMN itu. ""Jadi atlet yang masih berjuang, apalagi sudah masuk final, berikan habis-habisan buat dirinya, buat keluarganya, dan tentu buat bangsa. Sayang, uangnya besar. Mudah-mudahan kita ada kejutan-kejutan lain selain yang hari ini,"" tegas Erick. | INDONESIA | | Perolehan Medali Indonesia | | INDONESIA | INDONESIA | Peringkat Asia | | #13 | | Juara Olahraga Asia 2026 | | 4 | | Emas | | 7 | | Perak | | 20 | | Perunggu | | 31 | | Total Medali | (mcy/krs)"
sport,https://sport.detik.com/sportstyle/d-8686174/fia-rallycross-world-cup-hadir-di-ancol-ini-keseruan-yang-bisa-disaksikan,"Pecinta rallycross punya agenda baru yang bisa masuk kalender akhir tahun. FIA Rallycross World Cup Indonesia 2026 akan hadir di Ancol Rallycross Circuit Jakarta pada 5-6 Desember 2026. Selama dua hari, penonton bisa menyaksikan langsung aksi pembalap rallycross dunia, balapan pendukung dari Indonesia, hingga berbagai hiburan di area festival. Jadi, pengalaman yang ditawarkan bukan cuma datang, duduk, lalu menonton balapan sampai selesai. Saksikan Aksi Pembalap Dunia di Lintasan Rallycross FIA Rallycross World Cup Indonesia 2026 menghadirkan kelas RX1 dan RX5 sebagai bagian dari kompetisi utama. Pembalap akan beradu cepat di lintasan yang menggabungkan permukaan aspal dan kerikil dengan karakter tikungan yang rapat. Format rallycross juga membuat aksi di lintasan terasa lebih dekat. Mobil bisa saling berdampingan saat melewati tikungan, sementara perubahan permukaan lintasan ikut menjadi tantangan bagi para pembalap. Buat pecinta motorsport yang selama ini mengikuti rallycross dari layar, momen ini bisa jadi kesempatan untuk melihat langsung atmosfer balapan di sirkuit. Ada Indonesia Supporting Race Keseruan tidak berhenti di kelas utama. FIA Rallycross World Cup Indonesia 2026 juga menghadirkan Indonesia Supporting Race yang mempertemukan pembalap lokal di lintasan yang sama. Ajang ini bisa menjadi bagian menarik buat penonton yang ingin melihat aksi pembalap Indonesia secara langsung. Apalagi, mereka akan menghadapi karakter lintasan rallycross yang sama selama gelaran berlangsung. Sekalian Main ke Sarga Festival Selain area balapan, ada Sarga Festival yang menghadirkan hiburan dan aktivitas lain di sekitar acara. Jadi, pengunjung bisa menghabiskan waktu di venue dengan pengalaman yang lebih beragam. Untuk kategori tiket tertentu, termasuk premium dan VIP Hospitality, akses ke Sarga Festival sudah termasuk dalam tiket. Detail fasilitas tiap kategori tiket bisa dicek sebelum melakukan pembelian. Catat Jadwal FIA Rallycross World Cup Indonesia 2026 Kalau sudah tertarik datang, jangan sampai salah tanggal. FIA Rallycross World Cup Indonesia 2026 akan berlangsung selama dua hari dengan detail berikut: - Tanggal: 5-6 Desember 2026 - Hari: Sabtu dan Minggu - Waktu: 10.00-22.00 WIB - Lokasi: Ancol Rallycross Circuit Jakarta, Jakarta Utara - Tiket: Berlaku untuk dua hari dan sudah termasuk tiket masuk Ancol Pilih Spot Nonton Sesuai Pengalaman yang Diinginkan Ada beberapa kategori tiket yang bisa dipilih, mulai dari area berdiri di Red Zone, tribun bernomor, hingga VIP Hospitality. Masing-masing menawarkan pengalaman menonton yang berbeda. Buat pecinta rallycross yang ingin merasakan atmosfer balapan dari dekat, area yang lebih dekat dengan lintasan bisa menjadi pilihan. Sementara itu, tribun bisa dipertimbangkan jika ingin menonton dengan posisi duduk dan pandangan yang lebih terarah ke lintasan. Jadi, kalau sudah lama ingin melihat aksi rallycross secara langsung, inilah saatnya! Cek ketersediaan kursi dan amankan tiketmu sekarang melalui detikevent!"
sport,https://sport.detik.com/sport-lain/d-8686789/ini-kunci-desak-made-rita-raih-emas-asian-games-2026,"Atlet panjat tebing Desak Made Rita Kusuma Dewi sukses meraih emas Asian Games 2026. Lantas apa kunci kemenangannya? Turun di nomor speed putri, atlet asal Bali tersebut menjadi yang tercepat usai mencatatkan waktu 6,062 detik di Nagoya International Exhibition Hall, Rabu (30/9/2026). Catatan tersebut sekaligus memecahkan rekor Asian Games atas namanya sendiri yakni 6,07 detik. Tak hanya itu, medali emas ini sekaligus menjadi yang kedua beruntun buat Desak Made di Asian Games. Sebelumnya, ia juga menjadi juara nomor speed putri pada Asian Games Hangzhou 2022. Perjuangan Desak menuju podium tertinggi tidak berlangsung mudah. Perlombaan sempat mengalami kendala sistem timing yang membuat pertandingan beberapa kali tertunda. Dalam kondisi tubuh dan pikiran yang sudah siap bertanding, ia harus menunggu hingga beberapa waktu lebih lama. ""Lebih ke ikhlas saja sih tadi. Dari sebelumnya saya juga melihat catatan waktu peserta lain. Bagus-bagus, selisihnya kecil. Jadi dari awal saya mencoba manjat dengan ikhlas saja,"" ujar Desak. ""Beberapa kali ada trouble yang lumayan mengganggu karena badan dan pikiran sudah siap. Tiba-tiba ditunda lima menit, kemudian lima menit lagi. Saya lebih mencoba berpikir positif dan mengalihkan pikiran,"" lanjutnya. Selain kendala teknis, Desak juga harus beradaptasi dengan format four-lane yang berbeda dari two-lane. Situasi false start pun membuat perlombaan harus diulang. ""Di sini menggunakan format four-lane, jadi fokusnya lebih tinggi dibandingkan two-lane. Seperti tadi, ketika terjadi false start, kami harus mengulang lagi,"" katanya. Menariknya, Desak mengaku sempat blank setelah melakukan panjatan karena belum mengetahui apakah dirinya menjadi pemenang. ""Masih nge-blank. Saya tidak tahu siapa yang menang. Jadi saya manjat saja, sudah, manjat dengan ikhlas,"" ujarnya. Begitu mengetahui dirinya kembali meraih emas sekaligus memecahkan rekor Asian Games, Desak tak kuasa menahan haru. ""Masih tidak percaya ternyata bisa sampai seperti ini. Rasanya langsung ingin menangis. Bingung juga, tapi sangat bersyukur,"" kata Desak. Ia mempersembahkan keberhasilan tersebut untuk dirinya sendiri, kedua orang tua, rekan-rekan pelatnas, seluruh tim, serta masyarakat Indonesia yang terus memberikan dukungan. ""Untuk masyarakat Indonesia, terima kasih banyak atas doanya. Medali ini untuk kita semua,"" ucapnya. Emas kedua di Asian Games sekaligus rekor baru tersebut menjadi motivasi bagi Desak untuk terus meningkatkan performa. Ia berharap catatan waktunya bisa kembali dipangkas dan menjadi pijakan menuju Olimpiade Los Angeles 2028. ""Semoga bisa menjadi 6,05 detik. Dan ini juga menjadi loncatan untuk menuju Olimpiade Los Angeles 2028,"" tutup Desak. (mcy/raw)"
sport,https://sport.detik.com/sport-lain/d-8686722/profil-desak-made-peraih-emas-keempat-ri-kenal-panjat-tebing-karena-bibi,"Desak Made Rita Kusuma Dewi kembali bikin bangga Indonesia. Ia menjadi atlet tercepat se-Asia setelah mempertahankan medali emasnya di Asian Games 2026 Aichi-Nagoya. Desak bergerak 'secepat kilat' menekan bel waktu, untuk merengkuh kemenangannya pada nomor speed putri, Rabu (30/9/2026). Kemenangan yang semakin istimewa karena atlet asal Bali ini juga mencetak rekor Asian Games dan Asia, pada pesta olahraga empat tahunan edisi ke-20 ini. ""Selamat untuk Desak Made Rita Kusuma Dewi atas rekor Asian Games dan Asia 6,06 detik dan berhasil mengunci emas ke-4 untuk Indonesia,"" tulis akun sosial media federasi. Keberhasilan Desak mewujudkan emas keempat bagi Indonesia tentunya buah dari proses yang tak mudah. Atlet berusia 25 tahun ini melakukan persiapan panjang. ""Dari awal memang mimpi-mimpi kita adalah Asian Games dan Olimpiade. Kami sudah berlatih,"" kata Desak kala itu. Kini, Desak Made menuai usaha dan kerja kerasnya. Ia mengukir tinta emas atas namanya di Asian Games 2026, sekaligus mempertahankan medali emas pada Asian Games edisi sebelumnya. Berkaca dari rentetan prestasi yang dia torehkan. Juara dunia 2023 ini memang membangun mimpinya pelan-pelan. Mengutip detikBali, Desak mengenal cabang olahraga panjat tebing sejak masih usia belia. Kerap mengikuti sang Bibi yang juga atlet panjat tebing ke Taman Kota Singaraja, Desak yang saat itu masih kelas 2 SD, tertarik mencobanya. Sampai akhirnya, dia betul-betul jatuh cinta dengan olahraga memanjat tersebut. ""Dari awal saya ikut olahraga panjat tebing, tidak pernah mencoba olahraga lain dan terus terjun menjadi atlet panjat tebing,"" kata Desak. Adrenalinenya meningkat ketika harus berpacu dengan waktu di papan panjat. ""Yang paling saya sukai dalam olahraga panjat tebing adalah sangat menantang. Karena saya terus dipacu untuk memperkecil waktu pemanjatan,"" ujarnya. Hasilnya pun terbukti. Desak tak hanya menjadi atlet putri tercepat di Tanah Air, tapi juga level Asia. Sebelum berjaya di Asian Games, ia bahkan sudah mencetak berbagai prestasi. Emas di pesta olahraga pantai Asia di Sanya 2026, juara Asia di Meishan 2026, tiga emas di tiga seri Piala Dunia Krakow 2025 dan 2026, serta Chamonix 2026. Selain itu, dia juga tercatat sebagai juara dunia di Bern pada tahun 2023, dan juara di pesta olahraga dunia yang bergulir di Chengdu, pada tahun lalu. (mcy/raw)"
sport,https://sport.detik.com/raket/d-8686185/gacor-di-asian-games-leo-daniel-kini-bidik-tur-eropa,"Emas Asian Games 2026 bukan titik akhir bagi Leo Rolly Carnando/Daniel Marthin. Mereka membidik target selanjutnya di tur Eropa. Leo/Daniel menjadi salah satu pebulutangkis yang sukses mengawinkan medali emas nomor beregu putra dan individu di cabang olahraga bulutangkis Asian Games 2026. Performa impresif itu menjadi kebanggaan tidak hanya bagi kontingen Indonesia, tapi mereka pribadi. Namun, Leo/Daniel sadar tak bisa terus terlena dengan pesta emas di Auchi-Nagoya. Mereka harus kembali menjaga kondisi dan berlatih guna persiapan mengikuti turnamen-turnamen selanjutnya. ""Kami rencana istirahat satu-dua hari, dan kemudian harus latihan lagi,"" ujar Leo. Menilik kalender BWF, Leo/Daniel tercatat terdaftar dalam tiga tur Eropa. Antara lain, Denmark Open mulai 13-18 Oktober, French Open (20-25 Oktober), dan Hylo Open (27 Oktober-1 November). ""Pertandingan ke depan untuk badminton masih banyak, jadi tur BWF-nya. Untuk menuju yang lebih baik lagi, pastinya kita harus latihan lebih giat lagi, harus menjaga konsisten,"" katanya. Sementara itu, Kabid Binpres PP PBSI, Eng Hian, mengatakan keberhasilan Leo/Daniel menjadi bagian dari proses regenerasi yang tengah dijalankan PBSI. Ia mengatakan program regenerasi merupakan salah satu program utama kepengurusan PBSI saat ini. Dalam waktu sekitar satu tahun sembilan bulan, menurutnya sudah mulai terlihat perkembangan dari program tersebut. ""Seperti yang disampaikan oleh ketua umum, program utama di kepengurusan ini kan proses regenerasi. Sehingga paling tidak dari waktu satu tahun sembilan bulan ini, kita sudah melihat ada progres,"" kata Eng Hian. Ia mengakui proses tersebut belum tentu langsung memenuhi seluruh ekspektasi masyarakat. Namun, hasil yang diraih di Asian Games menjadi salah satu indikator perkembangan yang sedang berjalan. ""Tentu tidak bisa memuaskan ekspektasi semua masyarakat. Tapi dari hasil pencapaian hari ini, kita sudah bisa melihat apa yang dilakukan oleh PBSI sudah cukup melakukan program regenerasi,"" ujarnya. (mcy/cas)"
sport,https://sport.detik.com/sport-lain/d-8686648/asian-games-2026-desak-made-raih-emas-keempat-untuk-indonesia,"Atlet panjat tebing Desak Made Rita Kusuma Dewi mempersembahkan emas keempat bagi Indonesia. Desak juga mengukir rekor Asian Games dan Asia! Desak Made Rita Kusuma Dewi bertanding di nomor speed putri Asian Games 2026, dalam perlombaan di Portmesse Nagoya Exhibition Hall 1, Rabu (30/9/2026) malam WIB. Di final, atlet asal Bali itu mengalahkan Deng Lijuan dari China Deng Lijuan dan Jeong Jimin dari Korea Selatan. ""Desak Made Rita raih emas keempat untuk Indonesia,"" tulis akun sosial media Tim Indonesia. Desak mengukir waktu 6,062 detik, yang menjadi rekor Asian Games dan Asia. Adapun Deng mencatatkan 6,064 detik dan Jimin 6,18 detik. Hasil ini sekaligus menandai keberhasilan atlet 25 tahun itu mempertahankan medali emas. Sebelumnya ia juga memenagi emas pada Asian Games 2022 di Hangzhou. Dengan demikian, Indonesia saat ini sudah memenuhi target empat emas yang dicanangkan pemerintah. Tiga emas sebelumnya dipersembahkan bukutangkis melalui beregu putra dan ganda putra Leo Rolly Carnando/Daniel Marthin. Kemudian satu emas juga didapat dari angkat besi melalui Rahmat Erwin Abdullah di kelas 75kg. | INDONESIA | | Perolehan Medali Indonesia | | INDONESIA | INDONESIA | Peringkat Asia | | #13 | | Juara Olahraga Asia 2026 | | 4 | | Emas | | 7 | | Perak | | 20 | | Perunggu | | 31 | | Total Medali | (mcy/raw)"
sport,https://sport.detik.com/sport-lain/d-8686152/panjat-tebing-buru-medali-yenni-wahid-aditya-atau-veddriq-yang-penting-emas,"Panjat tebing Indonesia membidik medali emas di Asian Games 2026, termasuk dari dua wakil di sektor putra. Ketua Umum PP Federasi Panjat Tebing Indonesia (FPTI) Yenni Wahid tak mempermasalahkan siapa yang nantinya menjadi juara, Aditya Tri Syahria atau Veddriq Leonardo. Yang terpenting, menurut Yenni, Merah Putih membawa pulang emas. Empat atlet Indonesia telah lolos ke putaran final nomor speed empat jalur, yakni Aditya, Veddriq, Desak Made Rita Kusuma Dewi, dan Berthdigna Devi Surya Kusuma. Aditya bahkan mencetak rekor Asian Games dengan waktu 4,62 detik pada babak kualifikasi, Rabu (30/9). Veddriq juga melaju setelah mencatat waktu 4,78 detik. Sementara Desak dan Berthdigna lebih dulu mengamankan tiket putaran final sehari sebelumnya. Yenni bersyukur melihat performa para atlet Indonesia dan berharap hasil tersebut berlanjut menjadi medali emas. ""Sangat bersyukur bahwa atlet kita baik putra maupun putri tetap menunjukkan kekuatan yang luar biasa dengan catatan waktu yang luar biasa. Dan tentunya kami berharap untuk final speed putri, kita bisa mendapat medali. Kami berharap meraih medali emas,"" kata Yenny dikutip dalam video yang diunggah federasi. Pencapaian Aditya juga menjadi bukti regenerasi panjat tebing Indonesia. Atlet junior itu mampu memecahkan rekor Asian Games yang sebelumnya dipegang Veddriq. ""Salah satu kelebihan dari para atlet panjat tebing Indonesia adalah banyak sekali bibit-bibit yang kita punya. Jadi selain atlet senior bahkan salah satunya atlet sudah berlaga di Olimpiade dan raih emas, tapi atlet junior juga menunjukkan kemampuan yang tak kalah, bahkan catatan waktunya melebihi senior-seniornya,"" ujarnya. Karena itu, Yenni tak ingin terlalu mempersoalkan siapa yang nantinya berdiri di podium tertinggi dari sektor putra. Ia hanya ingin ada atlet Indonesia yang membawa pulang emas. ""Tentu ini menjadi sebuah hal yang kami syukuri dan pertahankan prestasinya. Semoga atlet Indonesia bisa mendapat medali, apakah Veddriq atau Aditya tidak masalah, yang penting Indonesia pulang bawa medali emas."" ""Syukur-syukur setiap nomor kita mendapat medali apapun itu. Jadi podiumnya ada Indonesia ada di sana,"" kata Yenny. Yenni pun meminta masyarakat Indonesia memberikan dukungan dan doa kepada para atlet yang masih berjuang di Asian Games 2026. ""Ya, kami memohon doa dari seluruh masyarakat, semoga kita bisa menang pertandingan hari ini,"" ucap Yenny. (mcy/krs)"
sport,https://sport.detik.com/sportstyle/d-8686158/mau-nonton-fia-rallycross-world-cup-indonesia-ini-cara-pilih-spotnya,"Bingung pilih tiket FIA Rallycross World Cup Indonesia 2026 karena belum tahu enaknya nonton dari mana? Buat yang baru pertama kali datang, pilihan spot bisa disesuaikan dengan pengalaman yang dicari, mulai dari dekat dengan aksi sampai area yang lebih nyaman dan eksklusif. Mau Dekat Lintasan atau Lihat dari Jauh? Buat yang ingin merasakan suasana balapan dari dekat, General Admission serta Grandstand C dan D bisa jadi pilihan. Ketiganya berada di Red Zone, area dalam sirkuit yang cukup dekat dengan aksi balapan. Sementara itu, Grandstand A dan B cocok buat yang lebih nyaman duduk sambil menikmati jalannya balapan. Area ini punya pandangan yang bagus ke jump zone, jadi momen menikmati aksi mobil melompat bisa terlihat lebih jelas. Ada juga Grandstand E, F, dan G yang mengarah ke Turn 1. Dari sini, penonton bisa melihat jalannya balapan di tikungan sekaligus momen ketika para pembalap mencoba saling menyalip. Jumlah kursinya terbatas dan tiketnya sudah termasuk akses ke Sarga Festival. Ingin Nonton dengan Fasilitas Lebih Lengkap? Kalau ingin pengalaman yang lebih eksklusif, tersedia tiga pilihan VIP Hospitality, yaitu Deluxe, Lifestyle, dan Sarga RX. Masing-masing punya area dan pemandangan yang berbeda. VIP Deluxe berada di lounge dua lantai atau double-deck yang kapasitasnya dibatasi hingga 250 orang. Area ini punya pemandangan eksklusif ke joker lap. Sementara itu, VIP Lifestyle punya teras outdoor dengan pemandangan ke jump zone dan Turn 2. Untuk yang ingin merasakan suasana balapan lebih dekat dengan aktivitas tim, ada Sarga RX yang berada di area paddock. Ketiga pilihan VIP ini dilengkapi fasilitas seperti akses masuk VIP, makanan dan minuman, makan siang prasmanan, akses paddock, hingga akses ke Sarga Festival. Toilet privat juga tersedia untuk pemegang tiket VIP. Jangan Sampai Salah Catat Jadwalnya FIA Rallycross World Cup Indonesia 2026 akan digelar selama dua hari di Ancol Rallycross Circuit Jakarta. Berikut detail acaranya: - Hari: Sabtu dan Minggu - Tanggal: 5 dan 6 Desember 2026 - Waktu: 10.00-22.00 WIB - Lokasi: Ancol Rallycross Circuit Jakarta, Jakarta Utara Buat yang baru pertama kali nonton rallycross, Grandstand A dan B bisa dipertimbangkan kalau ingin duduk dengan pandangan yang cukup luas ke area jump zone. Sementara itu, pilihan lain bisa disesuaikan dengan pengalaman yang ingin didapat. Menariknya, tiket berlaku untuk dua hari sekaligus dan sudah termasuk tiket masuk Ancol. Jadi, tinggal pilih area yang paling sesuai. Amankan kursi kamu untuk menonton keseruannya melalui detikevent!"
sport,https://sport.detik.com/sport-lain/d-8686395/olahraga-yang-digandrungi-gen-z-dari-lari-hingga-workout,"Olahraga kini tak hanya menjadi aktivitas untuk menjaga kebugaran. Bagi Generasi Z (Gen Z), olahraga juga menjadi bagian dari gaya hidup, seiring meningkatnya kesadaran terhadap kesehatan fisik dan mental. Berdasarkan data Badan Pusat Statistik (BPS) tahun 2023, jumlah Gen Z di Indonesia mencapai 74,93 juta jiwa atau 27,94% dari total populasi. Gen Z sendiri adalah mereka yang lahir pada 1997 hingga awal 2012, generasi yang tumbuh di era digital sehingga pola hidup dan pilihan gaya hidupnya banyak dipengaruhi perkembangan teknologi. Lantas, olahraga apa saja yang banyak digemari Gen Z saat ini? Berikut lima di antaranya. 1. Lari Lari menjadi salah satu olahraga yang banyak dilakukan Gen Z. Selain mudah dilakukan dan tidak membutuhkan banyak peralatan, lari kerap dipilih sebagai aktivitas untuk menjaga kebugaran sekaligus melepas penat. Berdasarkan laporan tren olahraga GoodStats sepanjang 2023, lari menjadi aktivitas olahraga yang paling banyak dibagikan Gen Z di media sosial. Sebanyak 69% konten olahraga yang dibagikan Gen Z berkaitan dengan aktivitas lari. Fenomena lari juga berkembang menjadi bagian dari gaya hidup. Berbagai komunitas lari bermunculan dan kegiatan lari bersama menjadi salah satu cara anak muda berolahraga sekaligus bersosialisasi. 2. Bersepeda Bersepeda tetap menjadi pilihan olahraga favorit meski tidak sepopuler lari. Aktivitas ini digemari karena bisa dilakukan secara santai, cocok untuk rekreasi, sekaligus menyehatkan jantung dan paru-paru. 3. Gym dan Strength Training Olahraga angkat beban semakin diminati Gen Z karena manfaatnya yang besar bagi peningkatan massa otot. Latihan ini juga dinilai baik untuk postur tubuh dan kesehatan metabolik. 4. Padel Padel merupakan olahraga raket yang memadukan tenis dan squash, kini menjadi tren baru di kota-kota besar. Olahraga ini populer karena mudah dimainkan, menyenangkan, dan cocok untuk aktivitas sosial bersama teman. 5. Badminton Badminton masih menjadi olahraga favorit lintas generasi. Gen Z memilih badminton karena akses lapangan yang mudah, permainan yang cepat membakar kalori, dan sifatnya yang kompetitif namun tetap ramah bagi pemula. Itulah lima olahraga yang banyak digemari Gen Z, mulai dari lari, bersepeda, gym, padel hingga badminton. Pilihan olahraga tentu dapat disesuaikan dengan minat, kondisi fisik, serta aktivitas masing-masing. (akn/ega)"
sport,https://sport.detik.com/sport-lain/d-8686257/bintang-sofyan-tantang-tuan-rumah-jepang-di-semifinal-asian-games-2026,"Bintang/Sofyan mengalahkan Song Jinyang/Wang Yanwei pada babak perempatfinal, Rabu (30/9/2026). Mereka menang dua set langsung dengan skor 21-19 dan 21-18. Pelatih tim voli pantai putra Indonesia Andi Ardiansyah memuji penampilan Bintang/Sofyan yang mampu tampil maksimal menghadapi pasangan China. Meski sempat mendapat tekanan dari servis tajam lawan, keduanya mampu menjaga permainan hingga mengamankan kemenangan. ""Anak-anak bisa main dengan maksimal, sekalipun tadi sesekali sempat kelabakan kena servis lawan yang tajam,"" kata Andi dalam keterangannya melalui federasi. Di semifinal, tantangan Bintang/Sofyan semakin berat. Mereka akan menghadapi pasangan Jepang Taito Mizumachi/Kota Kurosawa. Mizumachi/Kurosawa melaju ke semifinal setelah mengalahkan pasangan China Wu Jiaxin/Zhou Chaowei dalam pertandingan tiga set, 19-21, 21-13, dan 15-12. Menghadapi wakil tuan rumah, Andi berharap Bintang/Sofyan kembali mampu menjaga fokus dan tampil lepas. Ia juga berharap pertandingan semifinal berjalan lancar bagi anak asuhnya. ""Bismillah, semoga anak-anak besok lawan Jepang diberi kelancaran,"" ujarnya. (mcy/krs)"
sport,https://sport.detik.com/raket/d-8685869/fajar-alfian-akhiri-kiprah-di-asian-games-kini-fokus-olimpiade-2028,"Fajar Alfian memastikan Asian Games 2026 menjadi penampilan terakhirnya di ajang olahraga se-Asia itu. Setelah tiga kali tampil di Asian Games, Fajar kini mengalihkan fokus ke Olimpiade Los Angeles 2028. Pebulutangkis ganda putra Indonesia menutup kiprahnya di Asian Games 2026 dengan medali perunggu bersama Muhammad Shohibul Fikri. Langkah mereka terhenti di semifinal setelah kalah dari pasangan China, Liang Wengkeng/Wang Chang, dengan skor 17-21, 21-13, 9-21, Senin (28/9). Setelah pengalungan medali, Fajar mengungkapkan keinginannya untuk tidak lagi tampil di Asian Games pada edisi berikutnya. Juara All England dua kali itu juga mengunggah sejumlah foto dan menuliskan pesan perpisahan melalui akun media sosialnya. ""Satu lagi medali untuk dikenang. Bukan akhir yang saya bayangkan, tapi tetap sebuah perjalanan yang saya syukuri. Selamat untuk Leo/Daniel atas medali emasnya. Indonesia bangga melihat perjuangan teman seperjuangan berbuah manis,"" tulis Fajar. ""Dan ini adalah Asian Games terakhir saya. Setelah melewati berbagai generasi dari 2018-2022-2026. Saya memilih menutupnya dengan syukur karena setiap langkah, setiap jatuh, dan setiap perjuangan telah menjadi bagian indah dari perjalanan ini."" Selama tiga kali mengikuti Asian Games, Fajar telah mengoleksi satu medali emas, dua perak, dan satu perunggu. Emas diraih Fajar pada nomor beregu putra Asian Games 2026. Sementara dua medali perak didapat pada nomor beregu dan individu Asian Games 2018. Adapun medali perunggu diraih bersama Fikri pada nomor ganda putra Asian Games 2026. Pada Asian Games 2022, Fajar hanya melaju hingga babak perempatfinal. Fajar juga menyampaikan apresiasinya kepada Fikri yang telah berjuang bersamanya di lapangan. ""Terima kasih juga buat partner di lapangan saya Shohibul Fikri yang telah berjuang bersama,"" tuturnya. Setelah memutuskan tidak akan tampil lagi di Asian Games, Fajar kini menetapkan Olimpiade Los Angeles 2028 sebagai target jangka panjang. Pada Olimpiade Paris 2024, Fajar yang saat itu masih berpasangan dengan Muhammad Rian Ardianto terhenti di babak perempatfinal. ""Sekarang target panjangnya menatap Olympic Los Angeles 2028,"" tutupnya. (mcy/krs)"
sport,https://sport.detik.com/sport-lain/d-8685852/aditya-cetak-rekor-asian-games-4-atlet-panjat-tebing-ri-ke-putaran-final,"Empat atlet Indonesia lolos ke putaran final nomor speed empat jalur panjat tebing Asian Games 2026. Aditya Tri Syahria bahkan mencetak rekor Asian Games dalam babak kualifikasi. Aditya menjadi yang tercepat pada kualifikasi speed putra yang berlangsung di Portmesse Nagoya Exhibition Hall, Jepang, Rabu (30/9). Ia membukukan waktu 4,62 detik sekaligus memecahkan rekor Asian Games sebelumnya. Rekor tersebut sebelumnya dipegang rekan senegaranya, Veddriq Leonardo, dengan catatan 4,95 detik yang dibuat pada Asian Games Hangzhou 2022. Aditya sempat mencatat 4,74 detik pada kesempatan pertama dan kembali membukukan 4,70 detik pada kesempatan ketiga. Setelah sempat dinyatakan false start pada kesempatan kedua, Aditya akhirnya mencatat waktu 4,62 detik pada kesempatan keempat. Catatan tersebut mengantarkan Aditya sebagai pemuncak kualifikasi. Sementara itu, Veddriq menempati posisi kelima dengan waktu terbaik 4,78 detik. Dengan hasil tersebut, Aditya dan Veddriq melengkapi dua wakil Indonesia yang lebih dulu lolos dari sektor putri, yakni Desak Made Rita Kusuma Dewi dan Berthdigna Devi Surya Kusuma. Desak mengakhiri kualifikasi speed putri di posisi ketiga dengan catatan waktu 6,29 detik. Berthdigna berada di peringkat kelima dengan 6,49 detik. Keduanya lolos ke putaran final setelah kualifikasi yang berlangsung Selasa (29/9). Posisi teratas ditempati atlet China Lijuan Deng dengan waktu 6,23 detik, yang sekaligus menjadi rekor Asian Games. Jimin Jeong dari Korea Selatan berada di posisi kedua dengan 6,25 detik. Ketua Umum PP Federasi Panjat Tebing Indonesia (FPTI) Yenni Wahid mengatakan hasil tersebut masih sesuai dengan harapan. ""Kita berharap, pada final speed putri malam ini (Rabu), kita bisa mendapatkan medali. Mudah-mudahan kita bisa mendapat medali emas,"" ujarnya dalam pernyataan yang diterima detikSport. ""Kita punya banyak stok baik senior yang salah satunya tampil dan dapat medali Olimpiade, dan juga junior yang catatan waktunya melebihi atlet senior,"" imbuhnya. Pada putaran final speed putri, Berthdigna akan berada di heat kedua. Ia menghadapi Eilin Tan dari Singapura, Yafei Zhou dari China, dan Adeliya Utesheva dari Kazakhstan. Sementara itu, Desak berada di heat keempat. Dia akan bersaing dengan Tamara Ulzhabayeva dari Kazakhstan, Hanareum Sung dari Korea Selatan, dan Jeanette Frances Koh dari Singapura. Untuk sektor putra, babak final akan berlangsung Kamis (1/10). Aditya berada di heat pertama perempat final dan akan menghadapi Jinyong Jo dari Korea Selatan, Shuto Fujino dari Jepang, serta Chi Fung Au dari Hong Kong. Veddriq menempati heat kedua dan akan bersaing dengan Amir Maimuratov serta Damir Toktarov dari Kazakhstan, dan Ezell Qing Wei Low dari Singapura. Empat atlet Indonesia tersebut kini menjadi tumpuan Merah Putih untuk meraih medali dari nomor speed empat jalur Asian Games 2026. (krs/cas)"
sport,https://sport.detik.com/sport-lain/d-8685441/ini-hasil-balap-gokar-antarpelajar-avenue-racing-series,"Selesai sudah gelaran balap gokar bergengsi antarpelajar, Avenue Racing Series. Berikut daftar para pemenangnya. Avenue Racing Series (ARS) 2026 yang didukung penuh oleh By.U resmi berakhir sukses di Kart.inc, Entertainment District PIK 2, akhir pekan kemarin. Ini jadi sejarah karena merupakan kejuaraan motorsport pertama di Indonesia yang murni digagas, dikelola, dan diikuti oleh pelajar SMA (Built by Students, for Students). Persaingan sengit babak puncak Final A menyajikan aksi adu kecepatan luar biasa selama 14 lap. Mahardiga Zildham P tampil sebagai juara utama (ARS Champion) setelah memimpin balapan secara dominan dengan catatan waktu terbaik (Best Lap) 49,196 detik. ""Jujur senang dan bangga banget bisa juara disini. Apalagi event ini diselenggarakan oleh anak-anak SMA, ya teman-teman seumuran. Hebat kalian. Jadi event ini bisa ikut mengurangi balap liar yang selama ini lebih banyak diikuti anak-anak SMA. Lebih baik balapan disini kan. Terima kasih buat ARS, by.U dan anak-anak SMA yang udah bikin event sekeren ini,"" ujar Mahardiga dalam rilis kepada detikSport. Keberhasilan ARS 2026 membuktikan kalau generasi muda tak hanya lihai di atas sirkuit, tapi juga mampu mengeksekusi ajang motorsport berstandar profesional. Seluruh kepanitiaan yang diisi oleh pelajar SMA sukses menyajikan kompetisi yang aman, teratur, dan sportif. Ajang ini sekaligus menjadi wadah positif untuk mengalihkan potensi ketertarikan anak muda pada kecepatan dari aksi balap liar ke lintasan resmi yang terarah. Tentu saja ini jadi pelajaran berarti bagi para pelajar SMA, bagaimana memegang sebuah event atau pertandingan langsung. Keterlibatan by.U sebagai mitra utama menjadi elemen kunci di balik suksesnya acara ini. Sebagai brand yang dekat dengan gaya hidup digital anak muda, by.U membuktikan komitmen nyatanya dalam mendampingi dan mewadahi passion Gen Z di bidang motorsport. ""Kami sangat bangga dan terharu melihat antusiasme teman-teman pelajar. ARS 2026 membuktikan bahwa anak SMA bisa membuat wadah balap yang aman dan profesional. Dukungan penuh dari by.U menjadi alasan utama acara ini berjalan sukses dan menjadi pintu masuk nyata bagi kami para pelajar menuju dunia balap profesional,"" ujar Kimi Rae selaku Ketua Panitia Avenue Racing Series 2026. Hasil Resmi Main Final A - Avenue Racing Series 2026 1. Juara 1 Mahardiga Zildham P. (14 Lap | Best Lap: 49,196 detik) 2. Runner-up Muhammad Rasya Rad (14 Lap | Gap: +10,742s | Best Lap: 49,980 detik) 3. Posisi 3 Carlen Yaqzan (14 Lap | Gap: +11,890s | Best Lap: 49,875 detik) 4. Posisi 4 Muhammad Khalif Br (14 Lap | Gap: +12,976s | Best Lap: 49,403 detik)* 5. Posisi 5 Senninha Ghaniy Sem (14 Lap | Gap: +19,574s | Best Lap: 50,222 detik) 6. Posisi 6 Michael Alan Sarkiss (14 Lap | Gap: +31,203s | Best Lap: 50,785 detik) 7. Posisi 7 Aditya Rizky Taufiqui (14 Lap | Gap: +37,605s | Best Lap: 51,043 detik) 8. Posisi 8 Ali Eugene Junianto (14 Lap | Gap: +40,320s | Best Lap: 51,008 detik) | Baca juga: Juara KPL Season 2 Akan Dikirim ke Finlandia | (mrp/adp)"
