id,kategori,url,teks,jumlah_kata
1,sport,https://sport.detik.com/sport-lain/d-8695603/erick-thohir-senang-indonesia-lampaui-target-cabor-gagal-siap-siap-mandiri,"Menpora Erick Thohir senang kontingen Indonesia melampaui target medali emas di Asian Games Aichi-Nagoya 2026. Cabang gagal siap-siap mandiri. Kontingen Merah-Putih menyelesaikan perjuangan di multievent empat tahunan terbesar di Asia dengan torehan lima medali emas. Kepingan itu berasal dari bulutangkis dua medali emas dari beregu putra dan ganda putra atas nama Leo Rolly Carnando/Daniel Marthin, angkat besi persembahan Rahmat Erwin Abdullah kelas 75kg putra, panjat tebing melalui Desak Made Rita Kusuma Dewi nomor speed putri, dan panahan cabang compound persembahan Nurisa Dian Ashrifah. Erick bangga sebab catatan emas itu diukir oleh cabang-cabang olahraga Olimpiade. Bagaimana pun, kerja keras harus terus dilanjutkan menatap multievent selanjutnya. Terlebih, ke depan ada SEA Games 2027 dan Olimpiade Los Angeles 2028. ""Ya, melebihi target. Dan saya senang medali-medali itu dikumpulkan dari cabang-cabang Olimpiade. Ada panahan, ada bulutangkis, angkat besi, lalu panjat tebing,"" kata Erick saat ditemui di kawasan Jakarta Utara, Selasa (6/10/2026). ""Nah, ini yang kita minggu depan, saya sudah minta mulai refocusing buat Pelatnas SEA Games 2027 dan Olimpiade. Kita mulai sekarang. Karena sesuai dengan arahan Bapak Presiden (Prabowo Subianto) kami mau ada Pelatnas jangka panjang, jadi kita sudah mulai lagi,"" ujarnya. Terhadap cabang-cabang yang tidak memenuhi target, Erick Thohir menegaskan akan melakukan evaluasi termasuk memberikan punishment. ""Sama, ada rewards dan punishment. Karena sekarang semua anggaran itu spesifik sesuai dengan targetnya seperti apa,"" kata Erick. ""Padel kemarin mandiri. Jadi ya kalau memang yang janji (target) ya kita janjikan juga mandiri,"" lanjutnya. Saat ditanya lebih lanjut, apakah cabor tak sesuai target akan di-mandiri-kan? Soal itu, Erick tak menjawab secara gamblang. ""Ya enggak, yang berjanji, tidak menepatinya, kita juga menjanjikan untuk mandiri. Itu punishment-nya? Ya enggak seperti itu, kita beri kesempatan,"" ucap Erick Thohir. (mcy/rin)",279
2,sport,https://sport.detik.com/moto-gp/d-8695608/motogp-jepang-rampung-ini-pemenang-bold-riders-podium-picks,"Rangkaian seri balap MotoGP Jepang di Sirkuit Motegi yang tuntas dilangsungkan pada 4 Oktober 2026 lalu telah menyajikan tontonan yang sangat kompetitif. Persaingan ketat antar-pembalap kelas dunia di lintasan tidak hanya memacu adrenalin para penonton di sirkuit, tetapi juga membangkitkan antusiasme tinggi di kalangan pencinta olahraga balap motor Tanah Air. Selain keseruan jalannya balapan utama, euforia luar biasa juga terlihat dari tingginya partisipasi peserta pada ajang tebak podium yang diadakan lewat microsite Bold Riders Podium Picks. Setelah melalui proses penghitungan poin yang teliti dari hasil prediksi balapan kemarin, akhirnya terpilih dua peserta yang berhasil mengumpulkan perolehan poin tertinggi. | MotoGP Foto: dok. Bold Riders | Kedua pemenang tersebut adalah Dahayati dan Rustanti. Mereka keluar sebagai pemenang utama dan berhak mendapatkan apresiasi serta hadiah menarik berupa voucher belanja masing-masing senilai Rp250.000. Keberhasilan ini tentu membuktikan ketepatan analisis para pemenang dalam membaca peta persaingan MotoGP seri Jepang. Bagi yang belum berkesempatan bergabung, saatnya mengambil bagian dan menjadi bagian dari keluarga besar Bold Riders. Sebagai official sponsor dari tim MotoGP Gresini Racing, Bold Riders hadir sebagai wadah komunitas motor multi-genre terbesar di Indonesia. Di sini, seluruh rider dari berbagai latar belakang dapat berkumpul, berbagi pengalaman riding, dan menikmati berbagai keseruan bersama dalam ikatan persaudaraan yang erat. Pastikan juga sudah follow akun Instagram resmi @boldriders agar tidak ketinggalan pembaruan informasi seputar MotoGP, penayangan konten-konten eksklusif, serta jadwal event motor keren berikutnya. (prf/ega)",228
3,sport,https://sport.detik.com/moto-gp/d-8695361/impian-jorge-martin-juara-dunia-dengan-3-tunggangan-yang-berbeda,"Jorge Martin sedang memperjuangkan titel juara dunia keduanya. Martin punya mimpi jadi juara dunia dengan tiga pabrikan yang berbeda. Mungkinkah? Pebalap Spanyol itu memenangi gelar pertamanya bersama Pramac pada 2024. Menunggangi motor Ducati, Jorge Martin mengalahkan rider pabrikan Francesco Bagnaia dengan keunggulan 10 poin di klasemen akhir. Taji Jorge Martin kembali di musim MotoGP 2026, kali ini di atas Aprilia RS-GP16. Martin memimpin klasemen sementara dengan raihan 333 poin, dibayangi jagoan Ducati Marc Marquez (331). Dalam sejarah balap motor kelas premier, belum ada pebalap yang mampu memenangi gelar juara dunia dengan tiga motor yang berbeda. Adapun enam pebalap yang juara dunia dengan dua pabrikan yang berbeda adalah Geoff Duke (Norton, Gilera), Giacomo Agostini (MV Augusta, Yamaha), Eddie Lawson (Yamaha, Honda), Valentino Rossi (Honda, Yamaha), Casey Stoner (Ducati, Honda), dan Marc Marquez (Honda, Ducati). ""Itu sudah jelas adalah sebuah mimpi. Itu akan mengukir sejarah,"" sebut Martinator dalam wawancaranya dengan AS. ""Ya, aku percaya memenangi titel-titel juara dunia; kalau tidak aku tidak akan berada di sini."" ""Aku enggak tahu apakah aku akan mencapainya atau tidak. Ini sesuatu yang mustahil bisa diprediksi. Aku enggak tahu,"" lanjut dia. ""Di hari aku pensiun, aku akan melihat apa yang sudah kucapai, tapi apa yang bisa kujanjikan adalah pekerjaanku dan komitmenku di olahraga ini, untuk memberikan segalanya. Dan kita akan melihat seberapa jauh aku bisa melangkah,"" Jorge Martin menambahkan. (rin/aff)",223
4,sport,https://sport.detik.com/moto-gp/d-8695022/veda-ega-nonton-final-fifa-asean-cup-sebelum-race-mandalika,"Rider Indonesia Veda Ega Pratama balapan di Mandalika akhir pekan ini. Pebalap Moto3 itu menyempatkan diri menonton final FIFA ASEAN Cup 2026 di Jakarta. Pertamina Grand Prix of Indonesia 2026 dijadwalkan Minggu (11/10). Beberapa rider dari kelas Moto3, Moto2, dan MotoGP sudah tiba di Tanah Air sejak Senin (5/10). Veda jadi salah satu pebalap yang telah mendarat di Indonesia awal pekan ini. Rider berusia 17 tahun itu mengikuti agenda pre-event bersama Astra Honda Motor pada pagi hari WIB di Jakarta. Malam harinya Veda memanfaatkan waktu untuk menyaksikan Timnas Indonesia menghadapi Thailand dalam final FIFA ASEAN Cup 2026. Akun X Honda Team Asia membagikan momen sang pebalap hadir langsung di tribun Stadion Gelora Bung Karno. Veda tampak mengenakan bajo polo hijau keabu-abuan dan topi warna senada dengan logo Red Bull. Dia melonjak kegirangan saat Timnas Indonesia menang adu penalti atas Thailand dan merengkuh trofi juara FIFA ASEAN Cup 2026. 🏆 Veda at FIFA ASEAN CUP 2026 GRAND FINAL ⚽️ Historic moment for the Indonesian sport and our rider didn't want to miss it! Want to full vlog of the match? Comment 🇮🇩 below 👇 #IndonesianGP #Jakarta https://t.co/AT0HN8MB5f — Idemitsu Honda Team Asia (@honda_team_asia) October 6, 2026 ""Veda di laga final FIFA ASEAN Cup 2026. Momen bersejarah untuk olahraga Indonesia dan pebalap kami tak mau ketinggalan menyaksikannya,"" cuit akun X Honda Team Asia. Race Mandalika jadi sesuatu yang ditunggu-tunggu Veda. Pebalap dengan nomor motor 9 ini untuk pertama kalinya bertarung di depan publik Indonesia sebagai di Moto3 2026. (bay/krs)",247
5,sport,https://sport.detik.com/sport-lain/d-8694792/tim-panjat-tebing-ri-langsung-fokus-target-peringkat-dunia-di-chile,"Pelatih speed tim panjat tebing, Fitriyani, mengungkapkan rasa puas atas performa anak asuhnya di Asian Games 2026. Tapi ada evaluasi! Salah satu sorotan adalah Aditya Tri Syahria nomor speed putra. Setelah pada babak kualifikasi berhasil menduduki peringkat pertama sekaligus memecahkan rekor Asian Games dengan catatan waktu 4,62 detik. Ia gagal meraih medali usai melakukan kesalahan start (false start) di babak final. ""Aditya sudah rekor Asia dan di dunia, dia juga nomor dua tercepat. Tapi mungkin karena jam terbang dan pengendalian diri mungkin kita harus evaluasi ke depannya dan banyak berlatih reaksi start lagi,"" ujar Fitriyani saat memberi keterangan kepada media. Walau begitu, secara keseluruhan, Fitriyani menilai, peak performance tim speed benar-benar keluar di Nagoya. Semua catatan waktu melampaui hasil latihan, seperti Desak Made Rita Kusuma Dewi 6,06 detik, Aditya 4,62 detik, Veddriq Leonardo 4,78 detik, dan Berthdigna Devi Surya Kusuma. berada di peringkat lima dengan catatan waktu terbaik 6,49 detik. ""Alhamdulillah, peak performanya pas semua. Waktunya itu di luar latihan semua, itu naik semua. Kami sangat puas dan mungkin harus lebih berbenah lagi ke depannya,"" katanya. Selanjutnya, tim akan langsung mengalihkan fokus ke ajang terakhir musim ini, World Climbing series Santiago di Chile mulai 23-25 Oktober 2026. Ajang ini menjadi penentu peringkat dunia atlet speed secara keseluruhan tahun ini. ""Desak kemarin enggak ikut dua series karena fokus ke Asian Games, Guiyang dan Chongqing, jadi poinnya turun. Sementara ini di peringkat tiga. Ini harus ikut biar naik peringkat lagi,"" jelas Fitriyani. Selain Desak, dua atlet putra yakni Robby Al Hilmi Antasyafi yang saat ini peringkat 3 dan Nursamsa Raharjati peringkat 4 juga akan diberangkatkan untuk mengejar overall juara dunia. ""Robby dan Raharjati masih bisa naik lagi tergantung hasil Chile,"" tambah peraih medali emas Asian Games 2018 ini. Untuk jangka panjang, tim juga akan menyiapkan diri menuju kualifikasi Olimpiade Los Angeles 2028 yang akan dimulai April 2027. ""Persiapan ke depan kita akan persiapan ke kualifikasi Olimpiade di 2027. Ada empat turnamen qualifier, ada jatah per negara dan per benua,"" ungkapnya. Fitriyani optimistis peluang Indonesia tetap besar, mengingat catatan waktu atlet-atlet masih sangat bersaing di level dunia. Selain itu, atlet-atlet seperti Rajiah Sallsabillah, Berthdigna Devi Surya Kusuma, Kadek Adi Asih, dan Veddriq Leonardo juga masih disiapkan sebagai tulang punggung. ""Kalau atletnya masih kita belum tahu (buat kualifikasi Olimpiade) karena akan ada Seleknas bulan ini untuk tim baru. Tapi untuk senior-senior ini kami anggap mereka berkesempatan dan sudah siap untuk kualifikasi Olimpiade,"" tutupnya. (mcy/aff)",400
6,sport,https://sport.detik.com/moto-gp/d-8694247/daftar-pemenang-motogp-mandalika-oliveira-hingga-aldeguer,"Pertamina Grand Prix of Indonesia 2026 sudah melahirkan empat pemenang berbeda di balapan utama sejak pertama kali masuk kalender MotoGP pada 2022. Miguel Oliveira menjadi pemenang pertama MotoGP Mandalika, kemudian disusul Francesco Bagnaia, Jorge Martin, dan Fermin Aldeguer. Balapan MotoGP Indonesia kembali digelar di Sirkuit Internasional Pertamina Mandalika, Lombok, Nusa Tenggara Barat, pada 2022. Dalam empat edisi yang sudah berlangsung, belum ada pembalap yang mampu memenangi balapan utama lebih dari sekali. Miguel Oliveira menjadi pemenang pertama MotoGP Mandalika pada 2022. Rider Portugal tersebut mengalahkan Fabio Quartararo dan Johann Zarco dalam balapan yang berlangsung dalam kondisi basah. Pada 2023, giliran Francesco Bagnaia yang menjadi pemenang. Rider Ducati tersebut memanfaatkan crash Jorge Martin yang sebelumnya memimpin balapan. Bagnaia akhirnya finis pertama, diikuti Maverick Vinales dan Fabio Quartararo. Jorge Martin kemudian menjadi pemenang MotoGP Mandalika 2024. Rider Pramac Racing itu mengungguli Enea Bastianini dan Pedro Acosta dalam balapan utama. Sementara itu, Fermin Aldeguer mencatat sejarah pada 2025. Rider Gresini Racing tersebut meraih kemenangan MotoGP pertamanya di Mandalika, mengungguli Pedro Acosta dan Alex Marquez. Dengan demikian, empat edisi MotoGP Mandalika menghasilkan empat pemenang berbeda di balapan utama: Miguel Oliveira pada 2022, Francesco Bagnaia pada 2023, Jorge Martin pada 2024, dan Fermin Aldeguer pada 2025. Daftar Pemenang Sprint Race MotoGP Mandalika Sprint Race baru diperkenalkan di MotoGP mulai musim 2023. Karena itu, pada MotoGP Mandalika 2022 belum ada Sprint Race. Pada tahun 2023, Jorge Martin menjadi pemenang Sprint Race MotoGP Mandalika. Kemenangan tersebut membuat Martin merebut posisi teratas klasemen sementara MotoGP dari Bagnaia sebelum balapan utama. Setahun kemudian, Francesco Bagnaia menjadi yang tercepat dalam Sprint Race MotoGP Mandalika 2024. Bagnaia finis di depan Enea Bastianini, sementara Marc Marquez melengkapi podium di posisi ketiga. Pada tahun 2025, Marco Bezzecchi keluar sebagai pemenang Sprint Race. Rider Aprilia tersebut mengalahkan Fermin Aldeguer dan Raul Fernandez. Marc Marquez finis keenam setelah mendapatkan penalti Long Lap. Menariknya, belum ada pembalap yang mampu meraih kemenangan di balapan utama MotoGP Mandalika lebih dari sekali. Empat edisi pertama selalu menghadirkan nama berbeda di posisi teratas. MotoGP Mandalika 2026 pun akan menjadi kesempatan bagi para pembalap untuk kembali mencatatkan namanya dalam daftar pemenang di Sirkuit Mandalika. Berikut daftar lengkap pemenang MotoGP Mandalika dan Sprint Race: | Tahun | Pemenang MotoGP | Pemenang Sprint Race | |---|---|---| | 2022 | Miguel Oliveira | - | | 2023 | Francesco Bagnaia | Jorge Martin | | 2024 | Jorge Martin | Francesco Bagnaia | | 2025 | Fermin Aldeguer | Marco Bezzecchi | (krs/cas)",408
7,sport,https://sport.detik.com/sport-lain/d-8694306/usai-pertahankan-emas-asian-games-desak-made-mulai-bidik-olimpiade-2028,"Desak Made Rita Kusuma Dewi tak mau berpuas diri setelah mempertahankan medali emas Asian Games 2026. Atlet panjat tebing Indonesia itu sudah membidik target berikutnya, termasuk tampil di Olimpiade Los Angeles 2028. Desak baru saja kembali meraih medali emas Asian Games. Pada edisi Hangzhou 2022, dia menjadi yang tercepat dengan catatan waktu 6,6 detik. Empat tahun berselang, Desak mengulang prestasi tersebut di Aichi-Nagoya. Dia finis dengan waktu 6,062 detik sekaligus memecahkan rekor Asian Games dan Asia atas namanya sendiri. Sebelumnya, atlet asal Bali itu juga memecahkan rekor dengan catatan waktu 6,07 detik pada Kejuaraan Asia 2026 di Meishan, China, April lalu. ""Senang banget akhirnya panjat tebing bisa mempersembahkan medali emas untuk Indonesia. Pastinya ini bukan akhir, perjalanan kita masih panjang untuk menatap Los Angeles 2028,"" kata Desak, saat memberi keterangan pada media setibanya di Jakarta. Meski kembali membawa pulang medali emas, Desak tak ingin terlena. Dia langsung mengalihkan fokus ke target berikutnya, yakni World Cup dan perjuangan menuju Olimpiade Los Angeles 2028. Desak masih menyisakan satu seri World Climbing Series Santiago 2026 di Chile pada 23-25 Oktober ini. Setelah itu, kualifikasi Olimpiade panjat tebing akan dimulai tahun depan. Juara Dunia 2023 itu memastikan akan tetap tampil maksimal. ""Saya sebagai atlet, pasti ingin tampil maksimal. Tapi fokus utamanya tetap menampilkan yang terbaik, maksimal, kemudian pasti ingin medali untuk Indonesia, apalagi seri world cup dan saya berharap saya bisa melakukan itu dengan baik,"" tuturnya. Desak juga menyadari persaingan di level Asia semakin ketat. Kondisi tersebut justru menjadi motivasi baginya untuk mempersiapkan diri lebih baik menghadapi ajang-ajang berikutnya. ""Untuk sekarang sangat ketat ya. Dari Asia, (seperti) Jepang sudah mulai kencang lagi, dan beberapa negara, sekarang untuk kualifikasi pun untuk masuk 16 besar sudah nembus 6,5 dan 6,6 detik. Dan itu membuat saya semakin termotivasi dan tidak ingin berpuas diri dengan medali ini karena event selanjutnya bakal lebih berat,"" kata Desak. Karena itu, Desak akan menjaga fokus pada latihan dan kondisi fisiknya. Dia juga tetap optimistis bisa mewujudkan impiannya tampil di Olimpiade Los Angeles 2028, setelah sebelumnya gagal mewujudkan target tersebut. ""Jadi untuk mempersiapkan dirinya fokus di latihan dan jaga kondisi, dan semoga bisa mimpi saya ke Los Angeles 2028. Saya selalu optimis saya bisa,"" tegas Desak saat ditanya soal kegagalan di Olimpiade sebelumnya. (mcy/krs)",371
8,sport,https://sport.detik.com/moto-gp/d-8694243/hasil-marc-marquez-di-motogp-mandalika-sejauh-ini-bisakah-putus-kutukan,"Marc Marquez punya pekerjaan besar di Pertamina Grand Prix of Indonesia 2026. Bukan cuma memburu kemenangan di MotoGP Mandalika 2026, rider Ducati Lenovo itu juga berusaha merebut puncak klasemen MotoGP dari Jorge Martin. Marc datang ke Indonesia dengan momentum luar biasa. Ia baru saja menyapu bersih MotoGP Jepang dengan kemenangan di Sprint dan race utama. Tambahan 37 poin dari Motegi membuat koleksi poinnya menjadi 331, hanya terpaut dua angka dari Martin yang masih berada di puncak dengan 333 poin. Namun, Mandalika bukanlah sirkuit yang memiliki kenangan manis bagi Marc. Sejak MotoGP Indonesia kembali digelar di Mandalika pada 2022, ia belum pernah finis dalam balapan utama. Pada 2022, Marc bahkan tidak tampil dalam race. Ia mengalami highside dalam sesi warm-up di Mandalika yang membuat masalah penglihatan gandanya kambuh. Marc kemudian dinyatakan tidak fit untuk mengikuti balapan. Semusim berselang, nasib Marc kembali kurang beruntung. Pada MotoGP Mandalika 2023, ia mengalami crash di Sprint Race dan kembali terjatuh dalam balapan utama. Peluang terbaik Marc datang pada 2024. Dalam Sprint Race, ia finis ketiga setelah sebelumnya start dari posisi ke-12. Hasil tersebut menjadi podium Sprint pertamanya di Mandalika. Sayangnya, hasil positif itu tidak berlanjut ke balapan utama. Marc harus mengakhiri race pada lap ke-12 setelah motor Gresini yang ditungganginya mengalami masalah teknis dan terbakar. MotoGP mencatat Marc belum pernah meraih podium maupun kemenangan dalam balapan Grand Prix di Mandalika. Pada MotoGP Mandalika 2025, Marc setidaknya mampu finis di Sprint. Ia finis keenam setelah sebelumnya mendapat Long Lap Penalty akibat kontak dengan Alex Rins pada lap pembuka. Marc sempat turun jauh, tetapi mampu kembali ke barisan depan dan akhirnya tercatat finis keenam setelah penalti Luca Marini. Namun, balapan utama kembali berakhir buruk. Marc terlibat insiden dengan Marco Bezzecchi di Tikungan 7 pada lap pertama. Keduanya terjatuh dan Marc mengalami cedera pada bahu kanannya. FIM MotoGP Steward kemudian menjatuhkan hukuman Double Long Lap kepada Bezzecchi karena dinilai menyebabkan kecelakaan tersebut. Dengan demikian, catatan Marc di Mandalika cukup unik: belum pernah finis di balapan utama MotoGP Indonesia, meski sudah dua kali meraih hasil positif di Sprint. Kini, Marc punya kesempatan untuk mengubah catatan tersebut. MotoGP Mandalika 2026 menjadi seri penting dalam persaingan gelar. Setelah menang di Jepang, Marc hanya berjarak dua poin dari Martin. Dengan enam seri masih tersisa, persaingan perebutan gelar MotoGP 2026 pun semakin ketat. Artinya, Mandalika bisa menjadi momentum penting bagi Marc untuk membalikkan rekornya sekaligus mengambil alih puncak klasemen. Marc sendiri sudah menyadari bahwa Indonesia akan menjadi tantangan berbeda. Setelah MotoGP Jepang, ia mengatakan soal Mandalika, ""Tahun ini akan berbeda!"". Akankah Marc Marquez akhirnya mampu finis di balapan utama MotoGP Mandalika sekaligus memanfaatkan momentumnya untuk menggusur Jorge Martin dari puncak klasemen? MotoGP Mandalika 2026 menjadi jawabannya. (krs/ran)",444
9,sport,https://sport.detik.com/sport-lain/d-8694041/gm-novendra-juara-kejurda-catur-piala-gubernur-dki,"Tuntas sudah Kejuaraan Daerah Catur Piala Gubernur DKI Jakarta 2026. Grand Master (GM) Novendra Priasmoro berhasil menjuarai kategori open. Kejurda itu digelar di The Tavia Heritage Hotel, Jakarta, 3-4 Oktober. Ajang ini diikuti 420 pecatur dari berbagai kelompok usia. Sebanyak 17 kategori dipertandingkan, mulai dari kelompok usia dini hingga veteran. Para peserta juga memperebutkan total hadiah sebesar Rp 100 juta. Penutupan Kejurda Piala Gubernur DKI Jakarta 2026 turut dihadiri sejumlah tokoh, di antaranya legenda catur Indonesia GM, Utut Adianto; Ketua Percasi DKI Jakarta, Hardiyanto Kenneth; Ketua KONI DKI Jakarta, Hidayat Humaid; Sekretaris Daerah (Sekda) Provinsi DKI Jakarta, Uus Kuswanto; serta Kepala Dinas Pemuda dan Olahraga (Kadispora) DKI Jakarta, Andri Yansah. Pada kategori open, Novendra tampil sebagai yang terbaik. Pecatur andalan Indonesia tersebut mengungguli Claudio Lasama yang menempati posisi kedua dan Satria Duta Cahaya di peringkat ketiga. Hasil tersebut membuat Percasi DKI Jakarta semakin percaya diri menghadapi Kejuaraan Nasional (Kejurnas) Catur ke-51 yang akan berlangsung di Banten pada 23-29 Oktober 2026. Ketua Percasi DKI Jakarta, Hardiyanto Kenneth, mengatakan Kejurda Piala Gubernur DKI Jakarta tidak hanya menjadi ajang kompetisi, tetapi juga sebagai momentum untuk mempersiapkan sekaligus menyaring atlet yang akan memperkuat kontingen Ibu Kota pada Kejurnas. ""Kejurda kali ini ada 17 kategori. Yang paling meriah open ya, hadiahnya paling besar. Yang menang GM Novendra. Saya senang karena menurut saya momen Kejurda ini menjadi suatu ajang yang penting karena selanjutnya ada Kejurnas,"" ujar Kenneth dalam rilis kepada detikSport. DKI datang ke Kejurnas 2026 dengan status sebagai juara umum. Karena itu, hasil Kejurda menjadi salah satu modal untuk kembali mempertahankan prestasi tersebut. ""Kita sebelumnya merupakan juara umum. Dengan hasil dari Kejurda ini saya optimis kita bisa juara lagi. Sudah tersaring para peserta yang akan kita daftarkan ke Kejurnas nanti,"" sambung Kenneth. Menurutnya, Percasi DKI Jakarta akan terus memperkuat pembinaan atlet, mulai dari kelompok usia dini hingga senior. Kejurda, kata dia, bukan semata-mata tentang mengejar gelar juara, melainkan juga menjadi tolok ukur keberhasilan pembinaan dan regenerasi pecatur di Jakarta. ""Rangkaian Kejuaraan Daerah Piala Gubernur DKI Jakarta 2026 telah selesai dilaksanakan dengan baik. Saya mengapresiasi seluruh atlet, pelatih, wasit, panitia, serta seluruh pihak yang telah bekerja keras sehingga pelaksanaan Kejurda tahun ini berjalan lancar dan kompetitif,"" bebernya. ""Bagi kami di Percasi DKI Jakarta, Kejurda bukan hanya tentang siapa yang menjadi juara, tetapi juga menjadi momentum untuk mengukur sejauh mana pembinaan dan regenerasi atlet catur berjalan. Saya melihat persaingan tahun ini semakin ketat dan kualitas para pecatur juga semakin meningkat,"" sambung Alumni PPRA Angkatan LXII Lemhannas RI itu. Penutupan Kejurda ini juga dirangkaikan dengan pelantikan enam kepengurusan Pengurus Kota (Pengkot) Percasi di wilayah DKI Jakarta. Keenam kepengurusan tersebut meliputi Percasi Jakarta Utara, Jakarta Barat, Jakarta Selatan, Jakarta Pusat, Jakarta Timur, dan Kepulauan Seribu. Percasi Jakarta Selatan dipimpin Joko Sukarno, Jakarta Utara oleh Ozi Fauzi, Jakarta Pusat dikomandani Andi Fachrie Lentera, Kepulauan Seribu dipimpin Rhama Bedah Wijaya, Jakarta Timur dinahkodai Angia Sekartaji, sedangkan Jakarta Barat digawangi Sunardi Sadeli. (mrp/nds)",481
10,sport,https://sport.detik.com/sport-lain/d-8693928/indonesia-juara-fifa-asean-cup-2026-usai-tekuk-thailand-via-adu-penalti,"Indonesia juara FIFA ASEAN Cup 2026 usai mengalahkan Thailand di final. Garuda menang adu penalti usai berimbang 2-2 dalam 120 menit. Di Stadion Utama Gelora Bung Karno, Senayan, Senin (5/10/2026), Indonesia dan Thailand dalam 120 menit. Kedua tim saling berbalas gol. Indonesia sempat unggul lewat Dean James di menit ke-84, namun langsung dibalas Thailand lewat Sanron Iklas. Skor 1-1 memaksa laga lanjut ke extra time. Di masa perpanjangan waktu, Thailand sempat berbalik unggul lewat gol Peeradol Chamrasamee. Indonesia kemudian gantian selamat lewat gol Elkan Baggott. Skor 2-2 membuat laga dilanjutkan ke babak tos-tosan. Pada adu penalti, Indonesia keluar jadi pemenang dengan skor 4-2. Semua penendang tuan rumah bisa menceploskan bola ke gawang, sementara dua eksekutor Thailand yakni Sarach Yooyen dan Nattapong Sayriya gagal memasukkan bola. Hasil ini membuat Indonesia keluar jadi juara FIFA ASEAN Cup 2026. Ini sekaligus jadi gelar perdana Garuda di kancah Asia Tenggara. Penendang Adu Penalti Indonesia Masuk: Kevin Diks, Dean James, Elkan Baggott, Shayne Pattynama Gagal: - Thailand Masuk: Manuel Bihr, Waris Choolthong. Gagal: Sarach Yooyen, Nattapong Sayriya Susunan Pemain Indonesia: Emil Audero, Kevin Diks, Elkan Baggott, Justin Hubner (Shayne PAttynama 101'), Calvin Verdonk (Egy Maulana 101'), Joey Pelupessy, Thom Haye (Dean James 45'), Luke Vickery (Rizky Ridho 60'), Ragnar Oratmangoen (Ivar Jenner 65'), Ole Romeny (Rayhan Hanan 109'), Mitchell Baker Thailand: Saranon Anuin, Nattapong Sayriya, Manuel Bihr, Nicholas Mickelson, Suphanan Bureerat (Waris Choolthong 53'), Sarach Yooyen, Kritsada Kaman (Peeradol Chamrasamee 90'), Kakana Khamyok (Iklas Sanron 79'), Chanathip Songkrasin (Seksan Ratree 63'), Supachai Chaided (Anan Yodsangwal 79'), Teerasak Poeiphimai (Jude Soonsup-Bell 63') (yna/mrp)",257
11,sport,https://sport.detik.com/sport-lain/d-8693652/eks-menpora-dito-ariotedjo-rebut-podium-di-aquabike-indonesian-championship,"Dito Ariotedjo meramaikan Aquabike Indonesian Championship (AIC) 2026. Eks Menteri Pemuda dan Olahraga itu bahkan merebut podium di kelas Endurance Elite GP1. Dalam kejuaraan Aquabike Indonesian Championship (AIC) 2026 Round 1 di Jet Ski Cafe, Pantai Mutiara, Jakarta Utara, Dito menunjukkan performa konsisten dalam dua moto yang dipertandingkan. Pada Moto 1, Dito menyelesaikan balapan di posisi keempat. Ia kemudian meningkatkan performanya pada Moto 2 dengan finis di posisi kedua. Hasil dari kedua moto tersebut mengantarkan Dito mengamankan posisi ketiga secara keseluruhan. Ia sukses naik podium di kelas Endurance Elite GP1. Pada klasemen akhir kelas tersebut, Dimas berhasil keluar sebagai juara pertama, disusul Faisal di posisi kedua, sementara Dito Ariotedjo menempati posisi ketiga. ""Ajang ini luar biasa persaingannya. Bukan podiumnya yang menjadi incaran, tapi bagaimana kita bisa terus mengembangkan diri dan menembus batas kemampuan kita selama ini,"" ucap pria yang juga pengurus Partai Golkar tersebut. Keikutsertaan Dito dalam AIC 2026 juga menjadi daya tarik tersendiri mengingat kiprahnya sebagai mantan Menteri Pemuda dan Olahraga. Hal ini sekaligus membuktikan perhatiannya terhadap perkembangan olahraga nasional belum luntur. (yna/ran)",174
12,sport,https://sport.detik.com/sport-lain/d-8693788/usai-kejurda-piala-gubernur-dki-percasi-dki-jakarta-siap-tempur-di-kejurnas-2026,"Grand Master (GM) Novendra Priasmoro berhasil menjadi juara kategori open pada Kejuaraan Daerah (Kejurda) Piala Gubernur DKI Jakarta 2026. Kejurda Piala Gubernur DKI Jakarta 2026 sukses digelar di The Tavia Heritage Hotel, Jakarta, pada 3-4 Oktober 2026. Ajang ini diikuti 420 pecatur dari berbagai kelompok usia. Sebanyak 17 kategori dipertandingkan, mulai dari kelompok usia dini hingga veteran. Para peserta juga memperebutkan total hadiah sebesar Rp100 juta. Penutupan Kejurda Piala Gubernur DKI Jakarta 2026 turut dihadiri sejumlah tokoh, di antaranya legenda catur Indonesia GM, Utut Adianto; Ketua Percasi DKI Jakarta, Hardiyanto Kenneth; Ketua KONI DKI Jakarta, Hidayat Humaid; Sekretaris Daerah (Sekda) Provinsi DKI Jakarta, Uus Kuswanto; serta Kepala Dinas Pemuda dan Olahraga (Kadispora) DKI Jakarta, Andri Yansah. Pada kategori open, Novendra tampil sebagai yang terbaik. Pecatur andalan Indonesia tersebut mengungguli Claudio Lasama yang menempati posisi kedua dan Satria Duta Cahaya di peringkat ketiga. Hasil tersebut membuat Percasi DKI Jakarta semakin percaya diri menghadapi Kejuaraan Nasional (Kejurnas) Catur ke-51 yang akan berlangsung di Banten pada 23-29 Oktober 2026. Ketua Percasi DKI Jakarta, Hardiyanto Kenneth mengatakan, Kejurda Piala Gubernur DKI Jakarta tidak hanya menjadi ajang kompetisi, tetapi juga sebagai momentum untuk mempersiapkan sekaligus menyaring atlet yang akan memperkuat kontingen Ibu Kota pada Kejurnas. ""Kejurda kali ini ada 17 kategori. Yang paling meriah open ya, hadiahnya paling besar. Yang menang GM Novendra. Saya senang karena menurut saya momen Kejurda ini menjadi suatu ajang yang penting karena selanjutnya ada Kejurnas,"" ujar Kenneth dalam keterangannya, Senin (5/10/2026). Pria yang akrab disapa Bang Kent itu menyebut, DKI Jakarta datang ke Kejurnas 2026 dengan status sebagai juara umum. Karena itu, hasil Kejurda menjadi salah satu modal untuk kembali mempertahankan prestasi tersebut. ""Kita sebelumnya merupakan juara umum. Dengan hasil dari Kejurda ini saya optimis kita bisa juara lagi. Sudah tersaring para peserta yang akan kita daftarkan ke Kejurnas nanti,"" tegas Kent yang juga Anggota DPRD DKI Jakarta Fraksi PDI Perjuangan. Menurutnya, Percasi DKI Jakarta akan terus memperkuat pembinaan atlet, mulai dari kelompok usia dini hingga senior. Kejurda, kata dia, bukan semata-mata tentang mengejar gelar juara, melainkan juga menjadi tolok ukur keberhasilan pembinaan dan regenerasi pecatur di Jakarta. ""Rangkaian Kejuaraan Daerah Piala Gubernur DKI Jakarta 2026 telah selesai dilaksanakan dengan baik. Saya mengapresiasi seluruh atlet, pelatih, wasit, panitia, serta seluruh pihak yang telah bekerja keras sehingga pelaksanaan Kejurda tahun ini berjalan lancar dan kompetitif,"" bebernya. ""Bagi kami di Percasi DKI Jakarta, Kejurda bukan hanya tentang siapa yang menjadi juara, tetapi juga menjadi momentum untuk mengukur sejauh mana pembinaan dan regenerasi atlet catur berjalan. Saya melihat persaingan tahun ini semakin ketat dan kualitas para pecatur juga semakin meningkat,"" sambung Alumni PPRA Angkatan LXII Lemhannas RI itu. Kent pun mengaku bangga terhadap perjuangan para atlet DKI Jakarta yang telah tampil maksimal selama Kejurda. ""Apapun hasil akhirnya, setiap pertandingan menjadi pengalaman berharga untuk meningkatkan kemampuan dan mental bertanding. Ke depan, Percasi DKI Jakarta akan terus memperkuat pembinaan dari tingkat junior hingga senior,"" tuturnya. ""Kami ingin memastikan muncul lebih banyak pecatur muda potensial yang nantinya tidak hanya mampu berprestasi di tingkat nasional, tetapi juga membawa nama Indonesia di ajang internasional,"" imbuhnya. Enam Pengkot Percasi Dilantik Penutupan Kejurda Piala Gubernur DKI Jakarta 2026 juga dirangkaikan dengan pelantikan enam kepengurusan Pengurus Kota (Pengkot) Percasi di wilayah DKI Jakarta. Keenam kepengurusan tersebut meliputi Percasi Jakarta Utara, Jakarta Barat, Jakarta Selatan, Jakarta Pusat, Jakarta Timur, dan Kepulauan Seribu. Percasi Jakarta Selatan dipimpin Joko Sukarno, Jakarta Utara oleh Ozi Fauzi, Jakarta Pusat dikomandani Andi Fachrie Lentera, Kepulauan Seribu dipimpin Rhama Bedah Wijaya, Jakarta Timur dinahkodai Angia Sekartaji, sedangkan Jakarta Barat digawangi Sunardi Sadeli. Kent berharap keberadaan kepengurusan di enam wilayah tersebut dapat memperluas akses masyarakat terhadap olahraga catur, khususnya bagi anak-anak dan pecatur pemula. ""Saya membuka ruang seluas-luasnya bagi orang tua berdomisili di Jakarta yang ingin anaknya belajar catur atau menjadi atlet catur, dan juga bagi para pecatur di warung kopi. Kita sudah siapkan kepengurusan di lima kota dan satu kabupaten,"" paparnya. Menurutnya, pembentukan kepengurusan di enam wilayah administrasi DKI Jakarta tersebut merupakan langkah penting untuk memperluas pembinaan catur hingga ke tingkat bawah. ""Dari dahulu belum pernah ada bentuk kepengurusan organisasi seperti ini. Baru ada di era saya. Harapan saya, semoga catur bisa menjangkau semua lapisan hingga kelas bawah,"" pungkas Kent. | Legenda Catur Indonesia GM (Grand Master) Drs Utut Adianto Sedang Memberikan Keterangan Kepada Awak Media Foto: Dok: Percasi DKI. | GM Utut Minta Kualitas Kejuaraan Terus Ditingkatkan Sementara itu, GM Utut Adianto yang juga merupakan pembina Percasi mengapresiasi pelaksanaan Kejurda Piala Gubernur DKI Jakarta 2026. Utut menilai penggunaan hotel sebagai lokasi pertandingan memberikan suasana berbeda sekaligus dapat meningkatkan motivasi para pecatur untuk menunjukkan kemampuan terbaiknya. ""Kejuaraan seperti ini bagi pecatur adalah impian. Apalagi mainnya di gedung bagus, hotel bagus. Ramai banget. Tepuk tangan untuk ketua kita, Pak Kenneth,"" kata Utut. Meski demikian, Utut memberikan sejumlah masukan agar kualitas penyelenggaraan kejuaraan ke depan semakin meningkat. Salah satunya dengan memperkuat tim teknis serta menambah jumlah babak pertandingan. ""Saran saya ke depannya mesti diperkuat tim teknis. Semoga diperbanyak babaknya, minimal sembilan pertandingan dan berlangsung 90 menit sehingga kualitas akan semakin meningkat,"" ujarnya. Sekda DKI Berharap Lahir Banyak Grand Master Tingginya antusiasme peserta juga mendapat apresiasi dari Sekda DKI Jakarta Uus Kuswanto. Dengan jumlah peserta mencapai 420 pecatur, Uus berharap Kejurda tersebut menjadi salah satu sarana untuk melahirkan talenta-talenta baru dari Ibu Kota. ""Mudah-mudahan catur DKI Jakarta bisa melahirkan lebih banyak GM dan penerus Utut Adianto. Saya lihat animo peserta sangat luar biasa,"" kata Uus. | Seluruh Pengurus Percasi (Persatuan Catur Seluruh Indonesia) DKI Jakarta Optimis Bahwa DKI Jakarta Akan Tetap Mempertahankan Titel Juara Umum di Kejurnas Catur Ke 51 Tahun 2026 Yang Akan Di Selenggarakan Di Banten Foto: Dok: Percasi DKI. | Novendra Optimistis Jakarta Pertahankan Gelar Sementara itu, Novendra mengapresiasi penyelenggaraan Kejurda DKI Jakarta tahun ini. Menurutnya, kualitas pelaksanaan dan persaingan yang tersaji menunjukkan keseriusan Percasi DKI Jakarta dalam membina atlet. ""Kejurda tahun ini keren banget. Saya lihat paling bagus dan mewah, digelar di hotel berbintang. Persaingan open juga sangat ketat. Di putra ini semua atlet PON ikut serta,"" ujar Novendra. Kualitas persaingan tersebut membuat Novendra optimistis DKI Jakarta mampu mempertahankan predikat juara umum pada Kejurnas Catur 2026 di Banten. ""Saya yakin DKI Jakarta akan bisa mempertahankan gelar juara umum di Kejurnas dan bahkan meraih lebih dari enam emas di bawah kepemimpinan Ketum Pak Kenneth yang sangat perhatian dengan para atlet,"" tegasnya. Dengan berakhirnya Kejurda Piala Gubernur DKI Jakarta 2026, perhatian Percasi DKI Jakarta kini beralih ke Kejurnas Catur ke-51 di Banten. Tingginya antusiasme peserta, hasil seleksi, serta performa para pecatur andalan seperti Novendra menjadi modal penting bagi Jakarta untuk kembali membidik gelar juara umum sekaligus menambah koleksi medali emas. (ega/akn)",1092
13,sport,https://sport.detik.com/sport-lain/d-8693684/susunan-pemain-indonesia-vs-thailand-di-final-fifa-asean-cup-2026,"Indonesia vs Thailand bentrok di final FIFA ASEAN Cup 2026 malam ini. Berikut susunan pemain kedua tim. Bermain di Stadion Utama Gelora Bung Karno, Senayan, Senin (5/10/2026), Indonesia menurunkan skuad terbaiknya. Di depan masih diisi duet Ole Romeny dan Mitchell Baker. Di tengah, Thom Haye kembali main usai sempat absen akibat kartu merah di laga terakhir Grup A. Ia akan bertandem dengan Joey Pelupessy, dengan dua sayapnya ada Ragnar Oratmangoen dan Luke Vikery. Di belakang, kuartet Kevin Diks, Elkan Baggott, Justin Hubner dan Calvin Verdonk jadi pengawal kiper Emil Audero, yang dipercaya di laga kali ini. Sementara di Thailand, Teerasak Poeiphimai yang sudah bikin dua gol jadi ancaman yang coba disiapkan pelatih Anthony Hudson. Di tengah ada gelandang tajam macam Sarach Yooyen dan Chanatip 'Messi Jay' Songkrasin. Laga Indonesia vs Thailand akan digelar pukul 20.00 WIB. Siapa yang kira-kira bakal keluar jadi juara? Susunan Pemain Indonesia: Emil Audero, Kevin Diks, Elkan Baggott, Justin Hubner, Calvin Verdonk, Joey Pelupessy, Thom Haye, Luke Vickery, Ragnar Oratmangoen, Ole Romeny, Mitchell Baker Thailand: Saranon Anuin, Nattapong Sayriya, Manuel Bihr, Nicholas Mickelson, Suphanan Bureerat, Sarach Yooyen, Kritsada Kaman, Kakana Khamyok, Chanathip Songkrasin, Supachai Chaided, Teerasak Poeiphimai (yna/adp)",192
14,sport,https://sport.detik.com/moto-gp/d-8693221/jadwal-motogp-mandalika-2026-misi-marc-marquez-kejar-jorge-martin,"MotoGP Mandalika 2026 di depan mata. Seri ke-17 MotoGP 2026 ini berlangsung di Pertamina Mandalika International Circuit, Lombok, Nusa Tenggara Barat, pada 9-11 Oktober 2026. MotoGP Mandalika menjadi seri penting dalam persaingan gelar juara dunia. Jorge Martin masih memimpin klasemen dengan 333 poin, tetapi Marc Marquez terus membuntutinya dengan 331 poin. Keduanya hanya terpaut dua angka setelah Marc menyapu bersih Sprint Race dan balapan utama MotoGP Jepang di Motegi.Marc meraih 37 poin dari akhir pekan MotoGP Jepang. Hasil tersebut memangkas jarak dengan Martin secara signifikan dan membuat persaingan menuju gelar semakin ketat. Sementara itu, Marco Bezzecchi berada di posisi ketiga dengan 284 poin atau tertinggal 49 poin dari Martin. Kini, persaingan berlanjut ke Mandalika. Marc akan berusaha melanjutkan momentum dari Jepang, sedangkan Martin tentu ingin mempertahankan posisi teratas klasemen. MotoGP Mandalika menjadi ronde ke-17 dari 22 seri dalam kalender MotoGP 2026. Setelah Indonesia, masih ada lima seri lagi, yakni Australia, Malaysia, Qatar, Portugal, dan Valencia. Rangkaian MotoGP Mandalika 2026 dimulai pada Jumat (9/10). Sesi MotoGP dibuka dengan Free Practice 1, dilanjutkan Practice pada sore hari. Pada Sabtu (10/10), para pembalap menjalani Free Practice 2 dan kualifikasi. Sprint Race kemudian digelar pada sore hari dengan jarak 13 lap. Balapan utama MotoGP Mandalika 2026 berlangsung pada Minggu (11/10). Race MotoGP dijadwalkan menempuh 27 lap. Jadwal MotoGP Mandalika 2026 Jumat, 9 Oktober 2026 - 08.00-08.35 WIB: Moto3 Free Practice 1 - 08.50-09.30 WIB: Moto2 Free Practice 1 - 09.45-10.30 WIB: MotoGP Free Practice 1 - 12.15-12.50 WIB: Moto3 Practice - 13.05-13.45 WIB: Moto2 Practice - 14.00-15.00 WIB: MotoGP Practice Sabtu, 10 Oktober 2026 - 07.40-08.10 WIB: Moto3 Free Practice 2 - 08.25-08.55 WIB: Moto2 Free Practice 2 - 09.10-09.40 WIB: MotoGP Free Practice 2 - 09.50-10.05 WIB: MotoGP Kualifikasi 1 - 10.15-10.30 WIB: MotoGP Kualifikasi 2 - 11.45-12.00 WIB: Moto3 Kualifikasi 1 - 12.10-12.25 WIB: Moto3 Kualifikasi 2 - 12.40-12.55 WIB: Moto2 Kualifikasi 1 - 13.05-13.20 WIB: Moto2 Kualifikasi 2 - 14.00 WIB: MotoGP Sprint Race (13 lap) Minggu, 11 Oktober 2026 - 09.40-09.50 WIB: MotoGP Warm Up - 11.00 WIB: Moto3 Race (20 lap) - 12.15 WIB: Moto2 Race (22 lap) - 14.00 WIB: MotoGP Race (27 lap)",356
15,sport,https://sport.detik.com/moto-gp/d-8693219/motogp-2026-akhir-pekan-buruk-alex-marquez-di-motegi,"Rider Gresini Racing, Alex Marquez, gagal meraih poin di MotoGP Jepang 2026. Pebalap berusia 30 tahun itu menjalani akhir pekan buruk di Motegi. Di Sirkuit Motegi pada akhir pekan lalu, Alex Marquez crash dalam dua balapan. Saat sprint race pada Sabtu (3/10/2026), Alex Marquez terjatuh pada tikungan awal sirkuit. Alex Marquez terlambat melakukan late braking hingga membuat Pedro Acosta terjatuh dan menyapu Fabio Di Giannantonio. Akibat insiden itu, adik Marc Marquez tersebut mendapatkan hukuman double long lap penalty saat main race. Pada balapan utama, Alex Marquez sebenarnya bisa bersaing di posisi lima besar. Karena menjalani double long lap penalty, Alex Marquez turun ke posisi kedelapan. Alex Marquez tak bisa menyelesaikan balapan karena melakukan kesalahan perpindahan gigi ketika motor miring. Pebalap yang didukung oleh Bold Riders itu pun marah pada diri sendiri. ""Itu adalah akhir pekan yang penuh dengan kesalahan dan perlu segera dilupakan. Saya kembali membuat dua kesalahan hari ini, salah satunya tidak termaafkan saat pemanasan dan kemudian satu kesalahan lagi dalam balapan,"" kata Alex Marquez seperti dikabarkan situs Gresini Racing. ""Saya marah pada diri sendiri, tetapi untungnya kami akan kembali ke lintasan dalam beberapa hari lagi. Kami cepat hari ini, tidak cukup cepat untuk memperebutkan podium, tetapi tanpa penalti tersebut kami mungkin akan tetap berada di dalam lima besar,"" kata Alex Marquez menambahkan. MotoGP 2026 akan berlanjut lagi pada akhir pekan ini dengan menyajikan balapan MotoGP Mandalika. (cas/krs)",229
16,sport,https://sport.detik.com/moto-gp/d-8692407/bezzecchi-mentok-p3-akui-kurang-percaya-diri,"Marco Bezzecchi mentok finis ketiga setelah comeback dari cedera. Pebalap Aprilia itu mengaku kehilangan kepercayaan diri, yang jadi kunci start bagusnya. Bezzecchi memenangi empat balapan grand prix dari tujuh seri pertama MotoGP 2026. Peruntungan Bezzecchi berubah setelah jelang akhir paruh pertama musim. Pebalap Italia itu gagal mendulang angka di grand prix Hungaria, Republik Ceko, dan Belanda untuk alasan yang berbeda-beda. Lalu absen di balapan Jerman setelah mengalami patah tulang selangkah di sesi kualifikasi. | Baca juga: Awas, Martin! Marquez Mengintai | Setelah itu, Marco Bezzecchi kesulitan bersaing melawan rekan setimnya Jorge Martin dan Marc Marquez. Bezzecchi mentok finis ketiga, sebanyak empat kali dari lima grand prix terakhir. Termasuk finis di belakang posisi dua terdepan Jorge Martin dan Marquez di Motegi pada hari Minggu (4/10). Alhasil, pebalap berusia 27 tahun itu tercecer dalam persaingan titel juara MotoGP 2026. Bezzecchi mengumpulkan 284 poin, berjarak 47 poin dari Marc Marquez di posisi kedua klasemen dan 49 poin dari Jorge Martin di posisi teratas dengan enam seri tersisa. ""Sejak cedera, saat aku kembali, aku langsung kencang tapi masih lebih lambat daripada Marc dan Jorge,"" sahut Bezzecchi di Motosan. ""Aku kurang kepercayaan diri di awal akhir pekan yang pernah kumiliki sebelumnya, yang membuatku langsung kompetitif."" ""Tujuannya adalah mendapatkan kembali performa itu dan terus berjuang asmpai akhir. Kurasa aku kurang sedikit ledakan sejak awal. Mungkin bukan ledakan sih, melainkan kepercayaan diri, yang tentu saja, membuat Anda kencang, lebih eksplosif."" ""Rasa percaya diri itu membiarkan Anda memulai akhir pekan dengan laju yang kencang sejak awal, dan aku harus sedikit mendapatkannya kembali setelah cedera,"" lugas Marco Bezzecchi. (rin/bay)",260
17,sport,https://sport.detik.com/sport-lain/d-8692306/sepak-takraw-kini-fokus-liga-utama-dan-piala-dunia-2027,"Tim sepak takraw Indonesia meminta maaf atas kegagalan meraih medali emas Asian Games 2026. Kini fokus utama mereka adalah Liga Utama dan Piala Dunia 2027. Sepak takraw cuma meraih satu medali perak dan tiga medali perunggu, meleset dari target satu emas di nomor Men's Quadrant. Meski begitu, ada satu target yang berhasil dipenuhi yakni membawa pulang medali. ""Kami meminta maaf kepada seluruh masyarakat Indonesia bahwa kami hanya bisa mempersembahkan perak di nomor Men's Quadrant. Tapi itu merupakan prestasi luar biasa karena semua nomor kami menyapu bersih,"" kata Ketua Umum Persatuan Sepak Takraw Indonesia (PSTI) Surianto dalam keterangan kepada media. ""Dari empat nomor, semua dapat medali. Satu perak dan tiga medali perunggu. Jadi, saya ingin meminta maaf kepada seluruh rakyat Indonesia karena kami tidak dapat mempersembahkan medali emas."" ""Insya Allah, di SEA Games atau Asian Games mendatang kami dapat memberikan yang terbaik,"" imbuhnya. Surianto menyebut hasil Asian Games ini menjadi modal penting untuk regenerasi. Beberapa atlet yang diturunkan masih berusia sangat muda, 17, 18, hingga 19 tahun. ""Kami berharap mereka bisa ada regenerasi yang akan datang. Jadi kami betul-betul membina apalagi lewat liga."" Sebagai langkah konkret pengembangan, PSTI memastikan Liga Utama Sepak Takraw akan bergulir 28 November 2026 di Jakarta. Liga ini akan menjadi yang pertama dan diharapkan menjadi motor pembinaan atlet muda. Terkait final beregu putra melawan Jepang, kapten tim Muhammad Hardiansyah Muliang mengakui kekalahan secara strategi meski sudah mengenal karakter lawan yang berisi pemain senior. ""Kami sedikit tahu strategi masing-masing. Cuma kemarin kita kalah teknis saja.Karena di set ketiga angkanya enggak, beda dua biji saja. Jadi kita kalah strategi,"" kata Hardiansyah. Setelah Liga Utama, Piala Dunia Sepak Takraw 2027 jadi fokus utama para atlet. ""Jadi dengan hasil ini akan lebih prepare lagi untuk seleksi atletnya maupun pelatihnya. Tahun ini juga akan ada liga itu akan memacu atletnya untuk mempersiapkan atlet-atlet mudanya,"" sambung Hardiansyah. (mrp/pur)",305
18,sport,https://sport.detik.com/sport-lain/d-8692198/kejuaraan-anak-jakarta-2026-demi-regenerasi-atlet-renang-ri,"Kejuaraan renang Anak Jakarta 2026 baru saja dihelat. Tujuannya adalah menjaga regenerasi atlet renang Tanah Air. Kejuaraan Anak Jakarta 2026 digelar, Sabtu (3/10/2026) di Kolam Renang Bulungan, Jakarta. Ada total 516 peserta dengan 1.200 nomor dipertandingkan. Mengusung semangat ""Berenang, Berkompetisi, dan Berprestasi dengan Sportivitas"", kegiatan ini menjadi wadah bagi anak-anak untuk mengembangkan kemampuan renang, membangun kepercayaan diri, serta memperoleh pengalaman berkompetisi. Kejuaraan, yang diselenggarakan Arsa Foundation dan Hicoach academy sebagai pelaksana kegiatan, menempatkan sportivitas sebagai bagian penting dalam pembinaan atlet sejak usia dini. Selain mengejar prestasi, para peserta diajak untuk menghargai proses latihan, menghormati sesama peserta, serta menjadikan hasil pertandingan sebagai bekal untuk terus berkembang. ""Kami menyampaikan terima kasih dan apresiasi kepada seluruh orang tua yang telah mendampingi serta mendukung putra-putrinya. Kepada para peserta, kami mengapresiasi semangat, keberanian, dan sportivitas yang telah ditunjukkan. Terima kasih juga kepada seluruh pihak yang telah bekerja dan berkontribusi dalam terselenggaranya Kejuaraan Anak Jakarta 2026,"" ujar Firmansyah sebagai Ketua Panitia dalam rilis kepada detikSport. Dia menyebut kesinambungan kegiatan dan pembinaan merupakan bagian penting untuk mengembangkan potensi para perenang muda. ""Kami berharap kejuaraan ini dapat terus diselenggarakan secara berkelanjutan untuk mendukung kemajuan cabang olahraga renang. Melalui pembinaan yang konsisten dan dukungan bersama, kami berharap lahir atlet-atlet berprestasi yang kelak mewakili Indonesia serta mengharumkan nama bangsa di kancah dunia,"" lanjutnya. Adanya 516 peserta menjadi dorongan untuk terus menyediakan ruang kompetisi bagi perenang usia dini. Dukungan orang tua, pelatih, dan berbagai pihak diharapkan dapat menjaga semangat anak-anak dalam berlatih sekaligus memperkuat proses pembinaan menuju jenjang prestasi yang lebih tinggi. Dengan semangat #PushYourLimit, Kejuaraan Anak Jakarta 2026 diharapkan menjadi bagian dari pembinaan yang berkelanjutan untuk membangun generasi perenang yang disiplin, tangguh, dan menjunjung tinggi sportivitas. (mrp/adp)",277
19,sport,https://sport.detik.com/moto-gp/d-8692143/awas-martin-marquez-mengintai,"Jorge Martin tahu jaraknya dengan Marc Marquez di klasemen MotoGP 2026 cuma dua poin. Oleh karenanya, Martin siap bertarung habis-habisan demi gelar juara dunia. Martin yang memegang pole position di MotoGP Jepang 2026, Minggu (4/10/2026) siang WIB, harus rela diasapi Marquez yang tampil sebagai pemenang. Martin kehilangan posisi terdepan memasuki lap ke-12. Setelah itu, Martin kesulitan mengejar Marquez yang begitu cepat di posisi terdepan. Alhasil, Martin cuma bisa menambah 20 angka sehingga total poinnya adalah 333. Pebalap Aprilia itu hanya unggul dua poin dari Marquez yang mengintai di posisi kedua. Ini jadi alarm bahaya untuk Martin yang baru menang sekali sepanjang musim. Marquez, sejak absen di Prancis dan Catalunya karena cedera, malah mengumpulkan enam kemenangan! Ini belum termasuk lima kemenangan di Sprint Race. Padahal Marquez sempat berjarak lebih dari 100 poin dengan puncak klasemen karena start buruk musim ini. Tahu Marquez kini memburunya, Martin enggan panik dan justru merasa tersanjung bisa bersaing dengan seniornya itu. ""Saya merasa terhormat bisa bersaing memperebutkan gelar juara dengan salah satu rider terbaik dalam sejarah. Saya rasa itu sudah membuktikan betapa berharganya perjuangan saya musim ini,"" ujar Martin seperti dikutip GPOne. ""Yang pasti saya tidak akan menyerah, saya di sini untuk jadi juara. Kami hanya perlu terus meraih poin,"" sambungnya. MotoGP 2026 akan berlanjut di Mandalika pekan depan, bisakah Martin memang? (mrp/krs)",217
20,sport,https://sport.detik.com/sport-lain/d-8692142/cdm-todotua-senang-target-emas-asian-games-2026-terlampaui,"CdM Indonesia Todotua Pasaribu puas dengan pencapaian di Asian Games 2026. Sebab target lima medali emas melampaui target. Hingga hari terakhir pelaksanaan Asian Games, Minggu (4/10/2026), Indonesia finis posisi ke-15 dengan 5 emas, 11 perak, dan 23 perunggu. Pencapaian ini memang menurun dari edisi sebelumnya di Hangzhou 2022 di mana mereka meraih 7 emas, 11 perak, dan 18 perunggu. Namun, dengan segala persoalan di lapangan dan luar lapangan, Indonesia mampu melewati target empat emas yang diberikan Menteri Pemuda dan Olahraga Erick Thohir. Apalagi di edisi kali ini, Sejumlah nomor seperti menembak 10 m running target campuran dan putra yang menyumbangkan dua medali emas Hangzhou, kini tidak dipertandingkan. Begitu juga dengan Dragon Boat 1000m putra. ""Alhamdulillah, puji syukur. Final per hari ini, setelah kita mengetahui total medali yang dicapai dan diraih oleh Tim Indonesia sebanyak 39 medali, terdiri dari 5 emas, 11 perak dan 23 perunggu. Tentunya ini adalah capaian yang terbaik,"" ujar Todotua di Rumah Indonesia (3/10). Meski demikian, terdapat sejumlah nomor yang menjadi pendulang medali emas dan mencetak sejarah dan rekor Asian Games. Lifter Rahmat Erwin mencatatkan total angkatan 366kg, yang jadi rekor dunia di kelas 75kg. Begitu juga Desak Made dari Panjat Tebing yang mengukir rekor Asia di kelas women speed dengan catatan waktu 6,062 detik. Sejarah juga tercipta di nomor bulutangkis putra Indonesia yang berhasil mengalahkan China di final. Hasil ini membawa Indonesia lepas dari kebuntuan medali emas Asian Games selama 28 tahun. Sementara dari Panahan, Nurisa Dian Ashrifa adalah atlet yang pertama kalinya mempersembahkan emas dalam sejarah Asian Games . Kejutan juga datang dari cabor-cabor debutan seperti Teqball, Padel, MMA dan Esport yang berhasil membawa pulang medali perak dan perunggu ke Tanah Air. Bagi Todotua, segala perjuangan atlet Indonesia di Aichi-Nagoya, mengingatkan dirinya kepada motif Gorga dan Limar yang dikenakan oleh Kontingen Indonesia selama di Jepang. ""Saya teringat saat defile pembukaan. Tim Indonesia berjalan membawa Gorga dan Limar. Gorga melambangkan kekuatan dan perlindungan, sementara Limar membawa makna kehormatan dan keunggulan. Hari ini, filosofi itu seperti menemukan maknanya sendiri,"" ucapnya. Dia menyebut seluruh rangkaian kerja Tim CdM sejak masa persiapan, keberangkatan, selama atlet dan ofisial bertanding, hingga kepulangan menjadi bagian dari evaluasi yang akan dilaporkan kepada NOC dan Kemenpora. ""Selebihnya nanti kita akan laporkan ke NOC dan juga kepada Kemenpora untuk menjadi suatu review bagi dunia industri olahraga nasional kita ke depannya,"" ujar Todotua. ""Sekali lagi, terima kasih kami dari CdM. Mengucapkan terima kasih kepada seluruh pihak, kepada seluruh tim Chef de Mission, kepada NOC, Kemenpora, kepada seluruh sponsor yang memberi supporting kepada kami, dan juga Kedutaan Besar Jepang yang memberikan support, serta pemerintah negara Indonesia yang memberikan support,"" katanya. Apresiasi dari Pengurus Cabor dan Atlet Ketua PB PABSI, Rosan Roeslani, memberikan selamat kepada Todotua beserta timnya dalam menangani berbagai dinamika selama Asian Games. Pasalnya, respons cepat dari CdM dan tim memberikan rasa nyaman bagi atlet dan ofisial menjelang maupun saat menjalani pertandingan. ""Mereka menyampaikan bahwa CdM dan tim sangat responsif dengan semua perkembangan dan tantangan yang ada, sehingga ini juga memberikan kenyamanan untuk para atlet dan ofisial saat akan bertanding. Harus kita acungi jempol,"" ujar Roslan. Apresiasi juga hadir dari Atlet tembak Indonesia kategori Rifle, Vidya Rafika, menyebut kehadiran langsung CdM di lapangan tembak menjadi bentuk perhatian yang membuat para atlet merasa diperhatikan dan didukung selama menjalani pertandingan. ""CdM juga datang langsung ke lapangan tembak dan menyoroti kita sebagai atlet dan kita, sebagai atlet bahagia dan senang dengan kehadiran tersebut,"" ujar atlet yang kerap disapa Fika itu. Atlet wushu peraih medali perunggu, Thania Kusumaningtyas, juga menilai Todotua merupakan sosok yang ramah sekaligus memberikan dukungan kepada para atlet. ""Ramah dan support banget,"" ujar Thania. (mrp/adp)",598
21,sport,https://sport.detik.com/moto-gp/d-8691954/belum-pernah-finis-di-mandalika-marc-marquez-tahun-ini-akan-beda,"Marc Marquez datang ke MotoGP Mandalika dengan misi berbeda. Menghadapi balapan di Sirkuit Mandalika dalam posisi hanya tertinggal dua poin dari Jorge Martin di klasemen MotoGP 2026, ia bertekad meraih hasil berbeda! Marc baru saja meraih kemenangan ganda di MotoGP Jepang. Ia memenangi Sprint dan Race di Motegi, sehingga mengoleksi 37 poin dari akhir pekan tersebut. Hasil itu membuat Marc semakin dekat dengan Martin. Sang rival masih memimpin klasemen dengan 333 poin, sementara Marc membuntuti dengan 331 poin. Persaingan tersebut kini berlanjut ke Indonesia. MotoGP Mandalika menjadi seri berikutnya dalam kalender 2026. Marc menyadari masih banyak balapan yang harus dilalui. Karena itu, ia tidak menganggap perebutan gelar hanya akan menjadi duel antara dirinya dan Martin. ""Tidak, sama sekali tidak. Masih ada enam balapan, jadi belum. Maksud saya, masih banyak waktu. Masih banyak balapan, banyak situasi dan sirkuit yang berbeda, dengan kondisi yang berbeda,"" kata Marc di DAZN. Marc memilih menjaga konsistensi sebagai pendekatan dalam persaingan menuju gelar. Ia menilai konsistensi tersebut sudah berhasil dijaga sejak seri Aragón. ""Kami akan selalu berusaha konsisten; kami sudah melakukannya sejak Aragón. Untuk saat ini, kami akan menikmati pekan ini dan pekan depan sedikit lebih lama,"" ujarnya. Mandalika pun menjadi tantangan tersendiri bagi Marc. Ia memiliki catatan yang belum sempurna di Indonesia dan mengakui belum pernah menyelesaikan balapan di sana. ""Saya belum pernah finis di sana, kan? Nah, tahun ini akan berbeda,"" kata Marc. Kini, Marc datang ke Mandalika dengan kepercayaan diri tinggi setelah menyapu bersih Sprint dan Race di Jepang. Namun, ia juga sadar karakter sirkuit dan kondisi balapan bisa berbeda dari satu seri ke seri lainnya. Dengan hanya dua poin yang memisahkannya dari Martin, MotoGP Mandalika menjadi kesempatan bagi Marc untuk melanjutkan pengejarannya di klasemen sekaligus menghapus catatan belum pernah finis di Indonesia. (krs/adp)",291
22,sport,https://sport.detik.com/moto-gp/d-8691955/martin-awalnya-yakin-bisa-menang-tapi-marquez,"Jorge Martin awalnya optimistis bisa mengalahkan Marc Marquez di MotoGP Jepang 2026. Tapi, faktanya Marquez terlalu cepat untuk dikejar. Pada balapan di Sirkuit Twin Ring, Motegi, Minggu (4/10/2026) siang WIB, Martin yang memegang pole sejatinya memimpin balapan sejak lap pertama. Martin berhasil mempertahankan posisi itu dari kejaran Marquez dan Marco Bezzecchi. Tapi, keunggulan waktu Martin atas Marquez tidak pernah lebih dari satu detik. Sebelum memasuki lap ke-12, Martin akhirnya disalip Marquez yang terus menyerang. Posisi itu berhasil dipertahankan sampai akhir balapan oleh Marquez. Meski gagal menang, Martin tidak kecewa-kecewa amat karena performanya terbilang bagus sepanjang balapan. Sayang, Martin melakukan kesalahan kecil sehingga Marquez bisa memanfaatkan itu. Upaya untuk mengejar Marquez pun sia-sia karena kompatriotnya itu terlalu cepat di depan. ""Saya puas dengan performa saya. Saya jelas membuat beberapa kesalahan kecil, detil kecil yang mungkin tidak terlihat di TV. Saya yakin gaya membalap saya bisa membawa kemenangan ,tapi Marc hari ini benar-benar tak tertandingi,"" ujar Martin seperti dikutip GPOne. ""Saya sudah melakukan sebaik mungkin, meski saya mencoba menekan sampai akhir dan memaksanya bikin kesalahan agar jarak terpangkas, itu sangat sulit. Pada akhirnya bisa naik podium dan mencatatkan rekor trenk. Saya siap untuk ke depannya,"" sambungnya. Hasil ini bikin Martin cuma unggul dua poin dari Marquez di puncak klasemen MotoGP 2026. (mrp/adp)",210
23,sport,https://sport.detik.com/f1/d-8691992/f1-2026-verstappen-menangi-gp-bahrain-in-malaysia,"Max Verstappen meraih kemenangan pertama di Formula 1 2026 usai finis terdepan dalam balapan GP Bahrain in Malaysia. Ia tampil dominan sepanjang balapan. Berlangsung di Sepang, Minggu (4/10), balapan 55 lap ini sempat tertunda sekitar 90 menit karena hujan. Verstappen yang memulai dari pole position langsung melorot ke posisi tiga usai disalip Kimi Antonelli dan George Russell. Namun perlahan ia berhasil menyalip Russell di lap keenam lalu mengambil alih posisi terdepan dari Antonelli di lap ke-13. Tak lama berselang, Russell juga menyalip Antonelli. Verstappen kemudian melaju mulus tak terkendali. Antonelli yang melaju cepat kembali mengambil posisi kedua dengan menyalip Russell di lap ke-21. Dari sini, situasi tampak stabil di tiga besar. Namun petaka hadir di lap ke-50 saat mobil Russell melambat dan akhirnya berhenti, diduga karena masalah power unit. Isack Hadjar yang sedari tadi berada di urutan empat naik ke urutan tiga. Namun pada lap ke-53, Lewis Hamilton menyalip pebalap Prancis itu untuk mengamankan podium ketiga. Verstappen terus bertahan dari kejaran Antonelli hingga garis finis untuk meraih kemenangan pertama sejak GP Abu Dhabi tahun lalu atau yang ke-72 sepanjang kariernya. Bagi Antonelli, setidaknya tambahan 18 poin di Malaysia menguatkan posisinya di puncak klasemen dengan 320 poin, unggul 84 poin dari Russell di urutan kedua. Hasil F1 GP Bahrain in Malaysia 2026: | Pos | Driver | Nat. | Team | Laps | | 1 | Max Verstappen | NED | Oracle Red Bull Racing | 55 laps | | 2 | Andrea Kimi Antonelli | ITA | Mercedes AMG Petronas F1 Team | 2.3s | | 3 | Lewis Hamilton | GBR | Scuderia Ferrari HP | 4.9s | | 4 | Charles Leclerc | MON | Scuderia Ferrari HP | 7.2s | | 5 | Isack Hadjar | FRA | Oracle Red Bull Racing | 8.5s | | 6 | Oscar Piastri | AUS | McLaren Mastercard F1 Team | 9.4s | | 7 | Liam Lawson | NZD | Racing Bulls | 12.7s | | 8 | Fernando Alonso | ESP | Aston Martin Aramco F1 Team | 13.3s | | 9 | Lando Norris | GBR | McLaren Mastercard F1 Team | 13.9s | | 10 | Arvid Lindblad | GBR | Racing Bulls | 15.9s | | 11 | Nico Hulkenberg | GER | Audi Revolut F1 Team | 17.4s | | 12 | Lance Stroll | CAN | Aston Martin Aramco F1 Team | 18.0s | | 13 | Franco Colapinto | ARG | BWT Alpine F1 Team | 18.9s | | 14 | Ollie Bearman | GBR | TGR Haas F1 Team | 22.3s | | 15 | Esteban Ocon | FRA | TGR Haas F1 Team | 22.5s | | 16 | Pierre Gasly | FRA | BWT Alpine F1 Team | 23.3s | | 17 | Carlos Sainz | ESP | Atlassian Williams F1 Team | 25.4s | | 18 | Gabriel Bortoleto | BRA | Audi Revolut F1 Team | 28.2s | | 19 | Sergio Perez | MEX | Cadillac F1 Team | 29.3s | | DNF | George Russell | GBR | Mercedes AMG Petronas F1 Team | Technical | | DNF | Alex Albon | THA | Atlassian Williams F1 Team | Technical | | DNF | Valtteri Bottas | FIN | Cadillac F1 Team | Crash |",550
24,sport,https://sport.detik.com/moto-gp/d-8691950/motogp-lanjut-di-mandalika-pekan-depan-marquez-bisa-menang,"Marc Marquez punya tugas berat untuk mengambil puncak klasemen MotoGP pekan depan. Sebab, MotoGP Mandalika yang 'horor' sudah menanti Marquez. Marquez baru saja memenangi balapan MotoGP Jepang di Motegi, Minggu (4/10/2026) siang WIB. Dia berhasil melewati Jorge Martin di lap ke-12 sebelum mengunci posisi pertama sampai akhir. Ini adalah kemenangan kedua Marquez di Jepang setelah meraih balapan Sprint kemarin. Alhasil, Marquez berhasil menempel ketat Martin dengan hanya selisih dua poin! Hebatnya, Marquez punya lima kemenangan berbanding satu milik Martin. Martin bahkan masih kalah jumlah kemenangan dari Marco Bezzecchi yang punya empat dan di posisi ketiga klasemen pebalap. Tampuk klasemen bisa saja berubah pekan depan saat MotoGP Mandalika digelar. Jika Marquez bisa mendapatkan poin lebih banyak daripada Martin, maka dia akan naik ke posisi pertama. Tapi, patut diingat bahwa catatan Marquez di Mandalika begitu buruk. Sejak Mandalika menggelar balapan pada 2022, Marquez selalu gagal finis dan malah mendapat cedera. Musim lalu, Marquez crash setelah disalip Bezzecchi dan berujung operasi bahu. Untung saja Marquez sudah mengunci gelar juara. Meski punya rekor buruk di sana, Marquez bisa tetap optimistis mengingat Ducati adalah rajanya Mandalika. Setelah dimenangi Miguel Oliveira dengan KTM-nya pada 2022, Ducati selalu jadi pemenang di tiga edisi terakhir. Francesco Bagnaia, Jorge Martin, dan Fermin Aldeguer muncul di podium teratas. Bisakah Marquez mengikuti jejak ketiganya? Kita tunggu saja. (mrp/adp)",217
25,sport,https://sport.detik.com/moto-gp/d-8691734/marc-marquez-menang-di-jepang-kuncinya-serang-dulu-lalu-kontrol-balapan,"Marc Marquez tampil sempurna di MotoGP Jepang 2026. Rider Ducati itu menyapu bersih Sprint dan Race di Motegi, sekaligus memangkas jaraknya dengan Jorge Martin di klasemen menjadi hanya dua poin. Marc meraih 37 poin maksimal dari seri MotoGP Jepang setelah memenangi Sprint Race pada hari Sabtu (3/10/2026) dan kemudian Race utama, Minggu (4/10). Martin yang finis kedua pada balapan utama kini memimpin klasemen dengan 333 poin, sementara Marc mengoleksi 331 poin. Kemenangan di Race Jepang tidak didapat Marc dengan mudah. Martin yang start dari pole sempat memimpin balapan. Marc kemudian mengambil alih posisi terdepan sebelum pertengahan balapan dan mampu mempertahankannya hingga finis. Usai balapan, Marc menjelaskan pendekatannya kepada DAZN. Ia mengaku akan terus menyerang di setiap balapan, meski hasilnya tidak selalu sama. ""Saya akan mencoba menyerang di setiap balapan, tetapi tentu saja ada balapan yang berjalan lebih baik daripada yang lain. Saya merasa nyaman kemarin di sprint, dan pagi ini juga saat pemanasan. Ban belakang keras ini yang sempat membuat kami sedikit ragu karena casing-nya sama seperti di Austria. Namun, saya bekerja dengan sangat baik di sini dan kami berhasil menjalani akhir pekan yang bagus,"" kata Marc. Dalam sesi tersebut, Dani Pedrosa yang bertugas sebagai komentator lebih dulu memberikan pujian kepada Marc. Pedrosa menyoroti kecepatan balapan di Motegi yang jauh lebih cepat dibanding tahun sebelumnya, sekaligus bagaimana Marc mampu mengelola ban, bahan bakar, serta tekanan dari Martin. Marc kemudian menjelaskan bahwa kunci utamanya adalah mengambil posisi terdepan sesegera mungkin. ""Seperti yang Anda tahu, sulit untuk berada di belakang di Motegi. Ketika mendapatkan slipstream saat pengereman, jauh lebih sulit untuk mendapatkan waktu. Target saya adalah memimpin balapan sesegera mungkin."" Marc mengaku tidak bisa langsung mengambil alih posisi terdepan pada lap pertama karena para rival sudah mempelajari strateginya dari Sprint Race. ""Saya tidak bisa melakukannya pada lap pertama karena kemarin saya sudah menunjukkan cara saya, dan hari ini mereka sudah mempelajarinya. Saya harus mendorong dengan keras, mengambil banyak risiko pada lap-lap tersebut untuk menyalipnya,"" katanya. Setelah berhasil melewati Martin, Marc mengubah pendekatannya. Ia tidak lagi memaksakan diri untuk terus membuka jarak sebesar mungkin. Ia fokus mengontrol ritme balapan sesuai situasi. ""Setelah saya menyalipnya, saya ingin mengontrol ritme balapan sesuai keinginan saya. Tentu saja, ketika dia mendekat hingga 0,7 atau 0,6 detik, saya mendorong sedikit lebih keras,"" tutur Marc. Marc menyebut pengelolaan jarak tersebut harus dilakukan dengan tetap memperhitungkan risiko kecelakaan. Ia tidak ingin kehilangan kemenangan hanya karena terlalu memaksakan diri.",398
26,sport,https://sport.detik.com/moto-gp/d-8691728/tebak-tebakan-tikungan-motegi-berakhir-ini-3-detikers-pemenangnya,"Kalau biasanya para rider MotoGP sibuk menghitung lap saat balapan, kali ini giliran kamu yang harus menghitung. Bukan jumlah lap, melainkan jumlah tikungan yang ada di Sirkuit Motegi. Tantangan tersebut hadir dalam kuis Tebak Jumlah Tikungan Sirkuit Motegi yang digelar Bold Riders bersama detikcom. Para penggemar MotoGP diajak menguji seberapa hafal mereka dengan salah satu lintasan yang menjadi tuan rumah MotoGP Jepang. Kuis berlangsung pada 29 September-3 Oktober 2026. Peserta diminta menebak jumlah tikungan Sirkuit Motegi melalui kolom komentar serta mengikuti seluruh mekanisme yang telah ditentukan. Setelah periode kuis berakhir, seluruh jawaban kemudian diperiksa sesuai ketentuan yang berlaku. Hasilnya, tiga detikers berhasil memberikan jawaban yang tepat. Mereka adalah: - @ivan.pandue93 - @rizal_nurdin9 - @herudwis12 Jawaban yang benar dalam kuis ini adalah 14 tikungan. Sirkuit Motegi memiliki enam tikungan ke kiri dan delapan tikungan ke kanan dalam satu putaran lintasan. Ketiga pemenang tersebut masing-masing berhak mendapatkan hadiah saldo e-wallet sebesar Rp250 ribu. Tim detikcom akan menghubungi para pemenang untuk proses verifikasi dan informasi lebih lanjut terkait pemberian hadiah. Selamat kepada para pemenang! Buat detikers yang belum berhasil kali ini, jangan berkecil hati. Masih ada berbagai kuis dan challenge menarik lainnya yang bisa kamu ikuti bersama Bold Riders dan detikcom. Pantau terus Instagram @detikcom dan @boldriders untuk mendapatkan informasi seputar MotoGP, konten otomotif, hingga berbagai event menarik lainnya. Bold Riders merupakan official sponsor Gresini Racing dan komunitas motor multi-genre yang menjadi wadah bagi para rider untuk berkumpul, riding, dan mengikuti berbagai aktivitas otomotif. Bold Riders, Spirit of Brotherhood! (akd/ega)",247
27,sport,https://sport.detik.com/moto-gp/d-8691709/marc-marquez-makin-dekati-rekor-valentino-rossi-usai-menang-di-jepang,"Marc Marquez bukan cuma memperketat persaingan gelar MotoGP 2026. Kemenangan di MotoGP Jepang juga membuatnya semakin dekat dengan rekor Valentino Rossi sebagai pembalap dengan kemenangan terbanyak di kelas premier. Marc Marquez menjadi pemenang MotoGP Jepang 2026 di Sirkuit Motegi, Minggu (4/10/2026). Rider Ducati itu mengalahkan Jorge Martin dan Marco Bezzecchi untuk naik podium teratas. Kemenangan tersebut merupakan yang ke-79 bagi Marc Marquez di kelas premier. Dengan demikian, rider asal Spanyol itu kini hanya terpaut 10 kemenangan dari rekor Valentino Rossi yang mengoleksi 89 kemenangan kelas premier. Marc sebelumnya sudah menempati posisi kedua dalam daftar kemenangan terbanyak kelas premier. Kini, jaraknya dengan Rossi semakin terpangkas. Rossi mengoleksi 89 kemenangan kelas premier sepanjang kariernya. Mantan rider Yamaha itu meraih kemenangan pertamanya pada 2000 dan kemenangan terakhirnya pada 2017. Sementara itu, Marc meraih kemenangan kelas premier pertamanya pada musim debutnya di MotoGP pada 2013. Sejak saat itu, ia terus mendekati rekor Rossi. Di bawah Rossi dan Marc, posisi ketiga ditempati legenda Italia Giacomo Agostini dengan 68 kemenangan. Agostini disusul Mick Doohan dengan 54 kemenangan dan Jorge Lorenzo dengan 47 kemenangan. Menariknya, dari 10 pembalap dengan jumlah kemenangan kelas premier terbanyak, hanya Marc dan Francesco Bagnaia yang masih aktif. Bagnaia saat ini berada di posisi ke-10 dalam daftar tersebut dengan 31 kemenangan. Ia sejajar dengan Dani Pedrosa dan Eddie Lawson. Kemenangan Marc di Jepang juga punya arti penting dalam persaingan gelar MotoGP 2026. Ia sukses meraih kemenangan Sprint dan Race di Motegi sehingga memangkas jarak dengan Jorge Martin. Martin yang finis kedua dalam Race Jepang kini memimpin klasemen dengan 333 poin. Marc berada tepat di belakangnya dengan 331 poin. Artinya, selisih keduanya kini hanya dua poin dengan enam seri tersisa. Daftar Rider dengan Kemenangan Terbanyak* | Posisi | Rider | Kemenangan | Kemenangan terakhir | | 1 | Valentino Rossi | 89 | 2017 Dutch GP | | 2 | Marc Marquez | 79 | 2026 Japanese GP | | 3 | Giacomo Agostini | 68 | 1976 German GP | | 4 | Mick Doohan | 54 | 1998 Argentine GP | | 5 | Jorge Lorenzo | 47 | 2018 Austrian GP | | 6 | Casey Stoner | 38 | 2012 Australian GP | | 7 | Mike Hailwood | 37 | 1967 Canadian GP | | 8 | Dani Pedrosa | 31 | 2017 Valencia GP | | | Eddie Lawson | 31 | 1992 Hungarian GP | | 10 | Pecco Bagnaia | 31 | 2025 Japanese GP | | 11 | Kevin Schwantz | 25 | 1994 British GP | | 12 | Wayne Rainey | 24 | 1993 Czech GP | | 13 | Kenny Roberts | 22 | 1983 San Marino GP | | | Geoff Duke | 22 | 1958 Swedish GP | | | John Surtees | 22 | 1960 Nations GP | | 16 | Freddie Spencer | 20 | 1985 Swedish GP | | 17 | Barry Sheene | 19 | 1981 Swedish GP | | 18 | Wayne Gardner | 18 | 1992 British GP | | 19 | Andrea Dovizioso | 15 | 2020 Austrian GP | | | Alex Criville | 15 | 2000 French GP | | 21 | Max Biaggi | 13 | 2004 German GP | | | Randy Mamola | 13 | 1987 San Marino GP | | 23 | Phil Read | 11 | 1975 Czech GP | | | Fabio Quartararo | 11 | 2022 German GP | | 25 | Maverick Vinales | 10 | 2024 Americas GP | | | Marco Bezzecchi | 10 | 2026 Italian GP | | 27 | Loris Capirossi | 9 | 2007 Japanese GP | | | Sete Gibernau | 9 | 2004 Qatar GP | | | Jorge Martin | 8 | 2026 French GP | | 30 | Luca Cadalora | 8 | 1996 German GP | | | Kenny Roberts Jr | 8 | 2000 Pacific GP | | | Gary Hocking | 8 | 1962 British GP (Isle of Man Senior TT) | | 33 | Alex Barros | 7 | 2005 Portuguese GP | | | Enea Bastianini | 7 | 2024 Emilia Romagna GP | | 35 | Alex Rins | 6 | 2023 Americas GP | | | Marco Lucchinelli | 6 | 1981 Finnish GP | | | Umberto Masetti | 6 | 1955 Nations GP | | 38 | Marco Melandri | 5 | 2006 Australian GP | | | Leslie Graham | 5 | 1952 Spanish GP | | | Wil Hartog | 5 | 1980 Finnish GP | | | Miguel Oliveira | 5 | 2022 Thai GP | | | Franco Uncini | 5 | 1982 British GP | | 43 | Tadayuki Okada | 4 | 1999 Australian GP | | | John Kocinski | 4 | 1994 Australian GP | | | Reg Armstrong | 4 | 1956 West German GP | | | Jack Miller | 4 | 2022 Japanese GP | | | Libero Liberati | 4 | 1957 Nations GP | | | Alex Marquez | 4 | 2026 Spanish GP | | 48 | John Hartle | 3 | 1963 Dutch GP | | | Jack Findlay | 3 | 1977 Austrian GP | | | Daryl Beattie | 3 | 1995 German GP | | | Alberto Pagani | 3 | 1972 Yugoslavian GP | | | Nicky Hayden | 3 | 2006 US GP | | | Cal Crutchlow | 3 | 2018 Argentine GP | | | Pat Hennen | 3 | 1978 Spanish GP | | | Norick Abe | 3 | 2000 Japanese GP | | | Alfredo Milani | 3 | 1953 Belgian GP | | | Johnny Cecotto | 3 | 1978 Dutch GP | | | Aleix Espargaro | 3 | 2023 British GP | | | Garry McCoy | 3 | 2000 Valencia GP | | | Franco Morbidelli | 3 | 2020 Valencia GP | | 61 | Carlos Checa | 2 | 1998 Madrid GP | | | Johann Zarco | 2 | 2025 French GP | | | Brad Binder | 2 | 2021 Austrian GP | | | Virginio Ferrari | 2 | 1979 Dutch GP | | | Danilo Petrucci | 2 | 2020 French GP | | | Ray Amm | 2 | 1954 British GP (Isle of Man Senior TT) | | | Nello Pagani | 2 | 1949 Nations GP | | | Makoto Tamada | 2 | 2004 Japanese GP | | | Jack Middelburg | 2 | 1981 British GP | | | Fergus Anderson | 2 | 1953 Spanish GP | | | Jarno Saarinen | 2 | 1973 Austrian GP | | | Jim Redman | 2 | 1966 Dutch GP | | | Fabio Di Giannantonio | 2 | 2026 Catalan GP | | | Raul Fernandez | 2 | 2026 British GP | | 73 | Fermin Aldeguer | 1 | 2025 Indonesian GP | | | Pedro Acosta | 1 | 2026 Austrian GP | | | Remo Venturi | 1 | 1960 Dutch GP | | | Teuvo Lansivuori | 1 | 1974 Swedish GP | | | Joan Mir | 1 | 2020 European GP | | | Bob McIntyre | 1 | 1957 British GP (Senior Isle of Man TT) | | | Ken Kavangh | 1 | 1953 Ulster GP | | | Alan Shepherd | 1 | 1962 Finnish GP | | | Angelo Bergamonti | 1 | 1970 Spanish GP | | | Christian Sarron | 1 | 1985 German GP | | | Takazumi Katayama | 1 | 1982 Swedish GP | | | Chris Vermeulen | 1 | 2007 French GP | | | Gianfranco Bonera | 1 | 1974 Nationa GP | | | William Doran | 1 | 1949 Belgian GP | | | Andrea Iannone | 1 | 2016 Austrian GP | | | Tohru Ukawa | 1 | 2002 South African GP | | | Ben Spies | 1 | 2011 Dutch GP | | | Toni Elias | 1 | 2006 Portuguese GP | | | Jack Brett | 1 | 1952 Swiss GP | | | Hideo Kanaya | 1 | 1975 Austrian GP | | | Dickie Dale | 1 | 1954 Spanish GP | | | Dave Simmonds | 1 | 1972 Spanish GP | | | Boet van Dulmen | 1 | 1979 Finnish GP | | | Jack Ahearn | 1 | 1964 Finnish GP | | | Kim Newcombe | 1 | 1973 Yugoslavian GP | | | Pierre Monneret | 1 | 1954 French GP | | | Chas Mortimer | 1 | 1972 Spanish GP | | | Simon Crafar | 1 | 1998 British GP | | | Benedicto Caldarella | 1 | 1962 Argentine GP | | | John Williams | 1 | 1976 Belgian GP | | | Pierfrancesco Chili | 1 | 1989 Nationa GP | | | John Newbold | 1 | 1976 Czech GP | | | Jorge Kissling | 1 | 1963 Argentine GP | | | Richard Creith | 1 | 1965 Ulster GP | | | Alberto Puig | 1 | 1995 Spanish GP | | | Troy Bayliss | 1 | 2006 Valencia GP | | | Franta Stastny | 1 | 1966 East German GP | | | Kevin Magee | 1 | 1988 Spanish GP | | | Tom Herron | 1 | 1976 British GP (Senior Isle of Man TT) | | | Regis Laconi | 1 | 1999 Valencia GP | | | Mick Grant | 1 | 1975 British GP (Senior Isle of Man TT) | | | Bill Lomas | 1 | 1955 Ulster GP | | | Godfrey Nash | 1 | 1969 Yugoslavian GP | | | Cromie McCandless | 1 | 1952 Ulster GP | | | Harold Daniell | 1 | 1949 British GP (Senior Isle of Man TT) | | | Edmund Czihak | 1 | 1974 German GP | | | Michel Frutschi | 1 | 1982 French GP | | | Giuseppe Colnago | 1 | 1955 Belgian GP | | | Dennis Ireland | 1 | 1979 Belgian GP | | | Phil Carpenter | 1 | 1974 British GP (Senior Isle of Man TT) | | | Ai Ogura | 1 | 2026 Dutch GP | Keterangan:*di kelas primer kejuaraan dunia balap motor grand prix (krs/mrp)",1759
28,sport,https://sport.detik.com/moto-gp/d-8691642/klasemen-motogp-2026-marc-marquez-tempel-jorge-martin-beda-2-poin,"Marc Marquez menjadi pemenang Race MotoGP Jepang 2026 untuk memangkas jarak dari Jorge Martin di papan klasemen MotoGP 2026. Keduanya kini cuma berjarak 2 poin! Balapan utama MotoGP Jepang berlangsung di Sirkuit Motegi, Minggu (4/10/2026). Marc Marquez finis pertama setelah menyelesaikan 24 lap usai mengungguli Jorge Martin yang finis kedua. Marco Bezzecchi melengkapi podium setelah finis ketiga. Hasil ini membuat persaingan perebutan gelar MotoGP 2026 semakin ketat. Sebelum race utama pada hari ini, Martin memimpin klasemen dengan 313 poin, sedangkan Marc berada di posisi kedua dengan 306 poin. Berkat kemenangan teranyar di Motegi, Marc kemudian mendapat tambahan 25 poin. Martin mengantongi 20 poin dari posisi kedua. Dengan demikian, Martin masih berada di puncak klasemen dengan 333 poin. Marc membuntuti dengan 331 poin. Klasemen MotoGP 2026 setelah race di Motegi 1. Jorge Martin - 333 poin 2. Marc Marquez - 331 poin 3. Marco Bezzecchi - 284 poin 4. Pedro Acosta - 243 poin 5. Ai Ogura - 237 poin 6. Fabio Di Giannantonio - 230 poin 7. Raul Fernandez - 216 poin 8. Francesco Bagnaia - 164 poin 9. Alex Marquez - 158 poin 10. Fermin Aldeguer - 122 poin 11. Enea Bastianini - 116 poin 12. Luca Marini - 104 poin 13. Brad Binder - 99 poin 14. Diogo Moreira - 74 poin 15. Fabio Quartararo - 66 poin 16. Franco Morbidelli - 57 poin 17. Johann Zarco - 48 poin 18. Joan Mir - 33 poin 19. Jack Miller - 28 poin 20. Alex Rins - 24 poin 21. Toprak Razgatlioglu - 18 poin 22. Maverick Viñales - 12 poin 23. Iker Lecuona - 9 poin 24. Augusto Fernandez - 6 poin 25. Pol Espargaro - 5 poin 26. Takaaki Nakagami - 3 poin",286
29,sport,https://sport.detik.com/moto-gp/d-8691626/hasil-motogp-jepang-2026-marc-marquez-asapi-jorge-martin-menang-di-motegi,"Marc Marquez menjadi pemenang MotoGP Jepang 2026. Itu dilakukannya usai mengasapi Jorge Martin yang menempati posisi start terdepan di Sirkuit Motegi, Minggu (4/10/2026) siang WIB. MotoGP Jepang 2026 menjadi seri ke-16 musim ini. MotoGP 2026 sendiri dijadwalkan menggelar total 22 seri balapan. Jelang race utama di Motegi, Jorge Martin bertengger di puncak klasemen dan Marc Marquez membayangi di posisi kedua dengan jarak 7 poin. Jalannya Balapan MotoGP Jepang 2026 Selepas start, Jorge Martin melesat menjaga posisi terdepan. Marc Marquez terus membayangi, dengan Marco Bezzecchi kini berada di posisi ketiga. Di akhir putaran pertama, ketiga rider itu masih menguasai tiga posisi terdepan. Pedro Acosta, yang start di grid terdepan dari posisi ketiga, untuk sementara berada di peringkat kelima di belakang Alex Marquez. Masuk putaran kelima, posisi Pedro Acosta kian melorot dengan menempati tempat kedelapan. Jorge Martin masih memimpin dengan diikuti Marc Marquez dan Bezzecchi. Sepertiga race MotoGP Jepang 2026 berjalan, dari total 24 putaran, Jorge Martin memimpin 0,278 detik dari Marc Marquez yang terus membayangi dengan ketat di belakangnya. Tepat sebelum memasuki lap ke-12, Marc Marquez dengan mulus melewati Jorge Martin dari bagian dalam untuk mengambil alih posisi terdepan dalam balapan! Masuk jalannya dua per tiga balapan Marc Marquez masih memimpin di posisi terdepan, dengan keunggulan 0,8 detik dari Jorge Martin di posisi kedua. Bezzecchi berada di posisi ketiga, sekitar 1 detik di belakang Martin. Di lap ke-20, ada yellow flag yang diakibatkan crash di Turn 13 dan 14. Alex Marquez menjadi salah satu rider yang terlibat insiden tersebut. Di depan, Marc Marquez masih memimpin dari Martin. Sedangkan dikit di belakangnya, ada Ai Ogura yang terlihat menyalip Acosta untuk menempati posisi keenam. Dan pada akhirnya Marc Marquez berhasil merebut kemenangan MotoGP Jepang 2026 di Motegi. Jorge Martin di posisi kedua dan Bezzecchi melengkapi podium di peringkat ketiga, usai mendapatkan perlawanan sengit dari Enea Bastianini jelang garis finis. Hasil MotoGP Jepang 2026 | Pos | Rider | Tim | Waktu/Jarak | | 1 | Marc Marquez | Ducati Lenovo (GP26) | 24 laps | | 2 | Jorge Martin | Aprilia Racing (RS-GP26) | +1.363s | | 3 | Marco Bezzecchi | Aprilia Racing (RS-GP26) | +2.252s | | 4 | Enea Bastianini | Red Bull KTM Tech3 (RC16) | +2.33s | | 5 | Raul Fernandez | Trackhouse Aprilia (RS-GP26) | +14.815s | | 6 | Ai Ogura | Trackhouse Aprilia (RS-GP26) | +15.21s | | 7 | Pedro Acosta | Red Bull KTM (RC16) | +16.928s | | 8 | Francesco Bagnaia | Ducati Lenovo (GP26) | +20.333s | | 9 | Fermin Aldeguer | BK8 Gresini Ducati (GP25) | +23.545s | | 10 | Luca Marini | Honda HRC Castrol (RC213V) | +25.677s | | 11 | Brad Binder | Red Bull KTM (RC16) | +25.853s | | 12 | Fabio Quartararo | Monster Yamaha (YZR-M1) | +30.867s | | 13 | Somkiat Chantra | Honda HRC Castrol (RC213V) | +31.333s | | 14 | Maverick Viñales | Red Bull KTM Tech3 (RC16) | +33.995s | | 15 | Franco Morbidelli | Pertamina VR46 Ducati (GP25) | +34.59s | | 16 | Alex Rins | Monster Yamaha (YZR-M1) | +39.228s | | 17 | Toprak Razgatlioglu | Pramac Yamaha (YZR-M1) | +39.562s | | 18 | Fabio Di Giannantonio | Pertamina VR46 Ducati (GP26) | +50.816s | | 19 | Jack Miller | Pramac Yamaha (YZR-M1) | +71.127s | | | Johann Zarco | Castrol Honda LCR (RC213V) | | | | Alex Marquez | BK8 Gresini Ducati (GP26) | | | | Diogo Moreira | Pro Honda LCR (RC213V) | | (krs/krs)",594
30,sport,https://sport.detik.com/moto-gp/d-8691494/klasemen-moto3-usai-gp-jepang-veda-ega-dan-hakim-danish-makin-sengit,"Moto3 Jepang 2026 baru tuntas, David Almansa keluar jadi pemenangnya. Berikut update klasemen rider, Veda Ega Pratama dan Hakim Danish sengit di 10 besar. Almansa tak terbendung di Sirkuit Motegi, Jepang, Minggu (4/10/2026). Start dari posisi terdepan, rider Liqui Moly Dynavolt Intact GP itu bisa finis pertama dengan catatan waktu 32. 45.544 detik. Ia mengungguli Maximo Quilles, yang harus puas di tempat kedua. Rider CFMoto GAviota Aspar itu terpaut 0.046 detik dari sang rival, usai gagal mengalahkannya jelang finis. Di posisi tiga ada Alvaro Carpe, yang tertinggal 2.738 detik. Sementara Uriarte yang sempat kena long lap double penalty, finis di peringkat empat. Rico Salmela kemudian mengunci lima besar. Sementara Veda Ega Pratama bisa finis ke-11, dari start di posisi 16 di Moto3 Jepang 2026. Ia mengungguli rider Malaysia, Hakim Danish, yang selesai di bawahnya. Hasil ini membuat Quilles masih memimpin klasemen rider Moto3 dengan 326 poin. Ia harus menunda pesta juaranya sampai di Moto3 Indonesia, sebab gagal menang di Motegi. Di posisi dua ada Almansa dengan 199 poin, diikuti Alvaro Carpe (191). Uriarte di peringkat empat dengan 187 poin, dan Marco Morelli di lima besar dengan 146 poin. Kemudian ada Valentin Perrone dengan 120 poin, serta Hakim Danish dan Veda Ega yang sama-sama mengemas 5 poin. Rider Indonesia bisa menyamai poin Hakim, usai sempat tertinggal di seri sebelumnya. Selanjutnya, Moto3 akan digelar di Sirkuit Mandalika, Lombok, pekan depan. Quiles berpeluang mengunci titel juaranya, sementara Veda Ega berpeluang menggeser Hakim Danish di Indonesia. Klasemen Moto3 2026 Usai GP Jepang 1. Maximo Quiles 326 2. David Almansa 199 3. Alvaro Carpe 191 4. Brian Uriarte 187 5. Marco Morelli 146 6. Valentin Perrone 120 7. Hakim Danish 105 8. Veda Ega Pratama 105 9. Matteo Bertelle 96 10. Rico Salmela 81 11. Adrian Cruces 79 12. Guido Pini 70 13. Casey O'gorman 70 14. Joel Kelso 67 15. Joel Esteban 66 16. Eddie O'Shea 65 17. Adrian Fernandez 62 18. David Munoz 61 19. Jesus Rios 49 20. Ryusei Yamanaka 39 21. Scott Ogden 30 22. David Gonzalez 7 23. Marcos Uriarte 6 24. Cormac Buchanan 5 25. Leo Rammerstorfer 4 26. Zen Mitani 2 27. Ruche Moodley1 28. Kiattisak Singhapong 1 29. Nicola Carraro 0 30. Ryota Ogiwara 0 31. Leonardo Abruzzo 0 32. Eduardo Gutierrez 0 (yna/krs)",377
31,sport,https://sport.detik.com/moto-gp/d-8691409/live-reaction-motogp-jepang-2026-saksikan-drace-talks-di-detiksport,"detikSport kembali menghadirkan Live Reaction MotoGP dalam d'Race Talks untuk menemani para pencinta balap motor menyaksikan keseruan race utama Motegi. Jalannya balapan akan dibahas secara langsung, mulai dari persaingan di lintasan, momen-momen penting, hingga hasil akhir race. Sebelumnya, Marc Marquez berhasil meraih kemenangan dalam sprint race MotoGP Jepang. Sedangkan Jorge Martin, pesaing beratnya saat ini, berhasil meraih pole position. Hasil itu membuat Marc Marquez mendekati Martin di klasemen MotoGP 2026 untuk sementara. Martin mengoleksi 313 poin sedangkan Marquez membayangi di posisi kedua dengan 306 poin. Cuma beda 7 angka! Jangan Lewatkan d'Race Talks MotoGP Inggris! detikSport akan menghadirkan Live Reaction d'Race Talks MotoGP Jepang 2026 mulai pukul 11.45 WIB, atau 15 menit sebelum balapan utama dimulai pada pukul 20.00 WIB. Live reaction ini akan membahas berbagai hal menarik sepanjang race, mulai dari duel Jorge Martin dan para pesaingnya, khususnya Marc Marquez, persaingan klasemen MotoGP 2026, hingga analisis jalannya balapan utama di Motegi. Jangan lewatkan keseruannya. Saksikan Live Reaction MotoGP Jepang 2026 hanya di detikSport! (dspo/krs)",165
32,sport,https://sport.detik.com/moto-gp/d-8691462/hasil-moto3-jepang-2026-almansa-juara-veda-ega-asapi-hakim-danish,"David Almansa keluar jadi juara Moto3 Jepang 2026. Sementara Veda Ega Pratama finis ke-11, mengasapi Hakim Danish yang menuntaskan race di posisi 12. Di Sirkuit Motegi, Jepang, Minggu (4/10/2026), balapan berjalan ketat sejak awal. David Almansa, selaku pole seater, langsung tancap gas selepas start. Rider Liqui Moly Dynavolt Intact GP itu bisa menjaga posisi terdepan, dibuntuti David Munoz, yang melesat di tikungan pertama. Brian Uriarte sempat melesat ke posisi pertama sejak lap ketiga. Namun, rider Red Bull KTM Ajo itu kena long lap penalty, usai timnya masih mengerjakan motornya di grid 3 menit sebelum balapan berjalan. Sementara Veda Ega tampak kesulitan di race ini. Rider Indonesia itu masih tertahan di luar 10 besar, sejak start dari posisi 18 di Moto3 Jepang 2026. Veda Ega cuma mentok menembus posisi 9 di balapan, namun kemudian melorot lagi ke peringkat 14. Ia bahkan disalip Hakim Danish pada lap ke-12. Veda Ega bisa menyalip Hakim lagi empat lap sebelum race tuntas. Rider Honda Team Asia itu mengasapi pebalap Malaysia di trek, dan naik ke posisi 13. Hingga race tuntas, Almansa bisa tetap memimpin di depan. Diikuti Maximo Quiles dan Alvaro Carpe. Di posisi empat Uriarte, dan Rico Salmela akhirnya cuma finis keempat. Matteo Bertelle finis ke6, Munoz, Ryusei Yamanaka, Joel Esteban, dan Adrian Cruces menutup 10 besar. Sementara 'serangan' Veda Ega jelang finis membuatnya selesai di posisi 11. Ia akhirnya bisa mengasapi Hakim Danish, yang cuma bisa finis di bawahnya yakni posisi 12. Hasil Lengkap Moto3 Jepang 2026 1. David Almansa 2. Maximo Quiles 3. Alvaro Carpe 4. Brian Uriarte 5. Rico Salmela 6. Matteo Bertelle 7. David Munoz 8. Ryusei Yamanaka 9. Joel Esteban 10. Adrian Cruces 11. Veda Ega Pratama 12. Hakim Danish Ramli 13. Adrian Fernandez 14. Valentin Perrone 15. Casey O'gorman 16. Ryota Ogiwara 17. Joel Kelso 18. Marco Morelli 19. Jesus Rios 20. Scott Ogden 21. Zen Mitani 22. Ruche Moodley (yna/krs)",313
33,sport,https://sport.detik.com/moto-gp/d-8691408/jadwal-race-motogp-jepang-siang-ini-simak-juga-starting-grid-nya,"Race utama MotoGP Jepang 2026 digelar siang ini. Jorge Martin akan memulai balapan dari posisi terdepan setelah merebut pole position di Sirkuit Motegi. Martin ditemani Marc Marquez dan Pedro Acosta di baris terdepan. Sementara itu, Francesco Bagnaia harus memulai balapan dari posisi ke-13. Sebelum race utama MotoGP, ada dua balapan kelas lainnya yang bisa disaksikan lebih dulu. Berikut jadwalnya. Jadwal Race MotoGP Jepang 2026, Minggu 4 Oktober - Moto3: 09.00 WIB - Moto2: 10.15 WIB - MotoGP: 12.00 WIB Sejauh ini tidak ada penalti untuk starting grid race utama MotoGP Jepang 2026. Tapi Alex Marquez harus menjalani double long lap penalty setelah dinilai menyebabkan Acosta dan Di Giannantonio terjatuh pada lap pembuka Sprint Race. Starting Grid MotoGP Jepang 2026 Row 1: Jorge Martin (pole), Marc Marquez, Pedro Acosta Row 2: Marco Bezzecchi, Alex Marquez, Fabio Di Giannantonio Row 3: Enea Bastianini, Raul Fernandez, Diogo Moreira Row 4: Johann Zarco, Ai Ogura, Fabio Quartararo Row 5: Francesco Bagnaia, Franco Morbidelli, Somkiat Chantra Row 6: Luca Marini, Brad Binder, Fermin Aldeguer Row 7: Maverick Viñales, Jack Miller, Alex Rins Row 8: Toprak Razgatlioglu.",181
34,sport,https://sport.detik.com/sport-lain/d-8691309/kejurda-catur-2026-diharapkan-lahirkan-pecatur-pecatur-masa-depan-ri,"Persatuan Catur Seluruh Indonesia (Percasi) DKI Jakarta menggelar Kejuaraan Daerah (Kejurda) Piala Gubernur DKI Jakarta 2026. Kejurda ini diharapkan bisa menelurkan pecatur-pecatur muda harapan bangsa. Kejurdan itu digelar di The Tavia Heritage Hotel, Jakarta, Sabtu (3/10) hingga Minggu (4/10/2026). Pembukaan Kejurda Catur Piala Gubernur DKI Jakarta 2026, berlangsung meriah dengan kehadiran Women Grandmaster (WGM) terbaru Indonesia sekaligus atlet catur DKI Jakarta Laysa Latifah. Laysa meraih gelar WGM pada Olimpiade Catur 2026 yang berlangsung bulan lalu di Uzbekistan. Ketua Percasi DKI Jakarta, Hardiyanto Kenneth, menghadirkan Laysa di Kejurda dengan harapan dapat memotivasi para atlet muda agar bisa menyusul meraih gelar Grandmaster. Pada kesempatan tersebut, Kenneth juga menyerahkan apresiasi kepada Laysa atas kesuksesannya meraih titel WGM (Woman Grandmaster). Mahasiswa Universitas Negeri Jakarta itu mendapat bonus Rp 50 juta. ""Saya sangat berbahagia satu atlet dari DKI Jakarta baru saja mengikuti Olimpiade Catur di Uzbekistan, dan langsung meraih gelar Woman Grandmaster (WGM). Saya ingin pamerkan ke seluruh peserta Kejurda ini supaya bisa menjadi motivasi ke depannya dan Saya akan berikan hadiah pembinaan Rp50 juta,"" ujar Kenneth dalam keterangannya, Sabtu (3/10/2026). Kenneth berharap bonus tersebut dapat memotivasi para atlet catur Jakarta lainnya untuk meraih gelar GM secepatnya. ""Saya pernah berjanji kepada Pak Gubernur Pramono Anung saat pelantikan pengurus Percasi DKI Jakarta lalu, untuk bisa melahirkan 4 titel GM (Grandmaster) dari Jakarta. Sekarang sudah tercapai satu, semoga yang lain bisa termotivasi untuk menyusul Laysa,"" papar Anggota DPRD DKI Jakarta dari Fraksi PDI Perjuangan itu. Kejurda tahun ini sendiri diikuti total 420 pecatur dari anak-anak hingga dewasa dengan total hadiah Rp 100 juta. Percasi DKI menggelar Kejurda ini untuk menyeleksi atlet yang akan mewakili DKI di Kejurnas Catur ke-51 2026 yang akan berlangsung di Banten 23-29 Oktober 2026. ""Tentunya ajang Kejurda ini merupakan agenda kejuaraan rutin. Arah ke depannya memang untuk menuju Kejurnas Catur yang akan berlangsung pada akhir bulan ini. Pemenangnya akan mendapat tiket untuk mengikuti Kejurnas Catur 2026 yang akan berlangsung di Banten nanti. Tapi harapan saya atlet yang lolos seleksi nanti harus yang memiliki KTP DKI Jakarta atau yang berdomisili di Jakarta,"" papar Kent. ""Semoga dari Kejurda ini kita bisa menemukan calon-calon juara yang kelak bisa mengharumkan nama DKI Jakarta di Kejurnas dan bahkan membawa nama Jakarta ke panggung lebih tinggi lagi,"" papar Kenneth. DKI Jakarta merupakan juara bertahan di Kejurnas Catur. Di Mamuju tahun lalu, DKI meraih enam emas, dua perak, dan enam perunggu. Pembukaan Kejurda Piala Gubernur DKI Jakarta 2026 ini dihadiri oleh Kepala Dinas Pemuda dan Olahraga (Dispora) Provinsi DKI Jakarta, Andri Yansyah. Andri berharap bisa lahir GM baru menyusul Laysa dari Kejurda ini. ""Insyaallah lewat ajang ini nantinya akan lahir pecatur-pecatur andal yang bisa meraih predikat GM seperti Laysa karena memang latihan yang terbaik adalah banyaknya pertandingan yang digelar. Semakin banyak pertandingan digelar semakin terbuka peluang untuk mendapatkan atlet berprestasi. Dengan kepemimpinan Pak Kenneth, insyaallah catur DKI akan bersinar,"" kata Andri. Sementara itu, Laysa berterima kasih atas kepedulian Percasi DKI Jakarta. Laysa mengaku tak menyangka akan mendapatkan bonus tambahan karena selama ini sudah mendapat banyak dukungan dalam perjuangannya meraih titel WGM. ""Saya sangat berterima kasih ke Pak Kenneth karena mungkin ini pertama kalinya saya mendapatkan bonus ini dan juga sudah banyak banget support-support yang telah diberikan beliau ketika saya keluar negeri, baik secara finansial ataupun support mental. Saya bersyukur punya pemimpin seperti Pak Kenneth,"" ucap Laysa. (mrp/ran)",547
35,sport,https://sport.detik.com/sport-lain/d-8691322/kejuaraan-tinju-amatir-rakyard-rumble-diikuti-60-petarung,"Kejuaraan Tinju Amatir Rakyard Rumble Piala Panglima TNI 2026 bergulir di Bengkel Cafe SCBD Jakarta, Minggu (4/10/2026). Puluhan peserta melakukan timbangan berat badan di Gedung FX Senayan, Jakarta, Sabtu (3/10/2026). Ajang yang dipromotori Mario Tito Tampubolon bekerja sama dengan Tentara Nasional Indonesia Angkatan Darat (TNI AD) dan Pengurus Provinsi Persatuan Tinju Amatir Indonesia (Pengprov PERBATI) DKI Jakarta tersebut menjadi bagian dari rangkaian peringatan HUT ke-81 TNI. Sebanyak 60 petinju ambil bagian dalam kejuaraan ini. Rinciannya, 50 petinju berstatus mahasiswa dan 10 lainnya merupakan prajurit TNI. Mereka akan memperebutkan total hadiah pembinaan sebesar Rp 100 juta. Panitia juga menyiapkan hadiah Rp10 juta untuk petinju terbaik, serta masing-masing Rp5 juta bagi Petinju Harapan dan Petinju Favorit. ""Saya mengucapkan terima kasih kepada Bapak Panglima TNI Jenderal TNI Agus Subiyanto yang telah memberikan kepercayaan. Begitu juga dengan PERBATI DKI Jakarta yang telah mendukung untuk menyukseskan Rakyard Rumble Piala Panglima TNI 2026,"" ujar Mario Tito Tampubolon seusai acara timbang badan. Selain Piala Panglima TNI, panitia menyediakan dua sabuk khusus. Sabuk Panglima TNI diperuntukkan bagi petinju yang berstatus prajurit TNI, sedangkan Sabuk Rakyard Rumble diperebutkan petinju dari kalangan mahasiswa. Mario menjelaskan, Rakyard Rumble Piala Panglima TNI 2026 memiliki dua misi utama. Pertama, memberikan ruang bagi mahasiswa yang memiliki minat untuk meniti karier di dunia tinju sekaligus membuka peluang bagi mereka untuk tampil mewakili Indonesia di ajang internasional. Kedua, kejuaraan ini menjadi sarana untuk mengedukasi pelajar dan mahasiswa mengenai berbagai fasilitas yang dapat diperoleh atlet berprestasi dari pemerintah. ""Fasilitas bagi atlet berprestasi itu cukup banyak untuk kalangan pelajar dan mahasiswa. Dari mulai beasiswa, menjadi ASN, prajurit TNI, dan juga anggota Polri,"" kata Mario. Karena itu, Mario menekankan pentingnya atlet tetap menempuh pendidikan di tengah kesibukan menjalani karier olahraga. Menurutnya, prestasi di bidang olahraga perlu berjalan beriringan dengan pendidikan agar atlet memiliki bekal untuk masa depan. ""Makanya, atlet itu harus menekuni pendidikan sehingga ke depan bisa menjadi SDM unggul bukan hanya di olahraga tetapi dalam karier pendidikannya,"" ujarnya. Mario sendiri tercatat sebagai mahasiswa Universitas Indonesia (UI) dan Universitas Queensland di Australia. Melalui Rakyard Rumble Piala Panglima TNI 2026, ia berharap semakin banyak generasi muda yang melihat tinju bukan hanya sebagai arena meraih prestasi, tetapi juga sebagai bagian dari proses membangun masa depan melalui perpaduan olahraga dan pendidikan. (ran/yna)",370
36,sport,https://sport.detik.com/sport-lain/d-8691304/kejurnas-boling-menpora-cup-ajang-mengukur-prestasi-atlet-boling-dki,"Kejuaraan Nasional Boling Menpora Cup 2026 baru saja dibuka. Ini jadi ajang bagi atlet boling DKI mengukur prestasi jelang SEA Games 2027. Kejurnas resmi dibuka, Sabtu (3/10) di Jaya Ancol Bowling Center, Jakarta dan berakhir 11 Oktober. Kejuaraan ini diikuti delapan provinsi yang mempertandingkan nomor Junior U-23 Putra, Junior U-23 Putri, Double Perkumpulan/Provinsi, Master Graded Pria, Master Graded Wanita, serta Master Open Mixed dengan total hadiah Rp 70 juta. Sesmenpora Suyadi Pawiro membuka secara resmi kejurnas itu. Acara pembukaan juga dihadiri Ketua Umum Persatuan Boling Indonesia (PBI), Agus Muhammad Bahron. Ketua Umum KONI DKI Jakarta, Hidayat Humaid, serta Ketua PBI DKI Jakarta, Roland Waworuntu. Dalam kesempatan itu, Suyadi berharap agar di Kejuaraan ini lahir para peboling andal Indonesia yang kelak berprestasi di berbagai kejuaraan single maupun multi event international. ""Kami mendukung program pembinaan PBI dalam upaya mencari bibit-bibit peboling andal melalui kegiatan ini, ""kata Suyadi dalam rilis kepada detiksport. Event tahunan ini sudah masuk dalam Kalender kejuaraan PBI Provinsi DKI Jakarta dan menjadi salah satu ajang penting bagi atlet boling dari berbagai daerah untuk menguji kemampuan dan prestasi mereka dalam kompetisi tingkat nasional. Hidayat Humadi selaku Ketua KONI DKI berharap agar even ini menjadi bahan evaluasi bagi para pelatih boling DKI agar para atlet bisa bersaing dengan atlet daerah lainnya, terutama menghadapi Pra-PON 2028 yang akan digelar tahun depan di Jakarta. ""Digelarnya kejuaraan ini merupakan salah satu rangkaian pembinaan. Harus ada event-event untuk mengukur dan mengevaluasi terutama atlet-atlet yang tergabung di Pelatda DKI Jakarta,"" ungkap Hidayat Sementara itu, Roland mengatakan bahwa penyelenggaraan kejuaraan secara rutin merupakan bagian dari komitmen PBI DKI untuk menjaga kesinambungan kompetisi dan pembinaan bagi para atlet boling, khususnya atlet DKI. Ini jadi persiapan menghadapi SEA Games 2027 di Malaysia agar atlet DKI bisa berkontribusi untuk Tim Boling Indonesia. ""Selain mengejar prestasi, kejuaraan ini diharapkan dapat memberikan pengalaman berharga bagi atlet-atlet muda, khususnya peserta kategori Junior U-23 dalam menghadapi persaingan dengan atlet dari berbagai daerah,"" paparnya. PBI DKI berharap penyelenggaraan kejuaraan ini dapat terus memberikan kontribusi terhadap perkembangan olahraga boling nasional dan mendorong semakin banyak atlet potensial untuk berkembang hingga level internasional. (mrp/ran)",346
37,sport,https://sport.detik.com/sport-lain/d-8691298/usai-dilantik-pdbi-dki-jakarta-bidik-juara-umum-pon-2028,"Noviati Fitri, S.E., resmi dilantik sebagai Ketua Umum Pengurus Provinsi Persatuan Drum Band Indonesia (Pengprov PDBI) DKI Jakarta periode 2026-2030. Pelantikan berlangsung di Gedung KONI DKI Jakarta, Kamis, 1 Oktober 2026. Noviati Fitri yang akrab disapa Novi sebelumnya menjabat sebagai Wakil Ketua Pengprov PDBI DKI Jakarta. Kini, ia dipercaya memimpin organisasi olahraga tersebut untuk periode empat tahun ke depan. Pelantikan turut dihadiri Ketua Umum PB PDBI Letjen TNI Robi Herbawan, S.E., Kadispora DKI Jakarta Drs. Andri Yansah, M.H., jajaran KONI DKI Jakarta, Ketua Harian PB PDBI Brigjen TNI Panca Iswandaru, S.E., perwakilan Dinas Pendidikan DKI Jakarta, para atlet dan pelatih cabang olahraga drum band, serta sejumlah ketua cabang olahraga di DKI Jakarta. Dalam sambutannya, Novi menyampaikan terima kasih atas kepercayaan yang diberikan kepadanya untuk memimpin PDBI DKI Jakarta. Menurutnya, amanah tersebut bukan sekadar kehormatan, melainkan tanggung jawab besar yang harus diwujudkan melalui kerja nyata, kebersamaan, dan prestasi. ""Bagi saya, amanah ini bukan hanya sebuah kehormatan. Lebih dari itu, amanah ini adalah tanggung jawab besar yang harus kami jaga dan kami buktikan melalui kerja nyata, kebersamaan, dan prestasi,"" ujar Novi. Novi juga memberikan apresiasi kepada kepengurusan PDBI DKI Jakarta periode sebelumnya yang dinilai telah memberikan fondasi penting bagi perkembangan olahraga drum band di Ibu Kota. Ia menyoroti capaian DKI Jakarta pada PON sebelumnya yang berhasil meraih dua medali emas dan tiga medali perak. Prestasi tersebut, kata Novi, akan menjadi motivasi bagi kepengurusan baru untuk mempertahankan sekaligus meningkatkan pencapaian tersebut. ""Prestasi itu bukan sekadar untuk dikenang. Prestasi itu adalah warisan semangat. Prestasi itu adalah standar yang harus kami jaga, sekaligus menjadi pacuan dan motivasi bagi kepengurusan periode ini untuk melangkah lebih jauh dan meraih hasil yang lebih baik lagi,"" katanya. Menurut Novi, tantangan ke depan semakin besar karena DKI Jakarta mendapatkan kehormatan sekaligus tanggung jawab sebagai tuan rumah penyelenggaraan cabang olahraga drum band pada PON XXII 2028. Karena itu, PDBI DKI Jakarta menargetkan keberhasilan bukan hanya dari sisi penyelenggaraan, tetapi juga prestasi. Novi menegaskan pembinaan atlet akan menjadi salah satu fokus utama kepengurusan 2026-2030. ""Kita ingin menunjukkan bahwa DKI Jakarta tidak hanya mampu menjadi tuan rumah yang baik, tetapi juga mampu menghadirkan atlet-atlet terbaik yang berjuang dengan disiplin, sportivitas, dan semangat juang untuk memberikan prestasi terbaik bagi Jakarta,"" tuturnya. Novi menargetkan PDBI DKI Jakarta mampu meraih prestasi maksimal hingga menjadi juara umum cabang olahraga drum band pada PON 2028. Untuk mencapai target tersebut, ia menilai diperlukan persiapan yang matang, mulai dari penguatan pembinaan atlet, peningkatan kualitas pelatih dan juri, penguatan organisasi, hingga koordinasi dengan PB PDBI, KONI DKI Jakarta, pemerintah daerah, serta para pemangku kepentingan lainnya. ""Target kita adalah sukses penyelenggaraan, sukses prestasi, dan sukses membawa nama baik DKI Jakarta,"" tegas Novi. Ia juga mengajak seluruh pengurus yang baru dilantik untuk bekerja secara bersama-sama dan mengedepankan soliditas organisasi. ""Kita satukan langkah, satukan hati, dan satukan tujuan. Ketika ada kekurangan, mari kita perbaiki bersama. Ketika ada tantangan, mari kita hadapi bersama,"" ucapnya. Kepada para atlet, Novi berpesan agar terus menjaga semangat latihan dan tidak mudah menyerah. Ia menyebut atlet merupakan ujung tombak sekaligus kebanggaan PDBI DKI Jakarta. Sementara kepada para pelatih, juri, pengurus, senior, serta pengurus terdahulu, Novi menyampaikan apresiasi atas kontribusi dan pengabdian yang telah diberikan selama ini. ""Dan kepada para senior serta pengurus terdahulu, kami masih sangat membutuhkan arahan, pengalaman, dan nasihat Bapak dan Ibu. Apa yang telah dibangun dengan baik akan kami jaga, dan apa yang masih dapat ditingkatkan akan kami lanjutkan bersama-sama,"" katanya. Novi menegaskan pelantikan tersebut menjadi awal perjalanan baru bagi PDBI DKI Jakarta. Ia berharap seluruh keluarga besar PDBI dapat menjaga persatuan dan bersama-sama membangun prestasi olahraga drum band di Ibu Kota. ""Dari prestasi yang telah diwariskan, kita lanjutkan perjuangan. Dari kebersamaan, kita bangun kekuatan. Dan dari kerja keras, Insya Allah kita hadirkan prestasi yang lebih membanggakan,"" pungkasnya. Dengan kepengurusan baru periode 2026-2030, PDBI DKI Jakarta menjadikan PON 2028 sebagai momentum penting untuk membuktikan kemampuan, baik sebagai tuan rumah maupun sebagai kontingen yang memburu prestasi tertinggi. (ran/yna)",650
38,sport,https://sport.detik.com/sportstyle/d-8691297/pentingnya-pilates-bagi-para-pelaku-olahraga,"Pilates kerap dianggap olahraga kaum menengah ke atas. Tapi, pilates justru penting bagi para atlet dan juga pelaku olahraga. Pilates semakin mudah ditemukan dalam percakapan seputar olahraga dan gaya hidup sehat. Namun dibalik popularitasnya, masih banyak orang yang belum benar-benar memahami apa itu Pilates. Ada yang menganggapnya sebagai olahraga peregangan, bagian dari rehabilitasi, atau latihan dengan intensitas yang relatif ringan. Ada pula yang masih bertanya-tanya melihat Reformer, alat dengan carriage, pegas, dan straps yang menjadi bagian penting dari pengalaman Pilates modern. Stigma itulah yang coba diubah oleh salah satu pelatih Pilates Camila Arreaga yang mengajak masyarakat mengenal pilates dari dasarnya, mulai dari fungsi Reformer, perbedaannya dengan Mat Pilates dan yoga, hingga alasan metode berusia lebih dari satu abad ini tetap relevan hingga sekarang. ""Pilates bukan hanya soal stretching atau melatih core. Ini adalah metode latihan yang mengajarkan tubuh untuk bergerak dengan kontrol dan tujuan, bukan sekadar mengandalkan momentum,"" jelas Camila yang merupakan Head Coach VAURA Pilates Menteng. ""Dalam setiap gerakan, kita belajar menghubungkan napas, posisi tubuh, dan tenaga secara bersamaan. Jadi yang dilatih bukan hanya satu otot, tetapi bagaimana tubuh bekerja sebagai satu kesatuan,"" sambungnya. Pilates sendiri dikembangkan oleh Joseph Pilates lebih dari satu abad lalu melalui metode yang ia sebut Contrology. Sejak awal, prinsipnya berpusat pada kontrol, presisi, napas, dan hubungan antara pikiran dengan tubuh. Peralatan berbasis pegas yang berkembang dalam perjalanan metode tersebut kemudian menjadi dasar bagi berbagai apparatus Pilates yang dikenal saat ini, termasuk Reformer. Hingga kini, fondasi itu tetap menjadi bagian penting dari Pilates modern. Meski terlihat cukup kompleks bagi first-timer, fungsi Reformer sebenarnya sederhana: membantu tubuh bergerak dengan lebih terarah. Pegas pada Reformer dapat memberikan bantuan sekaligus resistensi, tergantung pada gerakan, posisi tubuh, dan arah geraknya. | Head Coach VAURA Pilates Menteng Camila Arreaga, (Foto: Istimewa) | ""Dalam satu latihan, pegas bisa membantu menopang tubuh sehingga kita dapat lebih fokus pada kualitas gerakan. Di latihan lain, tegangan yang sama justru menjadi resistensi yang harus kita kontrol,"" jelas Camila. Karena carriage terus bergerak, tubuh juga harus mengontrol gerakan saat mendorong maupun saat kembali ke posisi awal. Inilah yang membuat Reformer Pilates sering terlihat lebih ringan dari kenyataannya. ""Orang melihat gerakannya yang perlahan dan terkontrol lalu mengira mudah. Padahal justru karena gerakannya lambat dan penuh kontrol, latihannya terasa menantang. Kita tidak bisa bersembunyi di balik momentum,"" ujarCamila. | Baca juga: Karena Gaya Hidup Sehat Bukan Cuma Olahraga | Bukan Pengganti Olahraga Lain Bagi Camila, Pilates tidak harus menggantikan olahraga yang sudah disukai seseorang. Justru sebaliknya, Pilates dapat menjadi pelengkap bagi pelari, weightlifter, golfer, pemain olahraga raket, penari, maupun mereka yang rutin berlatih di gym. Pelari, misalnya, terbiasa bergerak dominan ke arah depan dan dapat menemukan tantangan baru ketika Pilates memperkenalkan gerakan rotasi dan lateral. Mereka yang terbiasa mengangkat beban juga sering terkejut ketika diminta bergerak secara presisi tanpa mengandalkan beban berat. Sementara olahraga seperti golf dan racket sports memiliki pola rotasi berulang yang dapat dilengkapi dengan latihan kontrol dan keseimbangan tubuh. ""Pilates memang punya peran dalam rehabilitasi, dan tentu ada unsur stretching di dalamnya. Tetapi kalau Pilates hanya dipahami sebatas itu, kita kehilangan gambaran besarnya. Ini adalah metode latihan yang juga membutuhkan strength, coordination, dan control,"" papar Camila. Bukan Sekadar Tren atau 'Hot Girl Workout' Popularitas Pilates di media sosial turut melahirkan anggapan bahwa olahraga ini hanya cocok untuk kelompok tertentu. Bagi Camila, persepsi tersebut lebih banyak lahir dari bagaimana Pilates terlihat dari luar dibandingkan apa yang sebenarnya terjadi selama latihan. ""Saya justru lebih suka kalau seseorang datang dengan menganggap Pilates akan mudah, lalu keluar dari kelas dengan rasa terkejut, daripada mereka merasa Pilates bukan untuk mereka dan akhirnya tidak pernah mencoba,"" ujarnya. Pilates dapat diterapkan pada berbagai usia dan latar belakang kebugaran. Bagi peserta yang lebih muda, fokusnya mungkin pada performa dan kekuatan. Bagi kelompok usia yang lebih matang, manfaat latihan dapat bergeser pada kemampuan menjaga keseimbangan, kontrol sendi, dan kemandirian dalam bergerak. Dengan pendampingan yang tepat, remaja pun dapat mulai mengenal body awareness, alignment, napas, dan kontrol sejak dini. Pada akhirnya, Camila berharap semakin banyak orang melihat Pilates bukan berdasarkan stereotipnya, melainkan dari apa yang benar-benar dirasakan tubuh ketika mencobanya. ""Saya ingin orang memahami bahwa Pilates itu benar-benar menantang, cerdas, dan bisa menjadi milik siapa saja, apapun bentuk tubuh atau latar belakang kebugarannya. Setelah satu kelas, saya ingin mereka pulang dengan pemahaman baru tentang apa arti core strength dan control yang sebenarnya,"" demikian dia. (mrp/ran)",720
39,sport,https://sport.detik.com/sport-lain/d-8691281/motivasi-atlet-muda-ketum-percasi-dki-kenneth-hadirkan-wgm-laysa-latifah-di-kejurda-catur-2026,"Persatuan Catur Seluruh Indonesia (Percasi) DKI Jakarta menggelar Kejuaraan Daerah (Kejurda) Piala Gubernur DKI Jakarta 2026 di The Tavia Heritage Hotel, Jakarta, pada Sabtu (3/10) hingga Minggu (4/10/2026). Pembukaan Kejurda Catur Piala Gubernur DKI Jakarta 2026, berlangsung meriah dengan kehadiran Women Grandmaster (WGM) terbaru Indonesia sekaligus atlet catur DKI Jakarta, Laysa Latifah. Diketahui, Laysa meraih gelar WGM pada Olimpiade Catur 2026 yang berlangsung bulan lalu di Uzbekistan. Ketua Percasi DKI Jakarta, Hardiyanto Kenneth menghadirkan Laysa di Kejurda dengan harapan dapat memotivasi para atlet muda agar bisa menyusul meraih gelar Grandmaster. Pada kesempatan tersebut, Kenneth juga menyerahkan apresiasi kepada Laysa atas kesuksesannya meraih titel WGM (Woman Grandmaster). Mahasiswa UNJ itu diganjar bonus uang pembinaan sebesar Rp50 juta. ""Saya sangat berbahagia satu atlet dari DKI Jakarta baru saja mengikuti Olimpiade Catur di Uzbekistan, dan langsung meraih gelar Woman Grandmaster (WGM). Saya ingin pamerkan ke seluruh peserta Kejurda ini supaya bisa menjadi motivasi ke depannya dan Saya akan berikan hadiah pembinaan Rp50 juta,"" ujar Kenneth dalam keterangannya, Sabtu (3/10/2026). | Ketua Umum Percasi (Persatuan Catur Seluruh Indonesia) Hardiyanto Kenneth Sedang Mengenalkan Kepada Awak Media Atlit Catur DKI Jakarta Laysa Latifah Yang Baru Saja Meraih Gelar Woman Grand Master (WGM). Foto. Dok: Percasi DKI Jakarta. | Pria yang akrab disapa Bang Kent itu berharap bonus tersebut dapat memotivasi para atlet catur Jakarta lainnya untuk meraih gelar GM secepatnya. ""Saya pernah berjanji kepada Pak Gubernur Pramono Anung saat pelantikan pengurus Percasi DKI Jakarta lalu, untuk bisa melahirkan 4 titel GM (Grandmaster) dari Jakarta. Sekarang sudah tercapai satu, semoga yang lain bisa termotivasi untuk menyusul Laysa,"" papar pria yang juga merupakan Anggota DPRD DKI Jakarta dari Fraksi PDI Perjuangan itu. Perlu diketahui, Kejurda Piala Gubernur DKI Jakarta 2026 sendiri diikuti total 420 pecatur dari anak-anak hingga dewasa. Ajang ini menyediakan total hadiah Rp100 juta. Percasi DKI menggelar Kejurda ini untuk menyeleksi atlet yang akan mewakili DKI Jakarta ke Kejurnas Catur ke-51 Tahun 2026 yang akan berlangsung di Banten pada 23-29 Oktober 2026. ""Tentunya ajang Kejurda ini merupakan agenda kejuaraan rutin. Arah ke depannya memang untuk menuju Kejurnas Catur yang akan berlangsung pada akhir bulan ini. Pemenangnya akan mendapat tiket untuk mengikuti Kejurnas Catur 2026 yang akan berlangsung di Banten nanti. Tapi harapan saya atlet yang lolos seleksi nanti harus yang memiliki KTP DKI Jakarta atau yang berdomisili di Jakarta,"" papar Kent. ""Semoga dari Kejurda ini kita bisa menemukan calon-calon juara yang kelak bisa mengharumkan nama DKI Jakarta di Kejurnas dan bahkan membawa nama Jakarta ke panggung lebih tinggi lagi,"" pungkas Alumni PPRA LXII Lemhannas RI itu. DKI Jakarta merupakan juara bertahan di Kejurnas Catur. Pada edisi sebelumnya di Kejurnas Catur Mamuju ke-50 Tahun 2025, DKI Jakarta mampu menjadi yang terbaik dengan meraih juara umum setelah meraih enam emas, dua perak, dan enam perunggu. Pembukaan Kejurda Piala Gubernur DKI Jakarta 2026 ini dihadiri oleh Kepala Dinas Pemuda dan Olahraga (Dispora) Provinsi DKI Jakarta, Drs. H. Andri Yansyah, M.H. Dalam pesannya, Kadispora berharap bisa lahir GM baru menyusul Laysa dari Kejurda ini. Andri mengapresiasi digelarnya Kejuaraan Daerah Catur 2026 yang dilaksanakan oleh Percasi DKI Jakarta. Menurutnya, ajang tersebut dapat mengasah kemampuan para atlet catur DKI Jakarta. ""Insyaallah lewat ajang ini nantinya akan lahir pecatur-pecatur andal yang bisa meraih predikat GM seperti Laysa karena memang latihan yang terbaik adalah banyaknya pertandingan yang digelar. Semakin banyak pertandingan digelar semakin terbuka peluang untuk mendapatkan atlet berprestasi. Dengan kepemimpinan Pak Kenneth, insyaallah catur DKI akan bersinar,"" kata Andri Yansyah. | Ketua Umum Percasi (Persatuan Catur Seluruh Indonesia) Hardiyanto Kenneth Bersama Kadispora DKI Jakarta Andri Yansyah Membuka Turnamen Kejurda Catur Piala Gubernur DKI Jakarta 2026. Foto: Dok: Percasi DKI Jakarta. | Sementara itu, Laysa berterima kasih atas kepedulian Percasi DKI Jakarta. Laysa mengaku tak menyangka akan mendapatkan bonus tambahan karena selama ini sudah mendapat banyak dukungan dalam perjuangannya meraih titel WGM. ""Saya sangat berterima kasih ke Pak Kenneth karena mungkin ini pertama kalinya saya mendapatkan bonus ini dan juga sudah banyak banget support-support yang telah diberikan beliau ketika saya keluar negeri, baik secara finansial ataupun support mental. Saya bersyukur punya pemimpin seperti Pak Kenneth,"" ucap Laysa yang juga mendapat dukungan dari Dewa United selama berjuang di Olimpiade Catur di Uzbekistan lalu. (ega/anl)",689
40,sport,https://sport.detik.com/sport-lain/d-8691159/tinju-gagal-sumbang-medali-di-asian-games-2026-perbati-buka-suara,"Pengurus Besar Tinju Amatir Indonesia (Perbati) gagal memberikan medali bagi Indonesia di Asian Games 2026. Mereka mengakui masih ada kurangnya. Hal itu disampaikan Sekretaris Jenderal Perbati Hengky Silatang, setibanya di Jakarta, pada Sabtu (3/10/2026). Ia turut mendampingi lima atlet yang berjuang di Aichi-Nagoya. Kelima petinju itu ialah Nabila Maharani 54kg, Huswatun Hasanah 65kg, Jill Mandagie 55kg, Asri Udin 60kg, dan Maikhel Muskita 80kg. Namun, dari kesemuanya capaian terbaik tinju Indonesia hanya sampai perempatfinal. Maikhel tak mampu melangkah ke babak berikutnya setelah kalah dari Minseong Kim asal Korea Selatan. Dari lima juri, Maikhel hanya satu juri yang memenangkannya. Sementara sisanya memilih Kim. ""Pasti sebagai atlet, kami saat bertanding juga, pas keputusan itu, saya yakin menang. Sebab, di ronde ketiga, saya push lawan cuma keputusan-keputusan wasit itu menilai saya kalah,"" kata Maikhel. ""Saya sangat-sangat kecewa karena latihan kan bukan satu hari saja. Butuh waktu yang harus kita korbankan, orang tua, kerja, segala macam dan memang hati sudah buat tinju."" ""Ya ke depan belajar dari kesalahan juga bersama pengurus juga, supaya kami bisa upgrade yang maksimal,"" tegas Maikhel. Sementara itu, Sekretaris Jenderal Perbati Hengky Silatang mengakui kurangnya pelatih fisik pada saat persiapan tim menuju pertandingan. ""Secara kualitas kami tidak tertinggal dengan negara-negara yang banyaknya juara-juara olimpiade. Hanya memang mesti training center berkepanjangan, dan evaluasinya paling tidak ada khusus pelatih fisik untuk menangani si atlet,"" kata Hengky. ""Kami tidak menyalahkan kesemuanya. Saya sebagai pengurus juga bertanggung jawab dan ini adalah cambuk untuk bisa berbicara. Karena targetnya paling tidak (ke depan) bisa lolos di Olimpiade, selain nanti SEA Games di Malaysia,"" ujarnya. Tak hanya itu, Hengky juga menyoroti soal faktor nonteknis yang ada pada atlet selama bertanding. ""Jadi kami harus benahi dan semua unsur-unsur, termasuk saya, semua harus tahu. Kami menyadari dan mengakui itu perlu ada pembenahan secara total agar hasilnya bisa lebih baik ke depan,"" kata Hengky. (mcy/aff)",304
41,sport,https://sport.detik.com/sport-lain/d-8691152/drama-diinjak-lawan-saat-sofyan-bintang-gagal-raih-emas-asian-games,"Pelatih voli pantai Andy Ardiansyah mengapresiasi pencapaian atletnya Asian Games 2026. Meski sempat sedih dan sedikit kesal karena atletnya cedera. Tim voli pantai Indonesia harus puas mendapatkan medali perak dalam babak final voli pantai yang berlangsung di Hekinan Ryokuchi Beach Court, Sabtu (3/10/2026). Bintang Akbar/Sofyan Rachman menyelesaikan laga melawan Cherif Samba/Ahmed Janko dalam tiga set. Mereka kalah 1-2, dan gagal menyumbangkan medali emas bagi Tim Indonesia. ""Alhamdulillah. Untuk capaian ini kami sangat bersyukur karena sudah cukup lama kami haus medali,"" kata Andy dalam keterangan cepatnya melalui NOC Indonesia. ""Terakhir kami mendapatkan medali pada 2018 di Jakarta. Saat itu kami meraih medali perak dan perunggu. Setelah itu, di Asian Games berikutnya kami belum mendapatkan medali, dan sekarang akhirnya kami bisa kembali mendapatkannya."" ""Alhamdulillah, anak-anak bisa mempersembahkan medali ini. Insyaallah di Asian Games berikutnya masih banyak peluang yang bisa kami kejar,"" tuturnya. Meski mengapresiasi perjuangan timnya, Andy juga mengungkapkan rasa kecewa terkait insiden cedera yang menimpa anak asuhnya, apalagi kondisi itu menjadi faktor penentu dalam pertandingan di Asian Games 2026. Menurut Andy, timnya sebenarnya sudah bermain sesuai strategi yang disiapkan bersama tim pelatih, namun kejadian tak terduga mengubah jalannya pertandingan. ""Pemain kami (Bintang) mengalami cedera ankle setelah kaki pemain lawan masuk dan menginjak kakinya saat melakukan block. Ankle-nya sakit sekali sampai tidak bisa berjalan,"" ujar Andy. Cedera tersebut terjadi di awal set kedua dan sangat berpengaruh terhadap performa. Bintang tidak bisa maksimal dalam defense maupun block, terutama di set-set penentu. ""Sejak saat itu gerakan kakinya mulai terganggu. Dia tidak bisa melompat dan bergerak maksimal. Bahkan untuk bergerak sedikit saja terasa sakit,"" jelasnya. Tim sempat meminta medical time-out untuk penanganan, namun rasa sakit masih terasa. Bintang tetap memaksakan diri bermain karena peluang menang masih terbuka. Andy menegaskan cedera itu bukan karena salah tumpuan, melainkan kaki lawan yang masuk ke area Indonesia. Pihaknya ingin mengonsultasikan kejadian tersebut kepada wasit terkait regulasi. ""Bukan karena salah tumpuan. Saat dia melakukan block, pemain lawan masuk dan kakinya menginjak kaki pemain kami. Itu yang sebenarnya ingin kami konsultasikan kepada wasit,"" tegasnya. Mengenai lawan, Andy menyebut tim yang dihadapi kali ini adalah Qatar dengan materi pemain naturalisasi. ""Kalau tim kami yang sekarang, jarang bertemu Qatar. Mereka memang pemain naturalisasi, kalau tidak salah berasal dari Senegal dan Nigeria. Dalam beberapa Asian Games terakhir, Qatar memang cukup dominan,"" ungkapnya. Ke depan, tim voli pantai Indonesia akan fokus mengumpulkan poin AVC menuju Olimpiade melalui sejumlah turnamen di Turki dan agenda AVC lainnya. ""Ini memang bukan kualifikasi secara langsung, tetapi bagian dari pengumpulan poin yang nantinya berpengaruh terhadap peringkat menuju Olimpiade. Jadi harus aktif mengikuti turnamen,"" tegas Andy. Ia juga optimistis dengan regenerasi tim, di mana tim kedua yang masih berusia SMA memiliki postur tinggi dan skill bagus dan diproyeksikan bisa bersaing di level atas dalam satu sampai dua tahun ke depan. (mcy/aff)",460
42,sport,https://sport.detik.com/sport-lain/d-8691099/indonesia-tuan-rumah-kejuaraan-dunia-sepak-takraw-2027,"Kabar Indonesia akan menjadi tuan rumah Kejuaraan Dunia Sepak Takraw 2027. Ini menjadi angin segar bagi perkembangan sepak takraw Tanah Air. Hal ini mengemuka dalam pertemuan Ketua Umum Komite Olimpiade Indonesia (NOC Indonesia) Raja Sapta Oktohari dengan Presiden Asian Sepak Takraw Federation (ASTAF) Dato Abdul Halim Kader di Arena Sepak Takraw pada Sabtu (3/10/2026). Abdul Halim menyampaikan apresiasi atas dukungan Indonesia terhadap perkembangan sepak takraw, sekaligus perubahan positif yang terjadi dalam pengelolaan dan pengembangan cabang olahraga tersebut di Indonesia. Apresiasi secara khusus juga disampaikan kepada Ketua Umum PB PSTI (Pengurus Besar Persatuan Sepak Takraw Indonesia), Surianto. Abdul Halim menilai kepemimpinan Surianto telah membawa perkembangan positif bagi sepak takraw Indonesia serta memperkuat hubungan PB PSTI dengan ASTAF serta komunitas sepak takraw internasional. Sementara itu, Okto mengatakan, perkembangan sepak takraw Indonesia tidak hanya penting dari sisi prestasi, tetapi juga sebagai bagian dari penguatan ekosistem olahraga nasional dan hubungan Indonesia dengan komunitas olahraga internasional. ""Sepak takraw adalah salah satu cabang olahraga yang memiliki tradisi dan prestasi kuat bagi Indonesia. Karena itu, kami ingin memastikan perkembangannya terus berjalan, baik dari sisi prestasi atlet maupun hubungan Indonesia dengan federasi internasional. Kolaborasi antara NOC Indonesia, PB PSTI dan ASTAF menjadi bagian penting untuk membawa sepak takraw Indonesia semakin berkembang,"" ujar Okto dalam keterangan tertulisnya. Kehadiran Okto di arena pertandingan juga menjadi bentuk perhatian KOI terhadap perjuangan atlet-atlet Tim Indonesia yang berlaga di Asian Games Aichi-Nagoya 2026. Okto menyaksikan langsung perjuangan tim sepak takraw Indonesia dalam pertandingan final yang digelar di Nagoya City Mizuho Park Gymnasium. Tim Indonesia harus puas dengan medali perak setelah kalah dari Jepang dalam tiga set, 15-17, 15-9 dan 13-15. Kendati demikian, perjuangan Jelki Ladada dkk mendapat apresiasi sebagai bagian dari perjalanan panjang pengembangan sepak takraw Indonesia. Menurut Okto, dukungan terhadap atlet tidak berhenti pada saat pertandingan berlangsung. KOI juga memiliki tanggung jawab untuk membangun komunikasi dan kolaborasi dengan federasi nasional maupun internasional demi memastikan keberlanjutan pembinaan olahraga Indonesia. ""Yang kita bangun bukan hanya prestasi untuk satu pertandingan atau satu Asian Games. Kita ingin membangun ekosistem yang berkelanjutan. Atlet harus mendapat dukungan, federasi harus semakin kuat, dan hubungan internasional juga harus terus kita jaga,"" kata Okto. (mcy/aff)",354
43,sport,https://sport.detik.com/sport-lain/d-8691081/panjat-tebing-gagal-raih-emas-srondeng-finis-kelima-asian-games,"Panjat tebing Indonesia gagal menambah medali emas Asian Games 2026. Empat wakilnya kompak menempati peringkat kelima dan kedelapan. Tampil di Portmesse Nagoya Exhibition Hall 1, Sabtu (3/10/2026), Indonesia sejatinya meloloskan empat atlet di final cabang Lead putra dan putri. Mereka ialah Alma Airiella Tsany, Sukma Lintang Cahyani, Raviandi Ramadhan, dan Putra Tri Ramadani yang biasa disapa Srondeng. Sayangnya, mereka gagal mendapatkan medali di multievent empat tahunan terbesar se-Asia tersebut. Ramadhan yang tampil pertama terjatuh setelah mengunci 20 poin. Tangan Ramadhan tak cukup kuat untuk bertahan. Sampai akhirnya terhenti dengan 23 poin dan menempati peringkat ke-8. Menyusul Putra Tri. Harapan panjat tebing Indonesia di cabang Lead ini juga gagal mendapatkan medali. Juara World Climbing series Praha 2026 ini selesai di peringkat kelima dengan 32 poin. Juara dan runner up direbut wakil-wakil tuan rumah yaitu Neo Suzuki yang mengemas 40 poin dan Satone Yoshida usai membukukan lebih dari 38 poin. Sedangkan peringkat ketiga direbut Dohyun Lee (Korea Selatan) yang mengumpulkan 38 poin. Lead putri juga gagal mendapatkan medali. Dua wakil yang lolos ke final, yaitu Alma Airiella Tsany harus puas berada di urutan kelima dengan 35 poin. Sementara Sukma Lintang Cahyani berada di peringkat terakhir atau kedelapan dengan total 28 poin. Adapun medali emas Lead putri diraih Chaehyun Seo setelah sukses menembus top. Perak direbut Ai Mori dari Jepang dengan skor lebih dari 47, serta Yuetong Zhang (China) mendapat medali perunggu setelah membukukan skor 39. Dengan demikian panjat tebing Indonesia hanya mendapatkan medali emas melalui Desak Made Rita Kusuma Dewi nomor speed putri. (mcy/aff)",252
44,sport,https://sport.detik.com/sport-lain/d-8690951/asian-games-2026-indonesia-tambah-perak-perunggu-dari-padel,"Kontingen Indonesia menambah perak dan perunggu di Asian Games 2026 dari olahraga padel. Nomor ganda putri turut menyumbang medali tersebut. Di babak final nomor ganda putri, pasangan Indonesia Fadona Kusumawati/Fitriani Sabatini kalah dari pasangan Jepang, Saki Tsukamoto/Kae Takumoto. Bertanding di Nagoya City Higashisu Sports Center, Sabtu (23/10/2026) sore WIB, Fadona/Fitriani kalah dua set langsung dengan skor 3-6 dan 4-6. Sementara perunggu untuk Indonesia diraih oleh pasangan Beatrice Gumulya/Novela Putria. Di babak perebutan tempat ketiga, Beatrice/Novela menang dua gim langsung atas Danna Abad/Joshea Malazarte dengan skor mencolok 6-0 dan 6-0. Indonesia belum mampu menambah emas pada hari ini. Sebelumnya, sepaktakraw dan voli pantai menyumbang perak untuk Kontingen Merah Putih. Saat ini, Indonesia mengumpulkan sebanyak 5 emas, 11 perak, dan 23 perunggu. Indonesia menempati posisi ke-15 klasemen medali Asian Games 2026. Indonesia masih bisa menambah emas dari cabang panjat tebing. Ada Sukma Lintang Cahyani dan Ala Ariella Tsany yang masih berjuang di nomor lead putri. Sementara Raviandi Ramadhan dan Putra Tri Ramadan berjuang di nomor lead putra. (cas/aff)",166
45,sport,https://sport.detik.com/moto-gp/d-8690930/tak-cuma-nonton-motogp-ini-4-keseruan-vip-xperience-bold-riders-di-jepang,"Komunitas otomotif Bold Riders kembali memanjakan para anggota terpilihnya dengan pengalaman luar biasa bertajuk VIP Xperience. Para penggemar mendapatkan kesempatan emas menyaksikan langsung ajang balap bergengsi MotoGP 2026 di Mobility Resort Motegi, Jepang. Kehadiran rombongan di sana bukan sekadar duduk manis menonton balapan dari atas tribun penonton biasa. Sebagai Sponsor Resmi Gresini Racing, Bold Riders memberikan akses spesial agar peserta bisa merasakan atmosfer dunia balap secara utuh. Berikut deretan keseruan VIP Xperience yang dirasakan langsung oleh anggota komunitas Bold Riders. 1. Akses Eksklusif Tembus Paddock MotoGP Pengalaman eksklusif ini melampaui fasilitas tribun biasa atau beyond the grandstand. Anggota komunitas mendapatkan keistimewaan melakukan Pitlane Walk dan masuk langsung ke area paddock. Mereka bisa melihat ragam kesibukan tim teknis Gresini Racing dari jarak yang sangat dekat. 2. Eksplorasi Kultur Otomotif Jepang Perjalanan ke Negeri Sakura ini sengaja dirancang untuk menyelami kultur otomotif lokal secara lebih mendalam. Rombongan Bold Riders berkesempatan menyambangi Ricoland selaku surga perlengkapan berkendara serba ada di Jepang. Eksplorasi berlanjut dengan kunjungan edukatif ke Honda Museum Motegi serta bersantai di berbagai riding spot ikonik Tokyo. 3. Kunjungi Surga Biker Ricoland Perjalanan wisata ini sengaja dirancang untuk menyelami kultur otomotif lokal secara lebih mendalam. Rombongan berkesempatan menyambangi Ricoland yang dikenal luas sebagai surga perlengkapan berkendara serba ada di Jepang. 4. Jelajah Museum dan Riding Spot Eksplorasi budaya otomotif ini berlanjut dengan kunjungan edukatif menuju Honda Museum Motegi. Setelah asyik belajar sejarah, rombongan diajak bersantai menikmati suasana di berbagai riding spot ikonik Tokyo. Lanjutan Euforia: Temu Sapa di Jakarta Sepulang dari Jepang, semangat persaudaraan dari lintasan balap dunia ini terus berlanjut di Tanah Air. Bold Riders mengundang komunitas untuk menyambut kedatangan Alex Marquez dan Fermin Aldeguer di Jakarta. Acara temu sapa eksklusif bersama pembalap andalan Gresini Racing ini dijadwalkan hadir pada 7 Oktober mendatang. | Foto: Bold Riders | Konsep temu sapa tersebut dikemas dengan nuansa sangat kasual dan jauh dari kesan kaku konferensi pers. Anggota komunitas bebas ngobrol santai, berfoto bersama, serta berburu tanda tangan sang idola. Penyelenggara juga menyiapkan berbagai kejutan bernuansa lokal untuk memperkuat ikatan emosional antara tim dan penggemar. Wadah Multigenre Berjiwa Live Bold Bold Riders hadir sebagai wadah komunitas motor multigenre yang menjunjung tinggi semangat brotherhood. Pengendara dari berbagai merek kendaraan dibebaskan untuk bergabung dan memperkuat tali persaudaraan ini. Kebersamaan erat tersebut sangat sejalan dengan peran Bold Riders sebagai sponsor resmi tim Gresini Racing. | Foto: Bold Riders | Kemitraan ini merepresentasikan semangat penuh adrenalin serta keberanian mengambil risiko di sirkuit balap. Bold Riders konsisten mendukung nilai-nilai live bold yang senantiasa menjadi jiwa ajang MotoGP maupun komunitas roda dua. Nilai tersebut diwujudkan melalui keberanian mengambil keputusan dalam hitungan detik, mental untuk terus berkembang, dan passion otomotif mendalam. Seluruh anggota juga terus didorong untuk selalu menghargai setiap proses, latihan, dan kedisiplinan. Prinsip teguh ini bertujuan untuk menjadikan setiap perjalanan sebagai sebuah pengalaman yang amat berarti. Semangat brotherhood yang merangkul kendaraan multigenre ini siap menyatukan lebih banyak pencinta motor di Tanah Air. (akd/ega)",484
46,sport,https://sport.detik.com/sport-lain/d-8690915/perjalanan-voli-pantai-putra-indonesia-di-asian-games,"Perjuangan Bintang Akbar/Sofyan Rachman Efendi dalam perebutan gelar juara Asian Games Aichi-Nagoya 2026 tuntas. Mereka harus puas dengan capaian medali perak. Bertanding di Hekinan Ryokuchi Beach Court, Sabtu (3/10/2026), Bintang/Sofyan menyelesaikan laga melawan Cherif Samba/Ahmed Janko dalam tiga set. Mereka kalah 1-2, dan gagal menyumbangkan medali emas bagi Tim Indonesia. Padahal, jika sukses diraih, emas tersebut akan menjadi sejarah bagi voli pantai Indonesia di multievent empat tahunan tersebut. Sepanjang keikutsertaan tim Merah Putih di Asian Games, belum sekalipun meraih medali emas. Capaian tertinggi Indonesia ialah medali perak yang diraih pada 1998 melalui Irilkhun Shofanna/Agus Salim. Mereka cuma kalah dari wakil China. Kemudian Asian Games 2002 persembahan Agus Salim/Koko Prasetyo, yang kini menjadi pelatih voli pantai. Serta saat Indonesia menjadi tuan rumah Asian Games 2018. Saat itu, Indonesia tak hanya meraih medali perak tapi juga perunggu. Melalui persembahan Ade Chandra Rahmawan/Mohammad Ashfiya dan Gilang Ramadhan/Danangsyah Pribadi. Perjalanan pertandingan perebutan medali emas hari ini juga terbilang cukup ketat. Indonesia yang tertinggal di set pertama berhasil mengamankan kemenangan di set pertama 21-19. Di set kedua, Qatar mengembalikkan keadaan. Cherif Samba/Ahmed Janko mengimbang Indonesia menjadi 1-1, usai menang 21-16. Qatar kembali unggul di set ketiga 15-8. Indonesia harus puas dengan torehan medali perak. Berikut Daftar Pencapaian Voli Pantai Putra Indonesia di Asian Games 1998 Perak dan Perunggu 2002 Perak 2006 Perunggu 2010 Nol 2014 Nol 2018 Perak dan Perunggu 2022 Nol 2026 Perak (mcy/aff)",230
47,sport,https://sport.detik.com/moto-gp/d-8690702/klasemen-motogp-2026-marc-marquez-dekati-jorge-martin,"Rider Ducati, Marc Marquez, memangkas jarak dengan pebalap Aprilia, Jorge Martin, di klasemen MotoGP 2026. Baby Alien menang di sprint race MotoGP Jepang 2026. Di Sirkuit Motegi, Sabtu (3/10/2026), Marc Marquez menjadi pemenang sprint race. Dia menyelesaikan balapan dengan catatan waktu 20 menit 50,37 detik. Pebalao LCR Honda, Diogo Moreira, ada di posisi kedua. Podium dilengkapi oleh Jorge Martin. Dengan tambahan poin penuh di sprint race MotoGP Jepang, Marc Marquez kini mengumpulkan 306 poin. Dia tinggal berjarak tujuh angka dari Jorge Martin di posisi pertama. Pebalap Aprilia, Marco Bezzecchi, ada di posisi ketiga dengan raihan 268 poin. Sementara pebalap KTM, Pedro Acosta, menempati posisi keempat dengan 234 angka. Melengkapi posisi lima besar ada Fabio Di Giannantonio dengan 230 angka. Klasemen MotoGP 2026 selengkapnya usai sprint race MotoGP Jepang bisa dilihat di bawah ini. Klasemen MotoGP 2026 1. Jorge Martin - 313 2. Marc Marquez - 306 3. Marco Bezzecchi - 268 4. Pedro Acosta - 234 5. Fabio Di Giannantonio - 230 6. Ai Ogura - 227 7. Raul Fernandez - 205 8. Alex Marquez - 158 9. Francesco Bagnaia - 156 10. Fermin Aldeguer - 115 11. Enea Bastianini - 103 12. Luca Marini - 98 13. Brad Binder - 94 14. Diogo Moreira - 74 15. Fabio Quartararo - 62 16. Franco Morbidelli - 56 17. Johann Zarco - 48 18. Joan Mir - 33 19. Jack Miller - 28 20. Alex Rins - 24 21. Goprak Razgatlioglu - 18 22. Maverick Vinales - 10 23. Iker Lecuona - 9 24. Augusto Fernandez - 6 25. Pol Espargaro - 5 26. Takaaki Nakagami - 3 (cas/aff)",268
48,sport,https://sport.detik.com/moto-gp/d-8690639/sprint-race-motogp-jepang-2026-marc-marquez-perkasa-jadi-pemenangnya,"MotoGP Jepang 2026 tuntaskan sesi Sprint Race. Hasilnya Marc Marquez perkasa jadi pemenangnya, memimpin dari awal! Sprint Race MotoGP Jepang 2026 berlangsung di Sirkuit Motegi, Sabtu (3/10) pagi WIB. Sprint Race digelar sebanyak 12 putaran. Di barisan depan, ada Jorge Martin di pole. Disusul Marc Marquez dan Pedro Acosta. Sprint Race dimulai! Marc Marquez langsung menyalip Jorge Martin dari tikungan pertama. Crash juga langsung terjadi di tikungan ketiga, Alex Marquez, Di Giannantonio, dan Pedro Acosta jatuh! Alex menyenggol bagian belakang motor Acosta, Alex yang terjatuh menyeret Di Giannantonio dan ketiganya terseret ke gravel. Marc Marquez terus perkasa terdepan di tiga putaran awal. Bezzecchi yang ada di posisi ketiga disalip Bastianini. Dua putaran kemudian, Moriera geser Bezzecchi yang harus turun ke posisi kelima. Pertengahan Sprint Race, Marquez masih memimpin dengan cukup nyaman. Jorge Martin masih menanti momen untuk menyerang. Marquez bahkan rentangkan jarak unggul satu detik! Marquez tidak terkejar sampai akhir. Dirinya jadi pemenang, disusul oleh Jorge Martin dan Enea Bastianini. Drama terjadi selepas balapan! Moreira naik finis kedua dan menggeser Jorge Martin. Itu karena, Martin kena hukuman track limit warning dan harus turun satu strip begitu juga Bastianini yang kena hal serupa dan turun satu strip. Maka podium diisi oleh Marquez, Moreira, dan Martin! Hasil Sprint Race MotoGP Jepang 2026 1 Marc Marquez SPA Ducati Lenovo (GP26) 12 laps 2 Diogo Moreira BRA Pro Honda LCR (RC213V)* +2.754s 3 Jorge Martin SPA Aprilia Racing (RS-GP26) +2.854s 4 Enea Bastianini ITA Red Bull KTM Tech3 (RC16) +2.896s 5 Ai Ogura JPN Trackhouse Aprilia (RS-GP26) +6.38s 6 Marco Bezzecchi ITA Aprilia Racing (RS-GP26) +7.372s 7 Johann Zarco FRA Castrol Honda LCR (RC213V) +8.476s 8 Raul Fernandez SPA Trackhouse Aprilia (RS-GP26) +9.205s 9 Fabio Quartararo FRA Monster Yamaha (YZR-M1) +10.974s 10 Fermin Aldeguer SPA BK8 Gresini Ducati (GP25) +11.517s 11 Luca Marini ITA Honda HRC Castrol (RC213V) +14.02s 12 Franco Morbidelli ITA Pertamina VR46 Ducati (GP25) +15.597s 13 Alex Rins SPA Monster Yamaha (YZR-M1) +20.261s 14 Somkiat Chantra THA Honda HRC Castrol (RC213V) +20.371s 15 Maverick Viñales SPA Red Bull KTM Tech3 (RC16) +20.857s 16 Jack Miller AUS Pramac Yamaha (YZR-M1) +22.282s 17 Toprak Razgatlioglu TUR Pramac Yamaha (YZR-M1)* +35.83s 18 Brad Binder RSA Red Bull KTM (RC16) +41.672s 19 Francesco Bagnaia ITA Ducati Lenovo (GP26) +41.772s Pedro Acosta SPA Red Bull KTM (RC16) Fabio Di Giannantonio ITA Pertamina VR46 Ducati (GP26) Alex Marquez SPA BK8 Gresini Ducati (GP26)",396
49,sport,https://sport.detik.com/sport-lain/d-8690532/asian-games-2026-sofyan-akbar-kalah-dari-qatar-voli-pantai-sumbang-perak,"Sofyan Rachman Efendi/Akbar Bintang gagal menyumbang emas untuk Indonesia dari cabor voli pantai di Asian Games 2026. Mereka dikalahkan Cherif Samba/Ahmed Janko di final. Dalam pertandingan di Hekinan Ryokuchi Beach Court, Sabtu (3/10/2026) siang WIB, Sofyan/Akbar bertarung sengit dengan Samba/Janko. Bermain tiga set, Sofyan/Akbar kalah 21-19, 16-21, dan 8-15. Kejar mengejar poin sampai skor 18-18. Sebuah blok dari Akbar bisa membuat kedudukan berbalik 19-18 untuk pasangan Indonesia, Tapi, Samba/Janko langsung menyamakan skor menjadi 19-19. Pada set pertama, Sofyan/Akbar menang 21-19. Set kedua berjalan, Indonesia ketinggalan terus ketinggalan. Sofyan/Akbar susah keluar dari tekanan Samba/Janko hingga menelan kekalahan dengan 16-21. Gim ketiga dimulai, Sofyan/Akbar susah keluar tekanan pasangan Qatar hingga ketinggalan 2-6. Akbar mengalami cedera pergelangan kaki, hingga harus melakukan perawatan. Setelah Akbar mendapat tapping di pergelangan kaki, laga dilanjutkan. Sebab Akbar tak fit, pasangan Indonesia susah untuk menghadapi perlawanan Samba/Janko. Sofyan/Akbar kalah 8-15 pada gim ketiga hingga harus puas dengan raihan perak. Dengan raihan ini, Indonesia kini sudah mengumpulkan 10 perak. Kontingen Merah putih juga sudah meraih lima emas yang disumbangkan cabor bulutangkis (2 emas), angkat besi, panahan, dan panjat tebing. Indonesia juga menggapai 23 perunggu. (cas/aff)",186
50,sport,https://sport.detik.com/moto-gp/d-8690502/hasil-kualifikasi-moto3-jepang-2026-almansa-pole-veda-ega-ke-18,"Moto3 Jepang 2026 tuntaskan sesi kualifikasi. Almansa raih pole, rider Indonesia, Veda Ega Pratama sempat crash dan ke -18. Kualifikasi Moto3 Jepang 2026 berlangsung di Sirkuit Motegi, Sabtu (3/10) siang WIB. Sesi dimulai dari Q1 duluan. Veda Ega sudah amankan tempat di Q2, karena finis kedelapan di sesi practice. Dari Q1, Pini Salmela, Rios, dan Mitani maju ke Q1 untuk rebutkan pole. David Almansa sempat tercepat duluan. Veda Ega kesulitan, melorot ke posisi ke-16. Delapan menit terakhir, Brian Uriarte jadi tercepat duluan. Petaka buat Veda Ega, dirinya crash di tikungan ke-10 dan terpelanting. Untungnya, Veda terlihat baik-baik saja. Almansa dapatkan pole dengan catatan waktu 1 menit 54,572 detik. Disusul Uriarte dan Carpe di posisi kedua dan ketiga, Veda Ega di posisi ke-18. (aff/cas)",123
51,sport,https://sport.detik.com/sport-lain/d-8690414/asian-games-2026-kalah-dari-jepang-sepaktakraw-sumbang-perak,"Indonesia gagal menambah emas di Asian Games 2026 lewat cabang olahraga sepaktakraw. Nomor quadrant putra tim Merah Putih kalah dari Jepang, hingga harus puas meraih perak. Dalam pertandingan di Nagoya City Mizuho Park Gymnasium, Sabtu (3/10/2026) pagi WIB, Indonesia menelan kekalahan saat melawan Jepang dalam pertandingan tiga set 15-17, 15-9, dan 12-15. jalanya set pertama pertandingan Indonesia vs Jepang berjalan sengit. Kejar mengejar poin antara kedua tim sampai skor 15-15. Jepang akhirnya bisa merebut set yang pertama dengan skor 17-15. Set kedua berjalan, Indonesia langsung tancap gas. Muhammad Ubaidur Rohman dan kawan-kawan unggul jauh 5-1. Indonesia terus unggul hingga set kedua habis, menang dengan skor 15-9. Set ketiga berjalan, Indonesia malah ketinggalan 2-5 dari Jepang di awal. Indonesia bisa menyamakan kedudukan 5-5. Tendangan tapak dari Jelky Ladada membawa Indonesia unggul 6-5 atas Jepang. Indonesia kembali ketinggalan, Jepang bisa mencetak tiga poin beruntun. Setelah pindah sisi lapangan, Jepang terus menambah poin. Blok punggung dari Jepang membuahkan poin kesembilan, Indonesia ketinggalan 6-9. Indonesia ketinggalan 6-10, lalu meminta time out. Indonesia bisa memperkecil jarak menjadi 10-11. Dengan raihan ini, Indonesia masih tertahan di angka lima emas di Asian Games 2026. Emas Indonesia disumbangkan cabor bulutangkis (2 emas), angkat besi, panahan, dan panjat tebing. Indonesia juga mencatatkan sembilan perak, satu tambahan dari sepaktakraw nomor quadrant putra, dan 22 perunggu. (cas/aff)",216
52,sport,https://sport.detik.com/moto-gp/d-8690376/hasil-kualifikasi-motogp-jepang-2026-jorge-martin-pole,"MotoGP Jepang 2026 tuntaskan sesi kualifikasi. Jorge Martin raih pole, geser waktu Marc Marquez di akhir-akhir. Kualifikasi MotoGP Jepang 2026 berlangsung di Sirkuit Motegi, Sabtu (3/10) pagi WIB. Sesi dimulai dari Q1 duluan. Dua rider tercepat dari Q1 adalah Ai Ogura dan Raul Fernandez. Francesco Bagnaia tak kuasa untuk dapat tiket ke Q2. Lanjut ke Q2, Alex Marquez jadi yang tercepat duluan dengan 1 menit 42,811 detik. Dirinya disusul oleh Pedro Acosta dan Marc Marquez. Tak lama, Marc Marquez jadi yang tercepat! Marquez catatkan waktu 1 menit 42,481 detik plus jadi rekor tercepat putaran terbaru. Di dua menit akhir, Jorge Martin bisa lewati waktu tercepat Marquez! Martin catatkan 1 menit 42,371 detik. jadi rekor tercepat putaran terbaru! Marquez sempat melebar dan melaju ke gravel di akhir-akhir. Marquez coba gaspol lagi, tapi waktunya tidak cukup geser Martin. Jorge Martin pun dapat pole. Disusul Marc Marquez dan Pedro Acosta. Hasil Kualifikasi MotoGP Jepang 2026 1 Jorge Martin SPA Aprilia Racing (RS-GP26) 1'42.371s 2 Marc Marquez SPA Ducati Lenovo (GP26) +0.110s 3 Pedro Acosta SPA Red Bull KTM (RC16) +0.122s 4 Marco Bezzecchi ITA Aprilia Racing (RS-GP26) +0.159s 5 Alex Marquez SPA BK8 Gresini Ducati (GP26) +0.175s 6 Fabio Di Giannantonio ITA Pertamina VR46 Ducati (GP26) +0.257s 7 Enea Bastianini ITA Red Bull KTM Tech3 (RC16) +0.298s 8 Raul Fernandez SPA Trackhouse Aprilia (RS-GP26) +0.370s 9 Diogo Moreira BRA Pro Honda LCR (RC213V)* +0.545s 10 Johann Zarco FRA Castrol Honda LCR (RC213V) +0.547s 11 Ai Ogura JPN Trackhouse Aprilia (RS-GP26) +0.562s 12 Fabio Quartararo FRA Monster Yamaha (YZR-M1) +0.688s Qualifying 1: 13 Francesco Bagnaia ITA Ducati Lenovo (GP26) 1'43.007s 14 Franco Morbidelli ITA Pertamina VR46 Ducati (GP25) 1'43.136s 15 Somkiat Chantra THA Honda HRC Castrol (RC213V) 1'43.196s 16 Luca Marini ITA Honda HRC Castrol (RC213V) 1'43.278s 17 Brad Binder RSA Red Bull KTM (RC16) 1'43.399s 18 Fermin Aldeguer SPA BK8 Gresini Ducati (GP25) 1'43.419s 19 Maverick Viñales SPA Red Bull KTM Tech3 (RC16) 1'43.605s 20 Jack Miller AUS Pramac Yamaha (YZR-M1) 1'43.811s 21 Alex Rins SPA Monster Yamaha (YZR-M1) 1'43.896s 22 Toprak Razgatlioglu TUR Pramac Yamaha (YZR-M1)* 1'44.031s",345
53,sport,https://sport.detik.com/sport-lain/d-8690299/putra-tri-optimistis-naik-podium-lead-asian-games-2026,"Atlet panjat tebing Putra Tri Ramadani optimistis tim Lead Indonesia menembus podium Asian Games 2026. Tapi kalau hasilnya tidak sesuai keinginan, Putra tetap bersyukur. Tim panjat tebing Indonesia meloloskan empat wakilnya pada babak final nomor men's dan women's lead cabang olahraga panjat tebing Asian Games Aichi-Nagoya 2026. Adalah Putra Tri Ramadani dan Ramadhan Raviandi di nomor putra serta Sukma Lintang Cahyani dan Alma Ariella Tsany di nomor putri yang berhasil melewati semifinal dan menjadi bagian dari delapan pemanjat yang lolos ke final. Putra melaju ke final usai berada di peringkat ketiga dengan 36 hold, disusul Raviandi di urutan ketujuh lewat 23 hold. Sedangkan Sukma dan Alma menempati urutan keenam dan ketujuh dengan 39 hold. Hasil tersebut menambah peluang Indonesia untuk bersaing memperebutkan medali dari nomor lead yang digelar di Port Messe Nagoya Exhibition Hall, Sabtu (3/10/2026) malam WIB. ""Target saya naik podium dulu saja. Berapa pun hasilnya, tetap saya syukuri,"" kata atlet yang biasa disapa Srondeng itu. Asian Games memang menjadi ajang debut bagi Putra di level multievent Asia. Dia mengaku sempat gugup saat pertama kali beraksi. Untungnya, dia punya pengalaman tampil di berbagai kompetisi internasional, sehingga itu bakal menjadi modalnya menghadapi laga final. Sebelumnya, ia juga mencatat sejumlah hasil positif di World Climbing Series 2026, termasuk meraih emas di Praha dan perunggu di Koper, Slovenia. ""Kalau di Asian Games ini, persaingannya tidak jauh berbeda dengan World Cup. Permainannya juga kurang lebih sama. Jadi sebenarnya seperti ajang World Cup juga,"" ujar Putra Tri. (mcy/mrp)",244
54,sport,https://sport.detik.com/moto-gp/d-8690321/hasil-fp2-motogp-jepang-2026-bezzecchi-tercepat-aprilia-1-2,"Aprilia mendominasi Free Practice II MotoGP Jepang 2026. Marco Bezzecchi dan Jorge Martin menempati dua posisi terdepan, sedangkan Marc Marquez keempat. Di Sirkuit Motegi pada Sabtu (3/10/2026) pagi WIB, seluruh pebalap menggunakan ban depan medium. Sebagian besar pebalap juga memakai ban belakang lunak, hanya Enea Bastianini, Brad Binder, Pedro Acosta, dan Marco Bezzecchi yang memilih memakai ban belakang medium. Rider VR46 Franco Morbidelli mengalami masalah mesin, yang memaksa bendera merah dikibarkan. Tunggangan Morbidelli berasap sehingga kondisi lintasan mesti dibersihkan dari ceceran cairan. Marc Marquez kemudian mencatatkan waktu tercepat dengan 1 menit 43,564 detik. Fermin Aldeguer dan Ai Ogura bergantian jatuh di tikungan 9. Bezzecchi mematahkan waktu Marc Marquez usai mengemas 1 menit 43,334 detik untuk jadi yang tercepat. Marquez melorot ke urutan ketiga, disalip Pedro Acosta setelah ganti memakai ban belakang lunak. Jorge Martin melesat di laju terakhirnya untuk melesat ke posisi kedua. Di laju terakhirnya, Bezzecchi mencetak 1 menit 43,321 detik sehingga tidak tergoyahkan sampai sesi FP2 MotoGP Jepang 2026 selesai. Acosta ketiga, Marc Marquez dan Fabio Di Giannantonio melengkapi lima besar. Hasil FP2 MotoGP Jepang 2026 | Pos | Rider | Nat | Team | Time/Diff | | 1 | Marco Bezzecchi | ITA | Aprilia Racing (RS-GP26) | 1'43.321s | | 2 | Jorge Martin | SPA | Aprilia Racing (RS-GP26) | +0.080s | | 3 | Pedro Acosta | SPA | Red Bull KTM (RC16) | +0.180s | | 4 | Marc Marquez | SPA | Ducati Lenovo (GP26) | +0.243s | | 5 | Fabio Di Giannantonio | ITA | Pertamina VR46 Ducati (GP26) | +0.269s | | 6 | Brad Binder | RSA | Red Bull KTM (RC16) | +0.325s | | 7 | Enea Bastianini | ITA | Red Bull KTM Tech3 (RC16) | +0.370s | | 8 | Alex Marquez | SPA | BK8 Gresini Ducati (GP26) | +0.397s | | 9 | Raul Fernandez | SPA | Trackhouse Aprilia (RS-GP26) | +0.427s | | 10 | Fabio Quartararo | FRA | Monster Yamaha (YZR-M1) | +0.428s | | 11 | Ai Ogura | JPN | Trackhouse Aprilia (RS-GP26) | +0.466s | | 12 | Francesco Bagnaia | ITA | Ducati Lenovo (GP26) | +0.479s | | 13 | Johann Zarco | FRA | Castrol Honda LCR (RC213V) | +0.484s | | 14 | Diogo Moreira | BRA | Pro Honda LCR (RC213V)* | +0.541s | | 15 | Luca Marini | ITA | Honda HRC Castrol (RC213V) | +0.691s | | 16 | Franco Morbidelli | ITA | Pertamina VR46 Ducati (GP25) | +0.869s | | 17 | Maverick Viñales | SPA | Red Bull KTM Tech3 (RC16) | +1.013s | | 18 | Fermin Aldeguer | SPA | BK8 Gresini Ducati (GP25) | +1.168s | | 19 | Jack Miller | AUS | Pramac Yamaha (YZR-M1) | +1.194s | | 20 | Somkiat Chantra | THA | Honda HRC Castrol (RC213V) | +1.203s | | 21 | Alex Rins | SPA | Monster Yamaha (YZR-M1) | +1.562s | | 22 | Toprak Razgatlioglu | TUR | Pramac Yamaha (YZR-M1)* | +1.589s | (rin/mrp)",513
55,sport,https://sport.detik.com/sport-lain/d-8690284/4-atlet-lead-indonesia-lolos-ke-final-panjat-tebing-asian-games-2026,"Empat atlet panjat tebing Indonesia nomor lead lolos ke putaran final Asian Games 2026. Siapa saja? Keempat atlet tersebut yakni Putra Tri Ramadani, Raviandi Ramadhan, Sukma Lintang Cahyani, dan Alma Ariella Tsany, setelah sukses melewati babak semifinal, Jumat (2/10/2026). Di babak semfinal lead putra, Putra alias Srondeng berhasil menduduki peringkat ke-3 dengan skor 36. Sementara, Raviandi berada di peringkat ke-7 dengan skor 23. Di nomor lead putri, Sukma dan Alma berada di ke-7 dengan skor 39+. Untuk nomor lead, ada sembilan atlet yang berhak lolos ke putaran final untuk putra dan delapan untuk putri. Adapun laga puncak digelar Sabtu (3/10). Pelatih Lead, Amri, bersyukur dengan hasil ini. Dia melihat para atlet memanjat dengan penuh semangat seraya berharap penampilan apik itu bisa dipertahankan, bahkan ditingkatkan di putaran final. ""Para atlet sangat semangat saat pemanjatan. Semoga saat final nanti bisa lebih bagus lagi, lebih percaya diri lagi saat memanjat jalur-jalurnya itu,"" ujar Amri dalam rilis kepada detikSport. Amri menambahkan, ada hal-hal yang masih perlu dibenahi berdasarkan penampilan di babak sebelumnya. Para atlet diharapkan lebih memperhatikan pemanasan dan lebih menguatkan mental. ""Hal yang perlu dievaluasi dari penampilan saat semifinal adalah pemanasan. Memang jalur tadi untuk putra lebih menuntut endurance (ketahanan) , sedangkan putri lebih ke strength (kekuatan),"" ungkapnya. (mrp/rin)",206
56,sport,https://sport.detik.com/moto-gp/d-8690269/hasil-fp2-moto3-jepang-2026-almansa-tercepat-veda-ega-posisi-14,"David Almansa unjuk kecepatan dengan jadi yang terdepan di Free Practice II Moto3 Jepang 2026. Veda Ega Pratama meneruskan momentum dengan menempati posisi 14. Di Sirkuit Motegi pada Sabtu (3/10/2026) pagi WIB, Almansa menetapkan benchmark sejak awal. Pebalap Spanyol ini memperbaiki catatan waktunya di menit-menit akhir sebelum menyudahi dengan 1 menit 54,745 detik. Almansa mengungguli kompatriotnya Maximo Quiles dengan selisih 0,032 detik. Dua pebalap Spanyol lainnya Alvaro Carpe, dan Brian Uriarte menyelesaikan sesi ini di posisi ketiga dan empat berturut-turut. Veda Ega Pratama, yang finis kedelapan di Practice, bisa unjuk gigi. Veda konsisten di 10 besar, tapi harus rela menyudahi FP2 Moto3 Jepang 2026 di urutan ke-14. Veda mencatatkan waktu 1 menit 55,906 detik, selisih 1,161 detik dari Almansa. Pebalap Malaysia Hakim Danish sempat jatuh di tikungan 9. Danish mengakhiri di posisi 11, tiga strip di atas Veda Ega Pratama. Hasil FP2 Moto3 Jepang 2026 (rin/rin)",146
57,sport,https://sport.detik.com/sportstyle/d-8690166/karena-gaya-hidup-sehat-bukan-cuma-olahraga,"Di era modern sekarang, olahraga bukan cuma cara satu-satunya untuk menjaga gaya hidup sehat. Tapi, ada banyak hal bisa dilakukan menuju ke sana. Itulah yang ingin digalakkan oleh RESET, sebuah klub kesehatan terpadu di bilangan Sudirman, Jakarta Selatan, yang menyatukan sport, wellness, dining, dan entertainment dalam satu destinasi. RESET ingin menunjukkan bagaimana menjaga keseimbangan antara aktivitas fisik, recovery, nutrisi, serta kehidupan sosial. RESET menghadirkan berbagai fasilitas untuk mendukung gaya hidup aktif dan sehat, mulai dari lapangan padel yang seluruhnya dilengkapi air conditioning (AC), gym, Pilates, yoga, hingga fasilitas wellness. Keseluruhan konsep tersebut dirancang untuk memberikan pengalaman yang lebih menyeluruh, baik bagi mereka yang ingin berolahraga, menjaga kebugaran, melakukan recovery maupun sekadar menghabiskan waktu bersama keluarga dan komunitas. Melengkapi pengalaman tersebut, RESET juga menghadirkan Langley Restaurant sebagai bagian dari ekosistem lifestyle di dalam klub. Kehadiran Langley memungkinkan pengunjung untuk melanjutkan aktivitas mereka dengan bersantap dan bersosialisasi tanpa harus berpindah destinasi. RESET turut menyediakan VIP room dengan fasilitas karaoke, menghadirkan unsur entertainment sebagai bagian dari pengalaman klub. Fasilitas tersebut dapat menjadi ruang privat bagi anggota maupun pengunjung untuk berkumpul, bersosialisasi dan menikmati waktu bersama setelah melakukan berbagai aktivitas olahraga. Mendorong Healthy Lifestyle dan Longevity General Manager RESET, Lini Sudibjo, mengatakan RESET dikembangkan dengan perhatian terhadap perubahan kebutuhan masyarakat yang semakin melihat kesehatan sebagai investasi jangka panjang. ""Bagi kami, healthy lifestyle bukan hanya mengenai seberapa sering seseorang berolahraga. Kesehatan juga mencakup bagaimana kita bergerak dengan baik, menjaga kekuatan tubuh, memberikan waktu untuk recovery, memperhatikan wellness, serta tetap memiliki ruang untuk bersosialisasi dan menikmati hidup. Semua aspek tersebut sangat berkaitan dengan longevity dan kualitas hidup dalam jangka panjang,"" ujar Lini dalam pernyataan kepada detikSport. Menurut Lini, konsep tersebut menjadi dasar RESET dalam menghadirkan berbagai aktivitas dalam satu ekosistem. Pengunjung dapat bermain padel, berlatih di gym, mengikuti Pilates atau yoga, memanfaatkan fasilitas wellness, hingga menikmati waktu bersama di restaurant maupun area entertainment. ""RESET ingin menjadi tempat di mana orang tidak hanya datang untuk berolahraga, tetapi membangun sebuah lifestyle yang lebih seimbang dan sustainable. Kami ingin healthy living terasa menyenangkan dan menjadi bagian alami dari rutinitas sehari-hari, bukan sesuatu yang terasa seperti kewajiban,"" tambah Lini. Sebagai bagian dari upaya memperkenalkan pengalaman RESET kepada masyarakat, RESET menggelar turnamen padel pada 10 Oktober. Turnamen tersebut menjadi momentum untuk mempertemukan para penggemar padel sekaligus membangun komunitas yang memiliki ketertarikan terhadap olahraga dan gaya hidup aktif. (mrp/rin)",387
58,sport,https://sport.detik.com/sport-lain/d-8690049/asian-games-sudah-prabowo-dkk-alihkan-fokus-ke-kualifikasi-olimpiade-la,"Usai menuntaskan Asian Games 2026, atlet-atlet menembak Indonesia langsung mengalihkan fokus ke kualifikasi Olimpiade Los Angeles 2028 pada November mendatang. Cabang olahraga menembak Indonesia resmi mengakhiri perjuangan di Asian Games 2026 dengan membawa pulang medali perak nomor 10m air pistol men team dan perunggu nomor 25m rapid fire pistol men team. Tim kini langsung mengalihkan fokus ke event yang lebih besar yakni kualifikasi Olimpiade Los Angeles pada November mendatang. lalah Muhammad Iqbal Raia Prabowo yang mengatakan rencana tersebut, setibanya di Tanah Air, pada Jumat (2/10/2026). Prabowo datang bersama rekan-rekannya yang lain seperti Wira Sukmana, Sulthanul Aulia Maruf, serta atlet menembak lainnya. ""Setelah ini kami memperebutkan kuota Olimpiade di Doha, Qatar, bulan November. Eventnya Kejuaraan Dunia Menembak,"" kata Prabowo. Pada Asian Games 2026, tim menembak Indonesia belum berhasil menambah medali emas dan harus puas dengan finalis di nomor air pistol.Namun, Prabowo berharap pengalaman bertanding di level Asian Games bisa menjadi modal untuk memperbaiki prestasinya dan mengamankan tiket Olimpiade lebih awal. Ia menambahkan bahwa hasil di Asian Games cukup untuk mereka memetakan persaingan pada Kejuaraan Dunia nanti. Bagaimana pun, pemain-pemain top cabor menembak didominasi dari negara-negara Asia seperti China, Korea, dan India. ""Negara-negara barat mungkin selevel lah. Tapi top-topnya di Asia. Jika sudah bisa bersaing di Asia, insyaallah level dunianya lebih gampang. Jadi kami bisa untuk memetakan kita berada di posisi ini, kita tinggal mempersiapkan yang kurang apa,"" tutur Prabowo. ""Kalau kemarin di Asian Games memang tantangannya lebih kondisi lapangan berbeda, dan (pemain) China itu top 1 di Asia. Tapi secara overall kami puas, karena waktu di Asian Games 2022 tak ada masuk final, tapi sekarang lolos,"" imbuhnya. Prabowo berharap di Kejuaraan Dunia nanti bisa mendapatkan podium atau top 3. ""InsyaAllah targetnya itu, menembus podium di nomor individual pada Kejuaraan Dunia Menembak nanti,"" tegas Prabowo. (mcy/nds)",294
59,sport,https://sport.detik.com/sport-lain/d-8689941/gagal-ke-final-novela-beatrice-fokus-ke-perunggu-asian-games,"Novela Putria dan Beatrice Gumulya gagal ke final Asian Games 2026. Namun, kekalahan itu tak mengikis motivasi mereka untuk tetap fokus pada perebutan medali perunggu. Bertanding di Nagoya City Higashi Sports Center, Jumat (2/10/2016), Novela dan Beatrice takluk dari wakil tuan rumah Saki Tsukamoto/Kae Tokumoto. Mereka kalah dalam dua set langsung 0-2 di babak semifinal nomor women's pairs.Kekalahan ini membuat padel gagal menciptakan all Indonesian final. Seusai bertanding, Novela dan Beatrice mengaku sempat frustasi dengan permainan lawan.Mereka kesulitan menembus dan harus berakhir dengan kekalahan. ""Memang kadang-kadang lawan main lebih bagus dari kami. Bikin kami akhirnya sedikit jujur saja ada frustrasi juga di awal-awal,"" ujar Beatrice selepas laga. ""Tapi kami tetap berjuang sampai akhir, berusaha cari jalan gimana caranya bisa dapetin poin,"" lanjutnya. Senada dengan sang partner, Novela mengakui betapa beratnya laga yang menuntut stamina dan ketahanan mental luar biasa tersebut. Pertukaran pukulan hingga puluhan kali dalam satu poin menuntut dedikasi fisik dan pikiran yang tak main-main. Belum lagi gemuruh publik tuan rumah yang kian membakar semangat lawan. ""Ya mereka main di kandang sendiri jadi ngerasa lebih bebas,"" ungkap Novela. Setelah laga ini, keduanya mengalihkan konsentrasi pada laga berikutnya. Bagi Novela dan Beatrice, perjuangan belum selesai. Keduanya menegakkan kepala untuk menatap laga perebutan medali perunggu besok saat melawan wakil Filipina, Danna Abad/Josea Malazarte. ""Apapun itu, aku sudah bangga ada di sini, bangga sama Kak Bea (Beatrice) juga. Kami sudah main dengan maksimal, tapi hasil belum yang diharapkan,"" tuturnya. ""Kami bakal fokus buat perebutan perunggu. Pokoknya kami enggak mau lepas lagi,"" jelas Novela. Sementara, Wamenpora Taufik Hidayat yang menyaksikan langsung tetap mengapresiasi perjuangan Novela/Beatrice. ""Tetap semangat, besok kembali lebih kuat dan semoga bisa berhasil,"" pungkas Wamenpora Taufik. (mcy/aff)",276
60,sport,https://sport.detik.com/sport-lain/d-8689714/novela-beatrice-kalah-all-indonesian-final-di-padel-asian-games-2026-pupus,"All Indonesian Final di cabang padel nomor ganda putri Asian Games 2026 tak terwujud. Itu setelah Novela Putria/Beatrice Gumulya kalah di semifinal. Novela/Beatrice kalah dari pasangan Jepang, Saki Tsukamoto/Kae Tokumoto di Nagoya City Higashi Sports Center, Jumat (2/10/2026). Bermain dua set selama 1 jam 29 menit, ganda Indonesia kalah 0-2. Di set pertama, Novela/Putria disikat 1-6 dari enam gim. Sementara di set kedua, Indonesia kembali kalah 2-6 dari Tsukamoto/Takumoto. Hasil ini bikin All Indonesia Final di nomor ganda putri gagal tercipta. Novela/Beatrice gagal menyusul Fadona Kusumawati/Fitriani Sabatini, yang bisa ke babak puncak. Fadona/Fitriani sebelumnya mengalahkan duet Filipina, Danna Abad/Joshea Malazarte 2-0. Indonesia kini harus berjuang keras untuk meraih emas. Fadona/Fitriani akan melawan Tsukamoto/Takumoto di final, yang berlangsung pada Sabtu (3/10). Sementara Novela/Beatrice akan berjuang memperebutkan medali perunggu melawan Danna Abad/Joshea Malazarte. (yna/bay)",132
61,sport,https://sport.detik.com/sport-lain/d-8689437/dapat-emas-ke-7-malaysia-jauhi-indonesia-di-asian-games-2026,"Malaysia mendapatkan emas ke-7 di Asian Games 2026. Negeri Jiran kembali menjauhi Indonesia di tabel perolehan medali. Sukses terbaru Malaysia datang dari cabang Squash. Mereka menjuarai nomor beregu putri, dengan mengalahkan Hong Kong di final. Bermain di Nagoya Kinjo Futo Arena, Jumat (2/10), Malaysia menang 2-1 lewat Azman Aira dan Sivasangari Subramaniam. Hasil ini bikin Malaysia meraih emas ke-7 di Asian Games 2026. Tiga di antaranya dari padel, usai juga berjaya di nomor tunggal putra dan putri. Malaysia bahkan berpeluang meraih emas ke-4 juga dari squash. Di nomor beregu putra, mereka juga sudah ke final Asian Games 2026 dan tengah melawan Pakistan. Jika menang lagi, maka emas Malaysia jadi 8 di Asian Games 2026. Torehan ini jelas bakal makin meninggalkan Indonesia. Indonesia sejauh ini baru mengemas 5 emas di Aichi-Nagoya. Potensi emas tambahan masih datang dari padel, usai Fadona Kusumawati/Fitriani Sabatini bisa menyegel tiket final. Medali emas bisa dikunci Indonesia, andai Novela Putria/Beatrice Gumulya juga bisa menang atas pasangan Jepang, Saki Tsukamoto/Kae Tokumoto di semifinal lainnya. Kemenangan Novela/Beatrice akan menciptakan All Indonesian Final di padel nomor ganda putri Asian Games 2026. (yna/aff)",182
62,sport,https://sport.detik.com/moto-gp/d-8689398/hasil-practice-motogp-jepang-2026-alex-marquez-tercepat,"Alex Marquez menjadi yang tercepat dalam sesi Practice MotoGP Jepang 2026. Catatan waktunya mengalahkan Pedro Acosta dan Marc Marquez. Practice MotoGP Jepang digelar di Sirkuit Motegi, Jumat (2/10/2026) siang WIB. Sesi sempat dihentikan sementara ketika baru berjalan kurang lebih 9 menit. Motor Ai Ogura mengalami masalah hingga mengeluarkan asap dan mengganggu jalannya practice. Red flag dikibarkan, sementara petugas membersihkan trek yang kotor. Marco Bezzecchi merebut posisi terdepan setelah sesi dilanjutkan kembali. Rider Aprilia itu menorehkan waktu 1 menit 43,742 detik. Pedro Acosta menyalip waktu terbaik Bezzecchi setelah setengah jam sesi. Rider tim KTM ini 1 menit 43,589 detik. Fermin Aldeguer menyodok ke posisi terdepan dengan catatan waktu 1 menit 43,586. Marc Marquez meraih wakut tercepat 1 menit 43,138 detik dan merebut pimpinan practice. Bezzecchi kembali mengambil alih pimpinan practice dengan waktu terbaik 1 menit 43,029 detik. Alex Marquez mencapai waktu 1 menit 42,811 detik dan mengakhiri sesi sebagai yang tercepat. New #MotoGP record and P1 for @alexmarquez73 🔝#JapaneseGP 🇯🇵 pic.twitter.com/O8jC25yGvx — MotoGP™🏁 (@MotoGP) October 2, 2026 Hasil Practice MotoGP 2026 1. Alex Marquez 2. Pedro Acosta 3. Marc Marquez 4. Marco Bezzecchi 5. Enea Bastianini 6. Fabio Di Giannantonio 7. Fabio Quartararo 8. Jorge Martin 9. Diogo Moreira 10. Johann Zarco 11. Fermin Aldeguer 12. Brad Binder 13. Raul Fernadnez 14. Franco Morbidelli 15. Ai Ogura 16. Francesco Bagnaia 17. Luca Marini 18. Jack Miller 19. Somkiat Chantra 20. Alex Rins 21. Toprak Razgatlioglu 22. Maverick Vinales. (bay/aff)",238
63,sport,https://sport.detik.com/sport-lain/d-8689338/fadona-fitriani-jaga-asa-medali-emas-padel-di-asian-games-2026,"Fadona Kusumawati dan Fitriani Sabatani mempertahankan asa medali emas padel Indonesia di Asian Games 2026. Mereka bersyukur setelah tampil maksimal! Tampil di Nagoya City Higashi Sports Center, Jumat (2/10/2026), Fadona/Fitriani tampil dominan dengan membungkus kemenangan dua set langsung 2-0 atas wakil Filipina, Danna Abad dan Joshea Malazarte, pada laga semifinal. Fadona bersyukur atas performa impresif yang ditunjukkan bersama rekannya. Menurutnya, ketenangan dan komunikasi yang makin padu menjadi kunci utama dalam mengatasi tekanan di lapangan. ""Alhamdulillah ya, kita hari ini mainnya sangat menikmati, tidak grogi yang kemarin-kemarin di hari pertama dan kedua. Hari ini kami bermain lebih rapi, lebih bersih, dan bisa membuat lawan jadi keteteran,"" kata Fadona usai laga. Senada dengan Fadona, Fitriani Sabatani mengungkapkan bahwa tekanan tinggi di partai krusial justru memacu motivasi mereka untuk tampil lepas dan mengeluarkan potensi terbaik. ""Kami hari ini benar-benar mainnya sangat padu banget. Semakin ke sini kami makin lega, makin bisa mengeluarkan apa yang kita punya,"" ujar Fitriani. Kemenangan ini memastikan tambahan medali bagi kontingen Indonesia dari cabang olahraga padel. Pada partai pamungkas, Fadona/Fitriani masih menunggu lawan. Laga semifinal lainnya memainkan laga antara Novela Putria/Beatrice Gumulya melawan wakil tuan rumah Saki Tsukamoto/Kae Tokumoto. Jika, Novela dan Beatrice menang maka tercipta all Indonesian final. ""Yang pasti kami tunggu tim Indonesia juga atau lawan Jepang. Antara itu, persiapannya kami tetap harus bagus dan menjaga performa. Kita harus bisa mengejar emas untuk Indonesia,"" jelas Fadona. Wamenpora Taufik Hidayat yang menyaksikan langsung tampak antusias atas penampilan Fadona/Fitiriani. Diharap medali emas bisa direbut di partai puncak. ""Selamat ya, selamat. Sudah bagus, semoga sukses di final,"" kata Wamenpora Taufik saat menyapa kedua atlet selepas pertandingan. (mcy/aff)",267
64,sport,https://sport.detik.com/sport-lain/d-8689205/hari-hari-akhir-asian-games-indonesia-punya-kans-tambah-emas,"Asian Games Aichi-Nagoya 2026 menyisakan waktu dua hari sebelum resmi ditutup. Indonesia masih punya kans untuk menambah pundi-pundi medali emasnya. Asian Games sudah berlangsung sejak 19 September 2026. Hampir dua pekan berjalan, Indonesia sudah mengantongi lima medali emas. Kelima emas itu berasal dari bulutangkis dua keping persembahan beregu putra dan ganda putra, angkat besi melalui Rahmat Erwin Abdullah di kelas 75kg putra, panjat tebing persembahan Desak Made Rita Kusuma Dewi nomor speed putri, dan panahan melalui Nurisa Dian Ashrifah nomor compound putri. Jika bicara target, torehan medali emas yang direbut Tim Indonesia sudah tercapai, bahkan melampaui. Sebab, pemerintah, Komite Olimpiade Indonesia (KOI), dan Chef de Mission (CdM) Indonesia mencanangkan empat medali emas. Jumlah itu diperoleh setelah tiga nomor andalan Indonesia tidak lagi dipertandingkan pada Asian Games kali ini. Akan tetapi, Indonesia berpeluang menambah kepingan emasnya di dua hari penyelenggaraan tersisa. Salah satunya dari voli pantai atas nama Bintang Akbar/Sofyan Rachman Efendi. Mereka tinggal selangkah lagi meraih medali emas, namun untuk mewujudkan asa itu mereka harus mampu menaklukkan pasangan Qatar Cherif Samba/Ahmed Janko. Pertandingan babak emas akan bergulir Sabtu (3/10/2026). Pada cabang balap sepeda Track nomor Men's Madison juga akan melakoni babak final di Izu Velodrome. Terry Yudha Kusuma dan Muhammad Andi Royan akan melakoni balapan perebutan medali emas pada hari ini. Dari cabang panjat tebing, Indonesia juga bisa berharap pada disiplin Lead. Empat atletnya lolos semifinal yaitu Sukma Lintang Cahyani dan Alma Ariella Tsany nomor putri, serta nomor putra ada Raviandi Ramadhan dan Putra Tri Ramadani. Bergeser ke cabang olahraga padel, Indonesia punya kans menambah emas setelah satu pasang Fadona Kusumawati/Fitriani Sabatini sukses mengalahkan Danna Abad/Joshea Malazarte di babak semifinal dengan skor 2-0 (6-0,6-0) di Nagoya City Higashi Sport Center, Jumat (2/10/2026). Tak hanya peluang menambah emas, padel juga berpeluang menciptakan all Indonesia final jika pasangan lainnya, Novela Putria/Beatrice Gumulya juga berhasil lolos ke final nomor Women's a Pairs pada hari ini. Beatrice/Novela akan menghadapi wakil tuan rumah Saki Tsukamoto/Kae Tokumoto. (mcy/aff)",322
65,sport,https://sport.detik.com/moto-gp/d-8689122/hasil-practice-moto3-jepang-2026-veda-ega-pratama-ke-8,"Veda Ega Pratama meraih hasil cukup memuaskan dalam sesi Practice Moto3 Jepang 2026. Rider asal Indonesia ini mencapai posisi kedelapan. Sesi practice Moto3 Jepang digelar di Sirkuit Motegi, Jumat (2/10/2026). Veda menjalani hampir seluruh sesi dengan berada di urutan ke-14 dan ke-15. Waktu tercepat akhirnya diraih Veda pada akhir sesi. Rider Honda Asia Team itu mencatatkan waktu tercepat 1 menit 55,597 detik. Catatan waktu itu mengantarkan Veda finis di posisi 8 sesi Practice Moto3 Jepang. Dia tertinggal 0,317 detik dari rider tercepat Marco Morelli yang membukukan waktu terbaik 1 menit 55,280 detik. Ryusei Yamanaka di posisi kedua tercepat, disusul Brian Uriarte dan Alvaro Carpe. Valentin Perrone, Maximo Quiles dan David Munoz berturut-turut di depan Veda. Petaka menimpa Hakim Danish. Rider Malaysia itu mengalami crash jelang akhir sesi dan harus puas menempati urutan ke-17. Marco Morelli keeps it calm and collected to take P1 in #Moto3 Practice with @yamanaka_ryusei and Uriarte in the Top 3 💪#JapaneseGP 🇯🇵 pic.twitter.com/C7UzNUf3EZ — MotoGP™🏁 (@MotoGP) October 2, 2026 Hasil Practice Moto3 Jepang 2026 1. Marco Morelli 2. Ryusei Yamanaka 3. Brian Uriarte 4. Alvaro Carpe 5. Valentin Perrone 6. Maximo Quiles 7. David Munoz 8. Veda Ega Pratama 9. Matteo Bertelle 10. David Almansa 11. Adrian Fernandez 12. Joel Esteban 13. Joel Kelso 14. Adrian Cruces 1. Rico Salmela 16. Casey O'Gorman 17. Hakim Danish 18. Zen Mitani 19. Jesus Rios. (bay/aff)",227
66,sport,https://sport.detik.com/raket/d-8689065/tim-bulutangkis-ri-bawa-momen-positif-asia-games-di-kejuaraan-dunia-junior,"Tim bulutangkis Indonesia terbang ke Mesir guna mengikuti Kejuaraan Dunia Junior 2026. Mereka pergi dengan membawa momen positif dari seniornya di Asian Games Aichi-Nagoya. Tim Indonesia bertolak menuju Kairo dalam dua kloter. Kloter pertama menumpang pesawat Etihad Airways EY473 dengan jadwal keberangkatan pukul 00.05, sedangkan kloter kedua menggunakan Emirates EK359 yang akan berangkat pukul 00.45. Manajer Tim Kejuaraan Dunia Junior 2026, Eskar Denatara, mengatakan atlet-atlet berangkat dalam keadaan sehat dan siap tempur, baik fisik, teknik, strategi, dan mental. ""Anak-anak berada dalam kondisi yang sangat baik. Kami akan terus menjaga spirit serta kondisi teknis dan nonteknis anak-anak, sehingga harapannya tib di Kairo, tim tetap dalam kondisi yang nyaman,"" kata Eskar dalam kutipan cepatnya melalui federasi, Jumat (2/10/2026). Kejuaraan Dunia Junior di Mesir nomor team akan bergulir 5-10 Oktober, setelah itu dilanjutkan nomor individu dua hari kemudian atau 12-17 Oktober 2026. Eskar berharap atlet-atletnya bisa segera menyesuaikan diri dengn kondisi di sana. ""Tentu jet lag wajar, tetapi pada intinya secara fisik dan psikis anak-anak berada dalam posisi siap tempur. Mudah-mudahan anak-anak bisa segera menyesuaikan diri dengan situasi, kondisi, cuaca, dan lain sebagainya di Kairo, sehingga saat memasuki hari pertandingan mereka sudah mampu menunjukkan peak performance-nya,"" ujarnya. Tak lupa, Eskar memohon doa dan restu kepada masyarakat Indonesia agar tim Indonesia bisa melanjutkan prestasi para seniornya di Asian Games Aichi-Nagoya. Tim bulutangkis Indonesia sukses membawa pulang dua medali emas, satu perak, dan tiga perunggu. ""Beberapa hari lalu para senior mereka juga baru pulang dari Jepang membawa hasil yang luar biasa. Kami melihat euforia ini menjadi satu energi positif bagi Garuda Muda,"" kata Eskar. ""Kami berharap momentum positif dari para senior di Asian Games Aichi-Nagoya mampu menularkan semangat, motivasi, dan inspirasi untuk memberikan kebanggaan bagi seluruh masyarakat Indonesia di World Junior Championship Cairo 2026."" ""Kami tentu mohon doa restu dan dukungan dari seluruh masyarakat Indonesia bagi perjuangan para pemain muda kita. Seluruh persiapan sudah kita laksanakan dengan matang dan kita berharap anak-anak mampu menampilkan yang terbaik serta tampil secara totalitas di lapangan."" ""Semoga bulutangkis terus menjadi kebanggaan serta sumber kegembiraan bagi masyarakat Indonesia, khususnya di World Junior Championship 2026,"" dia mengharapkan. (mcy/aff)",347
67,sport,https://sport.detik.com/basket/d-8688989/bintang-streetball-mk-hadir-di-indonesia-momentum-bangkitkan-kultur-basket-jalanan,"Dunia streetball Indonesia kembali bergairah dengan kedatangan bintang dunia Matt Kiatipis (MK) ke Tanah Air. Kehadirannya diharapkan jadi momentum kebangkitan kultur basket jalanan. MK akan berada di Jakarta selama tiga hari pada 1-3 Oktober mendatang. Pebasket asal Kanada yang viral lewat duel satu lawan satu ini tak hanya menampilkan keahliannya, melainkan juga akan menggelar coaching clinic ke 50 anak. ""Bagi saya, Indonesia adalah salah satu negara dengan populasi terbesar di dunia, apalagi di Asia, dan tentu saja dengan budaya streetball serta bola basket yang kuat,"" kata MK dalam jumpa persnya di kawasan Jakarta Selatan, Kamis (1/10/2026). Ia menilai talenta pemain Indonesia cukup berbakat, apalagi didukung dengan pembangunan infrastruktur dan liga yang sukses. ""Menurut saya, para pemainnya sangat berbakat. Saya banyak mendengar tentang Liga Basket Indonesia dan betapa suksesnya liga tersebut, banyak stadion bagus yang sedang dibangun, banyak pemain hebat dari seluruh dunia, tetapi juga dari sini.Menurut saya, ekosistem secara keseluruhan di tingkat profesional sangat fantastis, begitu pula segala hal di luar itu. Budaya streetball-nya luar biasa,"" lanjutnya. Sementara itu, Rico Lubis selaku penggagas dan promotor acara bertajuk King of Ballers itu menjelaskan bahwa kedatangan MK bukan sekadar seremoni streetball, melainkan memiliki dampak lebih luas bagi bola basket nasional. Rico menyebut di tengah persaingan perhatian generasi muda dengan e-sports hingga olahraga padel, streetball bisa menjadi magnet baru. ""Kami telah mendatangkan yang terbaik, Hot Sauce, Allen Iverson, Dennis Rodman. Menurut saya, saya mendatangkan MK karena dia yang terbaik saat ini,"" ungkap Rico. ""Dengan MK, saya percaya bisa berdampak di daerah-daerah bawah, di luar kota, di pinggiran Papua, di Aceh, bola basket Indonesia akan berkembang lagi,"" tuturnya. ""Tapi untuk saat ini, (memang) karena jadwalnya sangat padat, setelah ini, mungkin dia akan pergi ke Singapura. Jadi MK akan (dijadwalkan) pergi ke daerah-daerah itu tahun depan,"" jelasnya. Tak hanya aksi di lapangan, MK juga bakal berbagi ilmu lewat coaching clinic. MK akan dibantu oleh atlet-atlet basket nasional seperti Yesaya Saudale, Ali Bagir, Erick Ibrahim, dan Hendrick Xavi Yonga. ""Ada klinik pelatihan pada Jumat pagi, itu adalah hal mendasar yang akan diajarkan MK. Jadi, keturunannya juga berguna, tidak hanya untuk kancah streetball, tetapi juga untuk teman-temannya di kancah basket Indonesia,"" kata Rico. Rico lantas berharap streetball bisa menjadi platform alternatif resmi di Indonesia. ""Koreksi saya jika saya salah, ada kurang dari 5 platform yang bisa menjadi tolok ukur bola basket di Indonesia. IBL, DBL, 5x5. Saya ingin streetball ini menjadi bagian darinya,"" tuturnya. ""Jadi, saya harap ini bisa menjadi platform alternatif baru bagi para pemain basket, yang jumlahnya jutaan di Indonesia. Mereka tidak bisa bermain di DBL, mungkin mereka putus sekolah. Namun dalam streetball, semua orang bisa. Intinya, saya ingin ini bisa menjadi platform baru, tolok ukur baru,"" tutup Rico. (mcy/nds)",445
68,sport,https://sport.detik.com/moto-gp/d-8688880/hasil-fp1-motogp-jepang-2026-marc-marquez-tercepat,"Marc Marquez keluar sebagai pebalap tercepat di Free Practice I MotoGP Jepang 2026. Marquez mengungguli duo Aprilia Jorge Martin dan Marco Bezzecchi. Di Sirkuit Motegi, Jumat (2/10/2026) pagi WIB, awalnya hanya sedikit pebalap yang berlatih karena rintik hujan. Namun, setelah kondisi membaik pebalap-pebalap lainnya keluar dari garasi untuk melahap lap. Bezzecchi semula jadi yang tercepat, sebelum digusur Alex Marquez setelah membukukan 1 menit 44,631 detik. Diego Moreira, Fabio Quartararo kemudian bergantian menempati posisi kedua di belakang Alex Marquez. Sementara itu, Marc Marquez justru kesulitan untuk menembus tiga besar. Bezzecchi kembali tercepat dengan waktu 1 menit 44,375 detik di lima menit terakhir, Jorge Martin membuntuti di belakang rekan setimnya itu dengan selisih 0,061 detik saja. Martin akhirnya ke puncak daftar di dua menit terakhir. Catatan waktunya menembus 1 menit 44,172 detik, kemudian dipatahkan Marc Marquez dengan selisih 0,099 detik. Bezzecchi menyelesaikan FP1 MotoGP Jepang 2026 di urutan ketiga, disusul Alex Marquez dan Johann Zarco di peringkat empat dan lima berturut-turut. Hasil FP 1 MotoGP Jepang 2026 | Pos | Rider | Nat | Team | Time/Diff | | 1 | Marc Marquez | SPA | Ducati Lenovo (GP26) | 1'44.073s | | 2 | Jorge Martin | SPA | Aprilia Racing (RS-GP26) | +0.099s | | 3 | Marco Bezzecchi | ITA | Aprilia Racing (RS-GP26) | +0.133s | | 4 | Alex Marquez | SPA | BK8 Gresini Ducati (GP26) | +0.261s | | 5 | Johann Zarco | FRA | Castrol Honda LCR (RC213V) | +0.339s | | 6 | Fabio Quartararo | FRA | Monster Yamaha (YZR-M1) | +0.431s | | 7 | Raul Fernandez | SPA | Trackhouse Aprilia (RS-GP26) | +0.589s | | 8 | Francesco Bagnaia | ITA | Ducati Lenovo (GP26) | +0.613s | | 9 | Fabio Di Giannantonio | ITA | Pertamina VR46 Ducati (GP26) | +0.683s | | 10 | Pedro Acosta | SPA | Red Bull KTM (RC16) | +0.711s | | 11 | Diogo Moreira | BRA | Pro Honda LCR (RC213V)* | +0.792s | | 12 | Franco Morbidelli | ITA | Pertamina VR46 Ducati (GP25) | +1.002s | | 13 | Ai Ogura | JPN | Trackhouse Aprilia (RS-GP26) | +1.009s | | 14 | Somkiat Chantra | THA | Honda HRC Castrol (RC213V) | +1.146s | | 15 | Fermin Aldeguer | SPA | BK8 Gresini Ducati (GP25) | +1.282s | | 16 | Toprak Razgatlioglu | TUR | Pramac Yamaha (YZR-M1)* | +1.287s | | 17 | Brad Binder | RSA | Red Bull KTM (RC16) | +1.347s | | 18 | Maverick Viñales | SPA | Red Bull KTM Tech3 (RC16) | +1.442s | | 19 | Enea Bastianini | ITA | Red Bull KTM Tech3 (RC16) | +1.468s | | 20 | Luca Marini | ITA | Honda HRC Castrol (RC213V) | +1.502s | | 21 | Alex Rins | SPA | Monster Yamaha (YZR-M1) | +1.800s | | 22 | Jack Miller | AUS | Pramac Yamaha (YZR-M1) | +1.902s | (rin/rin)",500
69,sport,https://sport.detik.com/moto-gp/d-8688875/ada-hadiah-smartphone-uang-tunai-di-gp-jepang-ini-cara-dapatnya,"Keseruan dan momen menegangkan dalam ajang balap bergengsi dunia MotoGP 2026 masih berlangsung. Kali ini, GP Jepang bakal menjadi saksi para pembalap MotoGP 2026 dalam menunjukkan kemampuan mereka. Adapun GP Jepang kali ini akan berlangsung di Mobility Resort Motegi pada 2-4 Oktober 2026. Menariknya, Sirkuit Mobility Resort Motegi memiliki keunikan tersendiri. Motegi dikenal sebagai salah satu trek yang menguji kombinasi braking, acceleration, dan traction. Karena itu, performa motor ketika keluar dari tikungan lambat menuju lintasan lurus dapat sangat menentukan. Selain balapan MotoGP, kompleks Mobility Resort Motegi juga memiliki berbagai fasilitas terkait otomotif dan motorsport sehingga bukan sekadar sirkuit balap. Keseruan yang bakal hadir dalam GP Jepang tidak berhenti sampai di situ. Bagi para pencinta MotoGP di Indonesia, ajang tersebut juga memberikan kesempatan untuk memenangkan hadiah menarik lewat kompetisi Bold Riders Podium Picks. Bold Riders Podium Picks merupakan kompetisi yang mengajak para penggemar MotoGP untuk menguji ketepatan prediksi. Dalam kompetisi ini, peserta ditantang untuk memilih tiga rider yang diprediksi akan finis sebagai juara 1, 2, dan 3 di setiap race MotoGP 2026. Setiap prediksi yang dikirimkan peserta akan menjadi bagian dari perolehan poin yang terus diakumulasikan sepanjang musim MotoGP 2026. Artinya, semakin konsisten dan akurat prediksi di setiap seri, semakin besar pula peluang untuk bersaing menjadi pemuncak klasemen hingga akhir musim. Kompetisi ini dibuka mulai 2 Oktober 2026 dan akan ditutup pada 4 Oktober 2026. Seluruh peserta dapat menyalurkan prediksinya melalui microsite khusus yang tersedia di detikcom. Cara Mengikuti Bold Riders Podium Picks Cara mengikutinya cukup mudah. Berikut langkah-langkah yang perlu dilakukan: - Login menggunakan akun Connect detikcom. - Masuk ke microsite detik.com/boldriderspodiumpicks. - Pilih tiga rider yang diprediksi finis di posisi pertama, kedua, dan ketiga. - Kirim prediksi sebelum race dimulai. Setiap seri akan menghasilkan poin yang terus diakumulasikan hingga akhir musim motoGP 2026. Semakin akurat prediksi, semakin besar peluang menjadi pemuncak klasemen. Hadiah Tiap Race dan Grand Prize Dua peserta dengan poin tertinggi dan waktu submit tercepat akan mendapatkan voucher masing-masing senilai Rp 250.000. Sementara itu, di akhir musim, peserta dengan akumulasi poin tertinggi berhak membawa pulang grand prize, yaitu: - Juara 1: Yamaha Aerox 155 - Juara 2: Samsung Galaxy A26 5G - Juara 3: Samsung Galaxy A17 Tunggu apa lagi? Jangan biarkan insting tajammu terbuang sia-sia. Kunjungi microsite-nya sekarang, kirimkan prediksi podium GP Jepang favoritmu sebelum balapan dimulai, dan raih kesempatan membawa pulang hadiah utamanya! (prf/ega)",389
70,sport,https://sport.detik.com/sport-lain/d-8688809/menpora-sambut-positif-antusiasme-profesional-ikuti-seleksi-lpuk,"Menpora Erick Thohir menyambut positif antusiasme para profesional yang mengikuti seleksi terbuka untuk Jabatan Direktur Pengelola Aset dan Usaha Keolahragaan Lembaga Pengelola Usaha Keolahragaan (LPUK) Kemenpora. Hal itu disampaikan Erick setelah 67 peminat berhasil tersaring sejak pendaftaran dibuka 22 hingga 29 September 2026. Para peserta berasal dari kalangan profesional yang telah berpengalaman menggeluti berbagai bidang, mulai dari perbankan, properti, kesehatan, perguruan tinggi, pertambangan, hukum, media dan telekomunikasi, industri olahraga, serta dari kementrian dan lembaga. Selain berpengalaman di bidangnya, para profesional ini juga memiliki kapabilitas dan kompetensi termasuk dalam mengambil keputusan. Sembilan pendaftar di antaranya menduduki posisi Direktur di perusahaan tempat mereka bekerja saat ini. ""Kami ingin proses seleksi ini berjalan secara terbuka, profesional, dan berbasis kompetensi,"" kata Erick dalam keterangannya, Kamis (1/10/2026). Menurutnya, pengelolaan aset dan pengembangan usaha keolahragaan membutuhkan kepemimpinan yang profesional serta kemampuan untuk melihat dan mengembangkan potensi aset secara produktif dan berkelanjutan. ""Dengan proses yang baik dan transparan, kami berharap dapat memperoleh sosok yang memiliki kompetensi, integritas, serta kemampuan untuk membawa pengelolaan aset dan usaha keolahragaan LPUK semakin profesional dan memberikan nilai tambah bagi ekosistem olahraga Indonesia,"" ujarnya. Sementara itu, Direktur Utama LPUK, Muhammad Oktaviandi, mengatakan tingginya jumlah pendaftar dengan keberagaman latar belakang menjadi gambaran bahwa posisi Direktur Pengelola Aset dan Usaha Keolahragaan LPUK menarik minat, dan mendapat respons positif dari kalangan profesional dari berbagai sektor yang ingin berkontribusi untuk perkembangan dunia olahraga. ""Keberagaman latar belakang dan pengalaman para pendaftar menjadi hal yang positif bagi LPUK. Selanjutnya, seluruh kandidat akan mengikuti tahapan seleksi secara terbuka dan objektif untuk memastikan proses ini dapat menjaring figur yang memiliki kapasitas manajerial, integritas, dan kemampuan yang sesuai dengan kebutuhan LPUK,"" ujarnya. Setelah pendaftaran ditutup, proses seleksi selanjutnya akan dilakukan sesuai tahapan yang telah ditetapkan. Peserta yang lolos seleksi administrasi akan mengikuti Seleksi Kompetensi Manajerial dan Kompetensi Sosial Kultural pada 1-2 Oktober 2026, dilanjutkan dengan Presentasi dan Wawancara pada 5 Oktober 2026. Adapun pengumuman hasil akhir seleksi dijadwalkan pada 7 Oktober 2026. Rangkaian tahapan tersebut merupakan bagian dari proses seleksi untuk mendapatkan figur terbaik yang memiliki kompetensi dan pengalaman dalam mendukung penguatan tata kelola, pengembangan usaha, serta optimalisasi aset keolahragaan melalui LPUK. (mcy/nds)",351
71,sport,https://sport.detik.com/moto-gp/d-8688782/hasil-fp1-moto3-jepang-2026-yamanaka-tercepat-veda-ega-ke-16,"Rider tuan rumah Ryusei Yamanaka melesat di fase akhir untuk jadi yang tercepat di Free Practice I Moto3 Jepang 2026. Veda Ega Pratama tercecer di urutan 16. Di Sirkuit Motegi, Jumat (2/10/2026) pagi WIB, David Munoz menetapkan bench mark di sesi awal dengan 1 menit 55,709 detik. Sedangkan Veda Ega menempati posisi belakang dengan selisih hampir 2,5 detik. David Almansa dua kali terjatuh di sesi ini, di mana yang terakhir terjadi di tikungan 5. Munoz nyaris tidak terbendung sebelum Ryusei Yamanaka melampaui catatan waktunya di menit-menit akhir. Yamanaka memastikan posisi terdepan usai mengemas 1 menit 55,676 detik unggul 0,033 dari Munoz di belakangnya. Alvaro Carpe menempati posisi ketiga di depan Valentin Perrone. Pemimpin klasemen Maximo Quiles melengkapi lima besar Free Practice Moto3 Jepang 2026. Veda Ega Pratama tak membuat kemajuan signifikan di sesi ini. Veda sempat melorot ke posisi 22, lalu naik ke-17 sebelum mengakhiri latihan bebas pertama ini di posisi 16 dengan jarak 1,067 detik dari Yamanaka. Hasil FP1 Moto3 Jepang 2026 (rin/pur)",164
72,sport,https://sport.detik.com/moto-gp/d-8688661/jadwal-motogp-jepang-2026-mulai-latihan-pagi-ini,"Persaingan MotoGP 2026 kembali memanas pada akhir pekan ini. Berikut jadwal MotoGP Jepang 2026, yang dimulai dengan sesi latihan pada pagi ini. MotoGP Jepang 2026 akan digelar di Sirkuit Motegi pada 2-4 Oktober. Motor Ducati menguasai trek ini sejak 2022, yang menempatkan Francesco Bagnaia sebagai pemenang di dua edisi terakhir. Marc Marquez toh memiliki memori menyenangkan di sini karena mengunci titel juara dunia MotoGP 2025, setelah finis kedua. Marquez juga jadi pebalap tersukses di Motegi usai mengantongi lima kemenangan di semua kelas (tiga di kelas premier). Sekalipun terakhir kalinya Marquez juara di sana adalah pada tujuh tahun lalu. Sementara itu, klasemen MotoGP masih dikuasai Jorge Martin. Rider Aprilia ini mengoleksi 306 poin, unggul 12 poin dari Marquez, dan 42 poin dari rekan setimnya sendiri Marco Bezzecchi. Ini artinya ada peluang besar pergantian di posisi teratas setelah balapan MotoGP Jepang 2026 tuntas. Sukses Pedro Acosta memenangi grand prix Austria membuatnya diperhitungkan sebagai favorit di akhir pekan ini. Acosta akan mencoba jadi rider KTM pertama yang juara di MotoGP Jepang. Jadwal MotoGP Jepang 2026 Jumat 2 Oktober 2026 08.45 - 09.30 WIB Free Practice I 13.00 - 14.00 WIB Practice Sabtu 3 Oktober 2026 08.10 -08.40 WIB Free Practice II 08.50 - 09.05 WIB Q1 09.15 - 09.3o WIB Q2 13,00 WIB Sprint Race 12 Lap Minggu 4 Oktober 2026 07.40 - 07.50 WIB Warm up 12.00 WIB Race 24 Lap (rin/pur)",230
73,sport,https://sport.detik.com/sportstyle/d-8688691/suparma-run-berlari-sambil-peduli-kelestarian-lingkungan,"Ada banyak cara untuk ikut peduli menjaga kelestarian lingkungam. Salah satunya bisa lewat olahraga dengan mengadakan lomba lari. Suasana kawasan Universitas Ciputra (UC) Surabaya, Minggu pagi (27/9/2026) dipenuhi energi positif ribuan pecinta olahraga. Ajang lari tahunan Suparma Run 2026 sukses menyedot perhatian publik dengan diikuti lebih dari 2.600 peserta di kategori 5K dan 10K. Perhelatan yang menjadi salah satu agenda lari paling dinanti di Jawa Timur ini juga diramaikan tokoh-tokoh nasional, termasuk Sandiaga Uno dan Basuki Tjahaja Purnama (Ahok). Mengusung tema ""Golden Steps for a Greener Future"", Suparma Run 2026 memadukan semangat gaya hidup sehat dengan aksi nyata kepedulian lingkungan. Setiap pelari dibekali dua bibit tanaman gratis untuk ditanam kembali, menegaskan komitmen event ini sebagai gerakan eco-friendly berkelanjutan. Langkah hijau di ajang ini semakin solid berkat dukungan utama dari Bloom Group melalui PT Bloomindo Bumi Energi. Sebagai sponsor utama, Bloom Group tidak hanya memfasilitasi jalannya gelaran olahraga masyarakat ini, tetapi juga membawa misi edukasi energi bersih dan transisi keberlanjutan. CEO Bloom Group, Andrew Chu, menegaskan bahwa keterlibatan mereka adalah wujud komitmen jangka panjang perusahaan terhadap lingkungan. ""Kami di Bloom Group percaya bahwa transisi menuju masa depan yang lebih hijau harus dimulai dari aksi nyata yang menyentuh masyarakat luas. Melalui PT Bloomindo Bumi Energi, kami bangga bisa mendukung Suparma Run 2026. Ini bukan sekadar ajang olahraga, melainkan panggung kolaborasi untuk menginspirasi gaya hidup sehat dan penggunaan energi yang lebih bersih,"" ujar Andrew dalam keterangan kepada media. Sandiaga Uno selaku Chairman Samala Serasi Group-pemegang saham Bloom Group-menyambut hangat antusiasme peserta serta mengapresiasi sinergi besar di dalam perhelatan ini. ""Sensasinya luar biasa, treknya sangat indah dan naik turun. Di Surabaya ini menjadi ajang lari yang sangat dinanti-nanti. Semoga ini juga bisa mendorong kecintaan kita semua kepada bumi karena setiap satu pelari akan menanam pohon,"" tutur Sandiaga. Sementara itu, Ahok menyoroti pentingnya gaya hidup sehat yang inklusif serta peran aktif sektor swasta dalam mendukung kesehatan publik dan lingkungan. ""Olahraga yang paling murah untuk orang tetap sehat itu ya jalan dan lari. Siapa bilang olahraga itu mahal? Kita semua sudah punya sepatu. Saya sangat mendukung kolaborasi dunia usaha seperti ini yang memberikan dampak nyata dan bermanfaat langsung bagi kesehatan masyarakat serta lingkungan,"" tegas Ahok. Ketua Panitia Suparma Run 2026, Nabila Syavira, menyampaikan bahwa fokus utama perhelatan tahun ini adalah menghadirkan pengalaman lari yang aman, berkesan, sekaligus berdampak (Legacy of Green, Rooted in Impact). Selain pembagian bibit pohon, kemeriahan acara ditutup dengan penampilan energik MALIQ & D'Essentials serta kehadiran tokoh inspiratif seperti influencer lingkungan Bule Sampah (Benedict Wermter) dan Miss Face of Humanity Indonesia 2023 Vanessa Hatter. Suksesnya Suparma Run 2026 bersama Bloom Group membuktikan bahwa ajang olahraga massal dapat menjadi katalisator efektif dalam menyebarkan semangat hidup sehat sekaligus menggerakkan kesadaran menjaga bumi untuk generasi mendatang. (mrp/pur)",451
74,sport,https://sport.detik.com/raket/d-8688688/festival-senengminton-2026-kenalkan-bulutangkis-sejak-dini,"Festival SenengMinton 2026 hadir untuk menjaring bibit-bibit muda pebulutangkis. Selain itu, ajang ini juga diharapkan menumbuhkan kecintaan pada olahraga tersebut. Festival SenengMinton 2026 digelar di lima kota yaitu Purwokerto, Magelang, Solo, Kudus, dan Semarang. Festival SenengMinton 2026 telah memasuki kota ketiga. Setelah sukses di Purwokerto dan Magelang, Festival SenengMinton 2026 kini digelar Solo, Kamis (1/10) Festival SenengMinton 2026 digelar oleh Bakti Olahraga Djarum Foundation bersama MilkLife ini turut mendapat dukungan dari Pengurus Provinsi (Pengprov) PBSI Jawa Tengah. Ajang ini hadir menumbuhkan kecintaan dunia bulutangkis sejak usia dini. ""Kami percaya, rasa senang menjadi awal tumbuhnya kecintaan terhadap sebuah olahraga. Melalui Milklife Festival SenengMinton, kami ingin menanamkan minat dan menginspirasi siswa untuk bermain bulutangkis,"" ujar rogram Director Bakti Olahraga Djarum Foundation, Yoppy Rosimin. | Baca juga: Festival SenengMinton 2026 Dimulai | MilkLife Festival SenengMinton Solo 2026 berlangsung di GOR FKOR UNS, Kamis (1/10). Sebanyak 480 siswa/siswi kelas 1 hingga 3 dari 16 Sekolah Dasar (SD) di Solo turun ke lapangan untuk mengikuti beragam permainan bulutangkis yang dikemas interaktif dan menyenangkan. Pada kategori kelas 3, para peserta harus melewati lima jenis tantangan yakni Pyramid Shuttlecock, Shuttle Run, Throwing The Shuttlecock, Service to Target dan Zig Zag Run. Sedangkan bagi peserta kategori kelas 1 dan 2, tantangan Service to Target ditiadakan dari kelima perlombaan tersebut. Adapun untuk peserta pada kategori kelas 1, setiap sekolah mengirimkan enam siswa yang terdiri dari empat putra dan dua putri. Sedangkan untuk kelas 2 terdapat 10 peserta tiap sekolah dengan komposisi enam putra dan empat putri. Pada kategori kelas 3, per sekolah mengirimkan 14 siswa yang terdiri dari delapan putra dan enam putri. Ketua Umum Pengprov PBSI Jateng, Basri Yusuf menilai MilkLife Festival SenengMinton jadi sarana identifikasi dini potensi calon atlet sebelum memasuki tahap pembinaan selanjutnya. Ajang ini diharapkan bisa menjaring lebih banyak bibit-bibit pebulutangkis muda potensial. ""Kami berharap semakin banyak bibit potensial yang terjaring sejak dini sehingga di masa mendatang Indonesia tidak kekurangan materi pemain bulutangkis andal yang mampu melanjutkan tradisi prestasi level dunia,"" kata Basri. (pur/pur)",329
75,sport,https://sport.detik.com/sport-lain/d-8688669/indonesia-vs-thailand-final-fifa-asean-cup-2026,"Dua laga dramatis terjadi pada matchday terakhir Grup A FIFA ASEAN Cup 2026. Timnas Indonesia harus melewati laga sengit sebelum menundukkan Bangladesh 9-2 dengan Malaysia, secara bersamaan, pesta enam gol tanpa balas ke gawang Singapura. Dua hasil tersebut memastikan Indonesia keluar sebagai juara Grup A dan melaju ke final. Malaysia finis sebagai runner-up dan harus bertarung di perebutan posisi ketiga. Indonesia dan Malaysia punya poin dan selisih gol yang sama, tapi Skuad Garuda unggul produktivitas. Indonesia sebelumnya mengawali perjalanan di Grup A dengan kemenangan 2-0 atas Singapura. Pada laga kedua, Garuda bermain imbang 0-0 melawan Malaysia dalam pertandingan yang berlangsung keras dan penuh drama. Indonesia bahkan harus bermain dengan 10 pemain setelah Thom Haye mendapat kartu merah. Pada matchday ketiga, persaingan Grup A kembali memanas. Indonesia menang 9-2 atas Bangladesh, sedangkan Malaysia menghancurkan Singapura 6-0. Indonesia pun mengamankan tiket ke partai puncak untuk menghadapi Thailand, yang sudah lebih dulu memastikan diri sebagai juara Grup B setelah menyapu dua laga awal dengan kemenangan atas Pakistan dan Vietnam. Final FIFA ASEAN Cup 2026 akan digelar di Stadion Utama Gelora Bung Karno (SUGBK), Jakarta. Jadwal Final FIFA ASEAN Cup 2026 - Senin, 5 Oktober 2026 - Indonesia vs Thailand - 20.00 WIB Harimau Malaya finis kedua di klasemen akhir Grup A, di bawah Indonesia, sehingga akan menghadapi runner-up Grup B dalam laga perebutan posisi ketiga di SUGBK. Sejauh ini tiket runner-up itu masih jadi rebutan di matchday terakhir Grup B. Jadwal Perebutan Posisi Ketiga FIFA ASEAN Cup 2026 - Senin, 5 Oktober 2026 - Malaysia vs Runner-up Grup B - 16.00 WIB (krs/pur)",260
76,sport,https://sport.detik.com/sport-lain/d-8688666/ketum-koni-terima-juara-umum-ihaa-asian-greater-championship-2026,"Atlet Berkuda Memanah Indonesia kembali menorehkan prestasi di pentas internasional. Indonesia berhasil menjadi juara umum International Horseback Archery Alliance (IHAA) Asian Greater Championship 2026 di Moskow, Rusia, dengan raihan 7 medali emas, 3 perak, dan 3 perunggu. Atas pencapaian tersebut, Ketua Umum KONI Pusat Letjen TNI Purn Marciano Norman menerima kunjungan empat atlet Indonesia peraih medali di Kantor KONI Pusat, Senayan, Jakarta, Kamis (1/10/2026). Keempat atlet tersebut adalah Arsa Wening Arrosyad, Tio Fawaz Ananta, Hammas Syauqi Syahid, dan Dzaakir Alhanif. Mereka tampil di kategori Young Rider, Senior, dan Junior serta membawa Indonesia mengungguli tuan rumah Rusia dan Kazakhstan. Marciano memberikan apresiasi kepada para atlet, pelatih, orang tua, ofisial, serta FN Pordasi Berkuda Memanah yang mendukung keberhasilan tersebut. ""Selaku Ketua Umum KONI Pusat, saya memberikan apresiasi kepada para atlet yang berhasil meraih prestasi membanggakan. Ini adalah salah satu prestasi yang membanggakan dan menjadi inspirasi kita semua, bahwa Berkuda Memanah berprestasi,"" ujar Marciano. Menurut Marciano, pencapaian di Moskow harus menjadi motivasi bagi para atlet untuk terus berkembang. Ia juga menekankan bahwa perjalanan menuju level kompetisi yang lebih tinggi membutuhkan proses pembinaan yang berkelanjutan. ""Mungkin para atlet ke depan bisa mewakili Indonesia secara resmi di dalam multi-event internasional, tapi itu semua butuh waktu. Oleh karenanya, persiapkan dengan sebaik mungkin,"" katanya. Pelatih tim Indonesia menyebut kejuaraan di Rusia memberikan pengalaman penting bagi atlet, terutama dalam menghadapi perbedaan cuaca, lingkungan pertandingan, serta kuda yang digunakan. Pengalaman tersebut diharapkan menjadi bekal menghadapi kompetisi berikutnya, termasuk World Championship Bintang 4. Atlet Indonesia, Arsa Wening Arrosyad, juga menilai persaingan Berkuda Memanah kini semakin ketat karena olahraga tersebut berkembang di banyak negara. ""Sekarang Berkuda Memanah berkembang di banyak negara. Jadi menurut saya Indonesia harus berkembang juga, jangan berpuas hati. Semua yang kita dapat hari ini tidak bisa menjadi patokan untuk hari-hari ke depannya. Kita masih punya target yang lebih jauh,"" kata Arsa. Ia menjelaskan bahwa atlet harus siap menghadapi berbagai kondisi dalam pertandingan, termasuk cuaca dan karakter kuda yang berbeda. Di Rusia, para atlet Indonesia diberikan 10 ekor kuda untuk kemudian disesuaikan dengan kebutuhan masing-masing atlet. Bagi Arsa, kejuaraan di Moskow juga memiliki makna tersendiri. Ini merupakan penampilan ketiganya di Rusia dan ia selalu berhasil membawa pulang medali emas. ""Alhamdulillah ini ketiga kalinya saya ke Rusia. Tiga-tiganya bisa membawa medali emas, alhamdulillah. Tahun 2023, 2024, dan 2026,"" ungkapnya. KONI Pusat juga mendorong pembinaan Berkuda Memanah terus diperluas di berbagai kelompok usia, termasuk penguatan pembinaan atlet perempuan. Dengan kategori yang tersedia mulai dari anak-anak hingga master, peluang regenerasi atlet Indonesia di cabang olahraga tersebut dinilai masih terbuka luas. (ran/pur)",419
77,sport,https://sport.detik.com/sport-lain/d-8688583/ini-alasan-indonesia-lolos-ke-final-fifa-asean-cup-2026,"Timnas Indonesia lolos ke final FIFA ASEAN Cup 2026. Drama terjadi di laga kontra Bangladesh dengan badai gol, meski Malaysia juga badai gol. Indonesia vs Bangladesh main di SUGBK, Jakarta, Kamis (1/10) malam WIB. Inilah laga akhir Grup A. Indonesia menang telak 9-2. Skor 6-1 tercipta di babak pertama, lalu tiga gol tambahan terjadi di menit ke-90 Mitchell Baker borong lima gol. Empat gol lainnya dicetak oleh Rizky Ridho, Justin Hubner, Kevin Diks, dan Luke Vickery. Bangladesh juga sempat tambah satu gol di babak kedua. Di laga lainnya, Malaysia menang 6-0. Namun pada akhirnya, Garuda yang lolos ke final! Ini alasan Indonesia ke final FIFA ASEAN Cup 2026 Poin Indonesia dan Malaysia sama-sama 7 poin dari tiga laga. Selisih gol sama-sama 9. Tapi, Indonesia unggul produktivitas gol dengan 11 berbanding 9. Dalam aturan tie-breaking FIFA ASEAN Cup. Ada tiga hal yang dihitung untuk penentuan juara grup. Pertama jumlah poin, kedua selisih gol, ketiga produktivitas gol. Indonesia akan hadapi Thailand di laga final pada Senin (5/10) pukul 20.00 WIB di SUGBK. (aff/pur)",171
78,sport,https://sport.detik.com/sport-lain/d-8688571/fifa-asean-cup-2026-indonesia-gilas-bangladesh-9-2-maju-ke-final,"Timnas Indonesia menang 9-2 atas Bangladesh. Garuda berhak ke final FIFA ASEAN Cup 2026, unggul produktivitas gol atas Malaysia. Indonesia vs Bangladesh main di SUGBK, Jakarta, Kamis (1/10) malam WIB. Inilah laga akhir Grup A. Di babak pertama, Garuda langsung pesta gol 6-1. Mitchell Baker kemas quattrick! Baker mampu tuntaskan dua kali assist manja dari Ole Romeny. Sisanya dikemas oleh Rizky Ridho.Baker kemudian cetak gol lewat sontekan dalam situasi kemelut, lalu sundulan dari umpan Justin Hubner. Bangladesh mampu perkecil ketertinggalan via Shahriar Emon lewat sundulannya. Indonesia terus menekan di babak kedua. Peluang emas Baggott dengan sundulan di depan gawang masih bisa ditepis kiper MehediHasan pada menit ke-75. Romeny sempat bikin gol di menit ke-84 tapi dianulir. Setelahnya drama terjadi! Dari menit ke-90, Indonesia bikin empat gol via Luke Vickery, Kevin Diks, dan Baker lagi. Baker borong lima gol! Bangladesh juga sempat perkecil lewat Farhaan Ali. Skor 9-2 selesai buat Garuda! Indonesia berhak lolos ke final dengan skema produktivitas gol dibanding Malaysia. Malaysia menang 6-0 atas Singapura. Poin Indonesia dan Malaysia sama-sama 9 poin. Selisih gol sama-sama 9. Tapi, Indonesia unggul produktivitas gol dengan 11 berbanding 9. (aff/rin)",187
79,sport,https://sport.detik.com/sport-lain/d-8688339/asian-games-2026-aditya-tri-syahria-false-start-gagal-dapat-medali,"Aditya Tri Syahria false start di final speed putra panjat tebing Asian Games 2026. Aditya pun gagal menyumbang medali. Dalam lomba yang digelar di Portmesse Nagoya Exhibition Hall 1, Kamis (1/10/2026) malam WIB, Aditya menjadi wakil Indonesia yang lolos ke final nomor speed putra panjat tebing Asian Games 2026. Di semifinal, ia mencatatkan waktu 4,786 detik. Namun, Aditya justru false start saat final. Sementara medali emas diraih oleh wakil China, Shouhong Chu. Sementara itu, Veddriq Leonardo tersingkir di semifinal. Catatan waktunya 4,95 detik di babak semifinal. (nds/krs)",87
80,sport,https://sport.detik.com/sport-lain/d-8688336/susunan-pemain-indonesia-vs-bangladesh-di-fifa-asean-cup-2026,"Timnas Indonesia menghadapi Bangladesh pada laga terakhir Grup A FIFA ASEAN Cup 2026. Berikut susunan pemain Indonesia vs Bangladesh yang akan tampil di Stadion Utama Gelora Bung Karno (SUGBK), Jakarta, Kamis (1/10/2026) pukul 19.30 WIB. John Herdman menurunkan Emil Audero sebagai penjaga gawang sekaligus memilih Kevin Diks sebagai kapten Timnas Indonesia. Di lini belakang ada Rizky Ridho, sementara Joey Pelupessy dipercaya mengisi lini tengah. Berikut daftar susunan pemain Indonesia vs Bangladesh selengkapnya berdasarkan Start List resmi FIFA. Susunan pemain Indonesia Starting XI: - Emil Audero (GK) - Kevin Diks (C) - Rizky Ridho - Joey Pelupessy - Ole Romeny - Ragnar Oratmangoen - Calvin Verdonk - Ivar Jenner - Elkan Baggott - Justin Hubner Pemain cadangan: - Dion Markx - Jordi Amat - Rizky Eka Pratama - Egy Maulana Vikri - Luke Vickery - Mitchell Baker - Rayhan Hannan - Shayne Pattynama - Nathan Tjoe-A-On - Dean James - Maarten Paes (GK) - Nadeo Argawinata (GK) Pelatih: John Herdman Susunan pemain Bangladesh Starting XI: - Mehedi Hasan Srabon (GK) - Hamza Choudhury - Shuki Itofusa - Rakib Hossain - Sahariar Emon - Zidane Yousuf - Tariq Kazi - Zayyan Ahmed - Saad Uddin - Shamit Shome Pemain cadangan: - Shakil Ahad Topu - Rahmat Mia - Minhaz Shadin - Mohammad Ridoy - Shekh Morsalin - Mitul Marma (GK) - Fahamedul Islam - Md Sohel Rana - Sohel Rana - Sujon Hossain (GK) - Monjurur Rahman - Farhaan Ali Wahid - Mohammad Shome Pelatih: Thomas Dooley (krs/nds)",246
81,sport,https://sport.detik.com/sport-lain/d-8688109/asian-games-2026-bintang-sofyan-ke-final-hadapi-pasangan-qatar-untuk-emas,"Bintang Akbar/Sofyan Rachman Efendi semakin dekat dengan medali emas Asian Games 2026. Untuk melakukannya, ada pasangan Qatar Cherif Samba/Ahmed Janko yang harus dikalahkan. Bintang/Sofyan memastikan tempat di partai puncak setelah menyingkirkan pasangan Jepang Kota Kurosawa/Taito Mizumachi dalam dua set langsung, Kamis (1/10/2026). Wakil Indonesia menang dengan skor 21-19 dan 21-18. Bintang/Sofyan sempat kesulitan menghadapi pasangan Jepang pada set pertama. Namun, keduanya mampu membaca permainan lawan dengan lebih baik pada set berikutnya. ""Set pertama agak kesulitan lawan Jepang. Set kedua dapat membaca permainan Jepang. Namun, blok-blok anak-anak berjalan dengan baik. Kunci kemenangan memang ada di blok,"" ujar Pelatih voli pantai putra Indonesia Andi Ardiansyah dalam keterangan tertulisnya. Kemenangan atas Jepang memperpanjang tren positif Bintang/Sofyan sepanjang fase gugur. Pada perempat final, pasangan unggulan ketiga Indonesia itu menyingkirkan Song Jinyang/Wang Yanwei dari China dengan skor 21-19 dan 21-18. Sebelumnya, mereka juga mengalahkan Hood Al Jalaboubi/Mazin Al Hashimi dari Oman pada babak 16 besar dengan skor 22-20 dan 21-18. Kini, Bintang/Sofyan hanya berjarak satu kemenangan dari medali emas. Tapi untuk mencapai podium tertinggi, mereka harus menantang pasangan Qatar Cherif/Ahmed. Cherif/Ahmed juga memastikan tempat di final setelah mengalahkan pasangan Thailand Parovid Taovato/Pithak Tipjan dengan skor 23-21 dan 21-12. Andi menyadari tantangan besar yang menanti anak asuhnya. Pasangan Qatar memiliki pengalaman di level tertinggi setelah meraih medali perunggu Olimpiade Tokyo 2020. ""Memang berat, mereka raih perunggu Olimpiade 2020. Tidak gentar, gas terus,"" kata Andi. Final tersebut menjadi kesempatan bagi Bintang/Sofyan untuk menutup perjalanan Asian Games 2026 dengan pencapaian tertinggi sekaligus membawa Indonesia meraih emas dari voli pantai putra. | Bintang Akbar/Sofyan Rachman Efendi. Foto: Dok. NOC Indonesia | (mcy/krs)",263
82,sport,https://sport.detik.com/sport-lain/d-8687922/klasemen-medali-asian-games-2026-per-sore-ini-indonesia-ke-13,"Indonesia duduk di peringkat ke-13 klasemen medali Asian Games 2026 per sore ini. Masih ada kans raih medali lagi jelang malam nanti! Dilansir dari situs resmi Asian Games 2026 per pukul 15.30 WIB, Kamis (1/10) Indonesia duduk di peringkat ke-13 klasemen di bawahnya Hong Kong. Indonesia kumpulkan total 34 medali. Rinciannya adalah lima emas, delapan perak, dan 21 perunggu. Teranyar, emas dipersembahkan atlet panahan Nurisa Dian Ashrifah. Indonesia masih berpotensi tambah medali dari cabor panjat tebing. Ada Aditya Tri Syahria dan Veddriq Leonardo, yang main pada nomor speed putra. Mereka akan memulai babak perempatfinal pada pukul 18.00 WIB. Keduanya diharapkan bisa tambah pundi-pundi emas. China memimpin klasemen medali Asian Games 2026 sementara dengan 283 medali. Rinciannya 152 emas, 70 perak, dan 61 perunggu. Jepang di peringkat kedua dengan 53 emas, 77 perak, dan 77 perunggu. Wakil ASEAN ada yang sudah tembus lima besar, yakni Thailand dengan 12 emas, 10 perak, dan 15 perunggu. | INDONESIA | | Perolehan Medali Indonesia | | INDONESIA | INDONESIA | Peringkat Asia | | 13 | | Juara Olahraga Asia 2026 | | 5 | | Emas | | 8 | | Perak | | 21 | | Perunggu | | 34 | | Total Medali | (aff/cas)",204
83,sport,https://sport.detik.com/raket/d-8687885/jonatan-christie-selesai-di-asian-games,"Jonatan Christie mengisyaratkan Asian Games 2026 akan jadi multievent Asia terakhir dalam kariernya. Ia pun bersyukur dapat kesempatan di momen tersebut. Jojo, sapaan karibnya, menuliskan pesan haru itu dalam akun sosial Instagramnya, pada Kamis (1/10/2028). Ia baru saja kembali ke Tanah Air bersama rekan-rekan pebulutangkis lainnya. Belum ada 24 jam di Jakarta, juara All England 2024 itu memberikan sinyal soal kariernya di Asian Games. ""Saya sangat bersyukur masih diberikan kesempatan untuk kembali mewakili Indonesia di Asian Games ketiga saya. Apalagi di usia dan fase perjalanan saya sekarang, saya sadar bahwa mungkin ini akan menjadi Asian Games terakhir saya,"" tulis Jonatan. ""Karena itu saya benar-benar mencoba menikmati dan menghargai setiap momennya. Terlebih bisa melewatinya bersama tim yang luar biasa ini. Bangga bisa berjuang bersama kalian."" | Baca juga: Dan Taufik Hidayat Kegirangan | Akan tetapi, Jonatan Christie menyadari, penampilan yang ia berikan dalam hampir dua pekan di Asian Games masih jauh dari harapannya. Di babak beregu putra, Jonatan tak sekalipun berhasil menyumbangkan poin dalam tiga laga yang dilakoni. Mulai dari perempatfinal, semifinal, dan final. Bahkan ia tak mendapatkan hasil yang lebih baik di nomor individu setelah tersingkir di babak perempatfinal. Laju peraih medali emas Asian Games 2018 itu dihentikan Loh Kean Yew dua gim langsung 14-21, 19-21. ""Walaupun begitu, saya juga tidak mau menutupi bahwa secara pribadi ada rasa kecewa yang sangat dalam dengan performa saya di pertandingan ini. Tentunya saya ingin bisa bermain lebih baik dan memberikan lebih banyak untuk tim,"" katanya. ""Tapi saya tahu satu hal: saat saya berada di lapangan, saya sudah memberikan apa pun yang saya punya saat itu. Dan setelah semuanya selesai, yang bisa saya lakukan adalah menerima, belajar, lalu kembali bekerja."" | Jonatan Christie saat meraih emas bulutangkis tunggal putra Asian Games 2018 ( Foto: Agung Pambudhy/detikSport) | Di akhir pesannya, Jonatan memberikan apresiasi kepada juniornya, Alwi Farhan dan Moh. Zaki Ubaidillah yang berhasil membawa Indonesia merengkuh kemenangannya di Asian Games 2026. ""Dan apresiasi saya khusus nya untuk Alwi & Ubed, well done boys!"" ucapnya. ""Kalian menunjukkan permainan dan perjuangan yang luar biasa di Asian Games ini. Saya berharap ini baru menjadi awal dari perjalanan panjang kalian membawa tunggal putra Indonesia ke level yang lebih tinggi."" Ada pesan juga yang ditujukan kepada Pelatih Kepala Tunggal Putra Indonesia, Indra Widjaja. ""Untuk Ko Indra, saya juga sangat senang melihat bagaimana Ko Indra mendampingi mereka. Saya percaya Ko Indra adalah salah satu sosok yang tepat untuk membimbing generasi tunggal putra Indonesia selanjutnya,"" ungkap Jonatan. ""Apa pun yang terjadi setelah ini, satu hal yang pasti:Selalu sebuah kehormatan bisa berjuang untuk Indonesia,"" tulis Jonatan mengakhiri. (mcy/aff)",426
84,sport,https://sport.detik.com/sport-lain/d-8687762/asian-games-2026-datang-tanpa-beban-nurisa-dian-ashrifah-pulang-bawa-emas,"Nurisa Dian Ashrifah tak menyangka bisa membawa pulang medali emas Asian Games 2026. Datang ke Aichi-Nagoya tanpa ekspektasi tinggi, atlet panahan Indonesia itu justru berhasil menjadi juara. Nurisa, yang akrab disapa Hani, meraih medali emas nomor compound individu putri setelah mengalahkan wakil Filipina, Amaya Amparo Cojuangco, dengan skor 139-137 pada Kamis (1/10/2026). Hasil tersebut sekaligus menjadi emas kelima Indonesia di Asian Games 2026. ""Dari awal saya tidak berekspektasi. Yang penting enak nembaknya,"" kata Hani dalam keterangan tertulisnya. Perjalanan Hani menuju podium tertinggi memang tidak dimulai dengan hasil yang mencolok. Pada babak kualifikasi, pemanah asal Semarang itu hanya menempati peringkat kedelapan dengan 701 poin. Namun, posisi tersebut tak membuatnya terbebani. Hani memilih menjalani setiap pertandingan satu demi satu dan membiarkan hasil mengikuti prosesnya. ""Sebenarnya dari kualifikasi saya cuma mencoba untuk menembak dengan nyaman. Hasilnya mengikuti. Ternyata di sesi kedua saya bisa menaikkan skor dan akhirnya peringkat delapan,"" ujarnya. Di babak berikutnya, Hani menghadapi wakil India, Chikitha Taniparthi, yang sebelumnya telah meraih dua medali emas dari nomor beregu putri dan mixed team Asian Games 2026. Pertandingan berlangsung di bawah matahari pagi yang berada tepat di depan arah tembak. Hani merasa beruntung karena mengenakan topi sehingga tetap bisa mengarahkan anak panah ke sasaran. Tantangan berikutnya datang dari wakil Korea Selatan, Oh Yoohyun, yang sebelumnya tampil konsisten dengan catatan perfect score. ""Dia (Oh Yoohyun) kemarin mainnya bagus, perfect score terus. Jadi saya tidak berekspektasi. Ya sudah, nembak saja,"" tutur Hani yang kaget dan panik dengan kondisi angin yang cukup kencang di sekitar venue. ""Dari tadi belum ada angin, bahkan dari kemarin belum ada angin. Baru hari ini panas, matahari datang, kemudian angin. Saya sempat agak panik, lawan juga panik. Tapi alhamdulillah saya bisa menang, selisihnya empat poin,"" kata Hani yang menang 147-143 dari Yoohyun sekaligus memastikan tiket ke final. Di partai puncak, kondisi kembali berubah. Angin semakin kencang seiring matahari meninggi. Pertandingan melawan wakil Filipina berlangsung ketat hingga end keempat dengan skor yang masih berimbang. Dua poin kemudian menjadi pembeda. Hani mengamankan kemenangan 139-137 dan untuk pertama kalinya dalam kariernya mendengar lagu Indonesia Raya berkumandang di Asian Games. ""Saya benar-benar enggak kebayang sampai final. Yang penting dari awal saya nembak bagus saja. Iya, ini semesta sepertinya mendukung. Pas saya nembah anginnya enggak terlalu kencang, tapi pas Filipina nembak, lumayan kencang,"" ujar Hani. Medali emas itu terasa semakin istimewa karena menjadi penampilan pertama Hani di Asian Games. Ia menyebut perjalanan menuju podium tertinggi sebagai kejutan yang tidak pernah dibayangkan sebelumnya. ""Ini plot twist banget dalam hidup saya. Saya lawan India dan Korea yang sudah menguasai panahan dan atlet top. Ternyata saya bisa,"" ucapnya. Di balik pencapaian tersebut, ada sosok sang ibu, Nurlisa, yang membuat medali emas ini semakin spesial. Hani secara khusus ingin mempersembahkan emas tersebut untuk ibunya. ""Jelas untuk ibunda tercinta. Pesan dari ibu cuma bilang kalau bonus dapat Rp3 miliar, ibu bisa umrah. Saya ingin mewujudkan harapan ibu,"" kata Hani. Kini, satu mimpi mulai diwujudkan Hani, yakni tampil di Olimpiade. ""Goal saya memang main di Olimpiade,"" ujar Hani. (mcy/krs)",496
85,sport,https://sport.detik.com/sport-lain/d-8687312/nurisa-dian-ashrifah-cetak-sejarah-compound-indonesia,"Nurisa Dian Ashrifah meraih medali emas Asian Games 2026. Hasil itu sekaligus mencetak sejarah perjalanan compound Indonesia di multievent terbesar di Asia. Bertanding di Okazaki Chuo Sogo Park Multipurpose Square, Jumat (1/10/2026), Nurisa berhasil mengalahkan wakil Filipina Amaya Amparo Cojuangco dalam babak final compound putri. Nurisa menang setelah unggul 139-137 atas Amaya. Kemenangan ini membawa Nurisa meraih medali emas pertama panahan Indonesia, sekaligus kelima bagi kontingen Merah Putih. Hasil ini juga menjadi sejarah karena Indonesia belum sekali pun meraih medali emas compound sepanjang tampil di Asian Games. Baik di nomor individu dan tim putra dan putri, maupun mixed. ""EMAS KELIMA UNTUK INDONESIA! Kali ini, giliran Nurisa Dian Ashrifah yang menghadirkan kabar bahagia dari cabang olahraga archery,"" tulis akun sosial media Kemenpora. ""Dengan torehan 139 poin, Nurisa berhasil mengamankan medali emas kelima untuk Indonesia setelah melewati persaingan yang begitu ketat. Hanya terpaut 2 poin dari wakil Filipina, Nurisa mampu bertahan hingga akhir dan membawa Merah Putih berdiri di tempat tertinggi."" ""Lebih istimewa lagi, emas ini menjadi medali emas pertama Indonesia dari cabang olahraga archery sepanjang keikutsertaan di Asian Games."" ""Sebuah momen yang akan selalu punya tempat tersendiri dalam perjalanan olahraga Indonesia. Terima kasih, @hanishfa, sudah berjuang sampai anak panah terakhir. Selamat atas prestasinya! Hari ini, Indonesia kembali punya cerita untuk dibanggakan."" Compound pertama kali di pertandingan pada Asian Games 2014. Di nomor individu, tercatat baru dua kali dipentaskan, yakni saat di Incheon 2014 dan Hangzhou 2022. Sedangkan nomor tim compound, sebelumnya telah berlangsung tiga edisi. Yakni 2014 Incehon, 2018 Jakarta-Palembang, 2022 Hangzhou, dan 2026 Aichi-Nagoya.Adapun jomor mixed, mulai dipertandingkan pada Asian Games 2018, lalu edisi 2022. Dalam daftar pemenang, Korea Selatan dan India menjadi tim yang paking sering meraih gelar juara baik individu maupun tim, dan mixed. Kini, Indonesia masuk dalam (mcy/aff)",291
86,sport,https://sport.detik.com/sport-lain/d-8687129/nurisa-dian-ashrifah-sumbang-emas-kelima-ri-di-asian-games-2026,"Indonesia menambah medali emas di Asian Games 2026. Ada Nurisa Dian Ashrifah yang menjadi juara nomor compound putri individu cabang olahraga panahan. Nurisa meraih medali emas, disusul Amaya Amparo Cojuangco dari Filipina dengan medali perak dan Kang Yeonseo dari Korea Selatan dengan medali perunggu. Ketiganya tercatat sebagai tiga peraih medali nomor compound putri. Tambahan tersebut membuat Indonesia kini mengoleksi lima medali emas di Asian Games 2026. Berdasarkan klasemen medali di situs resmi Asian Games 2026, Indonesia juga telah mengumpulkan 7 perak dan 20 perunggu. Dengan demikian, total koleksi Merah Putih mencapai 32 medali. Emas Nurisa menjadi tambahan terbaru Indonesia pada Kamis (1/10/2026). Sebelumnya, Merah Putih telah mengamankan medali emas dari bulutangkis, angkat besi, dan panjat tebing. Dengan tambahan emas dari Nurisa, Indonesia kini berada di posisi ke-13 klasemen medali Asian Games 2026. | INDONESIA | | Perolehan Medali Indonesia | | INDONESIA | INDONESIA | Peringkat Asia | | #13 | | Juara Olahraga Asia 2026 | | 5 | | Emas | | 7 | | Perak | | 20 | | Perunggu | | 32 | | Total Medali | (krs/krs)",183
87,sport,https://sport.detik.com/raket/d-8687095/sempat-kasih-kode-jam-usai-raih-emas-beregu-ini-kata-alwi-farhan,"Alwi Farhan memberikan respons soal selebrasi menunjuk pergelangan tangan yang dilakukan tim bulutangkis beregu putra Indonesia saat pengalungan medali emas Asian Games 2026. Gestur tersebut sempat dikaitkan dengan kode jam Rolex. Alwi dan kawan-kawan baru saja mengukir sejarah di Asian Games 2026. Tim beregu putra Indonesia meraih medali emas setelah tampil impresif saat menghadapi China di babak final. Indonesia sempat tertinggal 0-2 setelah Jonatan Christie dan pasangan Fajar Alfian/Muhammad Shohibul Fikri gagal menyumbangkan poin pada dua partai awal. Namun, Alwi yang turun di partai ketiga berhasil mengalahkan Li Shi Feng dalam pertarungan tiga gim dengan skor 23-21, 15-21, 21-16. Momentum tersebut kemudian dilanjutkan Leo Rolly Carnando/Daniel Marthin. Moh. Zaki Ubaidillah kemudian menyempurnakan comeback Indonesia dengan kemenangan pada partai kelima. Tim Merah Putih menang 3-2 atas China dan berhak membawa pulang medali emas. Keberhasilan tim beregu putra meraih emas tak hanya menjadi pembuka keran medali emas Indonesia, tetapi juga mengukir sejarah bagi bulutangkis di Asian Games. Sebab, 28 tahun lamanya bulutangkis Indonesia belum kembali meraih gelar juara dari nomor beregu putra di pesta olahraga terbesar di Asia tersebut. Kemenangan itu pun mendapat sorotan masyarakat Indonesia. Termasuk selebrasi yang dilakukan Alwi, Ubed, Fajar Alfian, Muhammad Shohibul Fikri, Jonatan Christie, Muhammad Yusuf, Leo Rolly Carnando, Daniel Marthin, Nikolaus Joaquin, hingga Amri Syahnawi. Mereka kompak menunjuk pergelangan tangan. Selebrasi tersebut kemudian viral di media sosial dan dikaitkan dengan jam Rolex. Momen serupa bahkan sempat akan dilakukan Alwi dan kawan-kawan setibanya di Tanah Air, tetapi urung dilakukan. Rolex sempat menjadi topik utama warganet pada Juni tahun lalu. Presiden Prabowo Subianto menghadiahi para pemain Timnas Indonesia sebuah jam Rolex setelah mereka lolos ke putaran keempat Kualifikasi Piala Dunia 2026 Zona Asia. ""Ya, pastinya kita semua bermain bukan karena apa pun itu. Tapi ketika sudah mendapatkan itu semua, saya rasa kita semua atlet Indonesia layak diapresiasi, tanpa menyudutkan siapa dari cabang olahraga apa pun,"" kata Alwi setibanya di Jakarta, Rabu (30/9/2026) malam WIB. ""Ya, siapa yang memberikan prestasi yang terbaik di Indonesia dan ya menurut saya itu yang deserve untuk mendapatkan hal yang sama. Sama yang... ya, yang kita tahu,"" lanjutnya. detikSport kemudian menanyakan respons Menpora Erick Thohir soal kode atlet-atlet bulutangkis mengenai jam Rolex tersebut. Erick menjawabnya sambil bergurau, bagaimana jika bonus Rp3 miliar ditukar dengan Rolex? Alwi menolak gagasan tersebut. ""Aduh... Enggak lah, pastinya. Duitnya saja enggak apa-apa hahahaha."" Di Asian Games 2026, selain meraih emas beregu, atlet berusia 21 tahun itu juga meraih medali perunggu di nomor perorangan. Alwi terhenti di semifinal setelah kalah dari wakil Thailand, Kunlavut Vitidsarn. Lantas, seperti apa Alwi akan menggunakan apresiasi yang diperolehnya? ""Belum tahu ya. Enggak kepikiran juga mau dibuat apa, cuma bisa menjadikan motivasi. Ya, pastinya diinvestasikan buat masa depan, berbagi kepada yang membutuhkan. Dan ya pastinya kita enggak tahu apa menjadi kebutuhan saya,"" ungkap juara Indonesia Masters 2026 ini. ""Saya masih 21 tahun, belum punya tanggungan yang seperti apa juga, masih tinggal di asrama, dan enggak punya transportasi. Saya merasa hidup saya masih amat-amat cukuplah, alhamdulillah. Jadi, ya saya enggak tahu. Pastinya cukup investasikan untuk masa depan,"" tuturnya. Peraih medali emas SEA Games 2025 itu juga bakal mewujudkan nazar yang sudah ia ucapkan sebelum berangkat ke Asian Games. ""Ya, ada nazar untuk berbagi lah kepada orang-orang yang membutuhkan. Apalagi kepada karyawan-karyawan yang ada di PBSI karena mereka yang sehari-hari bersama, membantu kita. Meski yang milah-milih sampah, yang bersihin jalanan, semua itu adalah kunci kesuksesan dari semua atlet yang bertanding di Asian Games dan atlet semuanya,"" kata Alwi. (mcy/krs)",572
88,sport,https://sport.detik.com/sport-lain/d-8687041/indonesia-masih-punya-kans-tambah-emas-menpora-semoga-kejutan-berlanjut,"Menpora Erick Thohir berharap kejutan medali emas Asian Games 2026 untuk Indonesia bisa terus berlanjut. Tim Merah Putih masih punya kans menambah medali emas dari panjat tebing dan esports. Indonesia saat ini sudah mengantongi empat medali emas dari bulutangkis, angkat besi, dan panjat tebing. Empat emas tersebut berasal dari dua emas bulutangkis, satu emas angkat besi, dan satu emas panjat tebing. Jumlah itu juga sejatinya sudah sesuai dengan target awal yang disepakati pemerintah, dalam hal ini Kemenpora, Komite Olimpiade Indonesia (KOI), serta Chef de Mission Indonesia. Namun, Indonesia masih berpeluang menambah pundi-pundi medali emas. Tercatat ada dua nomor yang lolos ke babak final, yakni nomor speed putra panjat tebing melalui Aditya Tri Syahria dan Veddriq Leonardo, serta timnas Mobile Legends dari cabang esports. Mereka semua akan bertanding Kamis (1/10/2026). Menatap dua peluang medali emas tambahan tersebut, Erick berharap kejutan bisa terus berlanjut. Ia juga mengimbau atlet-atlet Indonesia untuk bertempur secara maksimal di waktu yang tersisa sebelum Asian Games ditutup pada 4 Oktober mendatang. ""Ya, Bismillah. Saya terima tambahan satu (medali emas), saya terima tambahan dua, saya terima tambahan tiga. Yang terbaik,"" ucap Erick saat menyambut kepulangan tim bulutangkis dan angkat besi di Jakarta, Rabu (30/9/2026) malam WIB. ""Mudah-mudahan para atlet yang masih ada di Asian Games berjuang sampai titik terakhir, habis-habisan,"" ujarnya. Erick sangat menekankan hal itu karena apresiasi dari pemerintah cukup besar. Peraih medali emas perorangan mendapat bonus Rp3 miliar, sementara perhitungan untuk nomor ganda dan beregu berbeda. ""Sayang kalau yang individu tiga medali emas, sayang. Tetapi untuk beregu hitungannya beda, yang dobel hitungannya beda, tetapi tetap besar. Jadi, ditabung,"" tutur eks Menteri BUMN itu. ""Jadi atlet yang masih berjuang, apalagi sudah masuk final, berikan habis-habisan buat dirinya, buat keluarganya, dan tentu buat bangsa. Sayang, uangnya besar. Mudah-mudahan kita ada kejutan-kejutan lain selain yang hari ini,"" tegas Erick. | INDONESIA | | Perolehan Medali Indonesia | | INDONESIA | INDONESIA | Peringkat Asia | | #13 | | Juara Olahraga Asia 2026 | | 4 | | Emas | | 7 | | Perak | | 20 | | Perunggu | | 31 | | Total Medali | (mcy/krs)",350
89,sport,https://sport.detik.com/sportstyle/d-8686174/fia-rallycross-world-cup-hadir-di-ancol-ini-keseruan-yang-bisa-disaksikan,"Pecinta rallycross punya agenda baru yang bisa masuk kalender akhir tahun. FIA Rallycross World Cup Indonesia 2026 akan hadir di Ancol Rallycross Circuit Jakarta pada 5-6 Desember 2026. Selama dua hari, penonton bisa menyaksikan langsung aksi pembalap rallycross dunia, balapan pendukung dari Indonesia, hingga berbagai hiburan di area festival. Jadi, pengalaman yang ditawarkan bukan cuma datang, duduk, lalu menonton balapan sampai selesai. Saksikan Aksi Pembalap Dunia di Lintasan Rallycross FIA Rallycross World Cup Indonesia 2026 menghadirkan kelas RX1 dan RX5 sebagai bagian dari kompetisi utama. Pembalap akan beradu cepat di lintasan yang menggabungkan permukaan aspal dan kerikil dengan karakter tikungan yang rapat. Format rallycross juga membuat aksi di lintasan terasa lebih dekat. Mobil bisa saling berdampingan saat melewati tikungan, sementara perubahan permukaan lintasan ikut menjadi tantangan bagi para pembalap. Buat pecinta motorsport yang selama ini mengikuti rallycross dari layar, momen ini bisa jadi kesempatan untuk melihat langsung atmosfer balapan di sirkuit. Ada Indonesia Supporting Race Keseruan tidak berhenti di kelas utama. FIA Rallycross World Cup Indonesia 2026 juga menghadirkan Indonesia Supporting Race yang mempertemukan pembalap lokal di lintasan yang sama. Ajang ini bisa menjadi bagian menarik buat penonton yang ingin melihat aksi pembalap Indonesia secara langsung. Apalagi, mereka akan menghadapi karakter lintasan rallycross yang sama selama gelaran berlangsung. Sekalian Main ke Sarga Festival Selain area balapan, ada Sarga Festival yang menghadirkan hiburan dan aktivitas lain di sekitar acara. Jadi, pengunjung bisa menghabiskan waktu di venue dengan pengalaman yang lebih beragam. Untuk kategori tiket tertentu, termasuk premium dan VIP Hospitality, akses ke Sarga Festival sudah termasuk dalam tiket. Detail fasilitas tiap kategori tiket bisa dicek sebelum melakukan pembelian. Catat Jadwal FIA Rallycross World Cup Indonesia 2026 Kalau sudah tertarik datang, jangan sampai salah tanggal. FIA Rallycross World Cup Indonesia 2026 akan berlangsung selama dua hari dengan detail berikut: - Tanggal: 5-6 Desember 2026 - Hari: Sabtu dan Minggu - Waktu: 10.00-22.00 WIB - Lokasi: Ancol Rallycross Circuit Jakarta, Jakarta Utara - Tiket: Berlaku untuk dua hari dan sudah termasuk tiket masuk Ancol Pilih Spot Nonton Sesuai Pengalaman yang Diinginkan Ada beberapa kategori tiket yang bisa dipilih, mulai dari area berdiri di Red Zone, tribun bernomor, hingga VIP Hospitality. Masing-masing menawarkan pengalaman menonton yang berbeda. Buat pecinta rallycross yang ingin merasakan atmosfer balapan dari dekat, area yang lebih dekat dengan lintasan bisa menjadi pilihan. Sementara itu, tribun bisa dipertimbangkan jika ingin menonton dengan posisi duduk dan pandangan yang lebih terarah ke lintasan. Jadi, kalau sudah lama ingin melihat aksi rallycross secara langsung, inilah saatnya! Cek ketersediaan kursi dan amankan tiketmu sekarang melalui detikevent!",421
90,sport,https://sport.detik.com/sport-lain/d-8686789/ini-kunci-desak-made-rita-raih-emas-asian-games-2026,"Atlet panjat tebing Desak Made Rita Kusuma Dewi sukses meraih emas Asian Games 2026. Lantas apa kunci kemenangannya? Turun di nomor speed putri, atlet asal Bali tersebut menjadi yang tercepat usai mencatatkan waktu 6,062 detik di Nagoya International Exhibition Hall, Rabu (30/9/2026). Catatan tersebut sekaligus memecahkan rekor Asian Games atas namanya sendiri yakni 6,07 detik. Tak hanya itu, medali emas ini sekaligus menjadi yang kedua beruntun buat Desak Made di Asian Games. Sebelumnya, ia juga menjadi juara nomor speed putri pada Asian Games Hangzhou 2022. Perjuangan Desak menuju podium tertinggi tidak berlangsung mudah. Perlombaan sempat mengalami kendala sistem timing yang membuat pertandingan beberapa kali tertunda. Dalam kondisi tubuh dan pikiran yang sudah siap bertanding, ia harus menunggu hingga beberapa waktu lebih lama. ""Lebih ke ikhlas saja sih tadi. Dari sebelumnya saya juga melihat catatan waktu peserta lain. Bagus-bagus, selisihnya kecil. Jadi dari awal saya mencoba manjat dengan ikhlas saja,"" ujar Desak. ""Beberapa kali ada trouble yang lumayan mengganggu karena badan dan pikiran sudah siap. Tiba-tiba ditunda lima menit, kemudian lima menit lagi. Saya lebih mencoba berpikir positif dan mengalihkan pikiran,"" lanjutnya. Selain kendala teknis, Desak juga harus beradaptasi dengan format four-lane yang berbeda dari two-lane. Situasi false start pun membuat perlombaan harus diulang. ""Di sini menggunakan format four-lane, jadi fokusnya lebih tinggi dibandingkan two-lane. Seperti tadi, ketika terjadi false start, kami harus mengulang lagi,"" katanya. Menariknya, Desak mengaku sempat blank setelah melakukan panjatan karena belum mengetahui apakah dirinya menjadi pemenang. ""Masih nge-blank. Saya tidak tahu siapa yang menang. Jadi saya manjat saja, sudah, manjat dengan ikhlas,"" ujarnya. Begitu mengetahui dirinya kembali meraih emas sekaligus memecahkan rekor Asian Games, Desak tak kuasa menahan haru. ""Masih tidak percaya ternyata bisa sampai seperti ini. Rasanya langsung ingin menangis. Bingung juga, tapi sangat bersyukur,"" kata Desak. Ia mempersembahkan keberhasilan tersebut untuk dirinya sendiri, kedua orang tua, rekan-rekan pelatnas, seluruh tim, serta masyarakat Indonesia yang terus memberikan dukungan. ""Untuk masyarakat Indonesia, terima kasih banyak atas doanya. Medali ini untuk kita semua,"" ucapnya. Emas kedua di Asian Games sekaligus rekor baru tersebut menjadi motivasi bagi Desak untuk terus meningkatkan performa. Ia berharap catatan waktunya bisa kembali dipangkas dan menjadi pijakan menuju Olimpiade Los Angeles 2028. ""Semoga bisa menjadi 6,05 detik. Dan ini juga menjadi loncatan untuk menuju Olimpiade Los Angeles 2028,"" tutup Desak. (mcy/raw)",378
91,sport,https://sport.detik.com/sport-lain/d-8686722/profil-desak-made-peraih-emas-keempat-ri-kenal-panjat-tebing-karena-bibi,"Desak Made Rita Kusuma Dewi kembali bikin bangga Indonesia. Ia menjadi atlet tercepat se-Asia setelah mempertahankan medali emasnya di Asian Games 2026 Aichi-Nagoya. Desak bergerak 'secepat kilat' menekan bel waktu, untuk merengkuh kemenangannya pada nomor speed putri, Rabu (30/9/2026). Kemenangan yang semakin istimewa karena atlet asal Bali ini juga mencetak rekor Asian Games dan Asia, pada pesta olahraga empat tahunan edisi ke-20 ini. ""Selamat untuk Desak Made Rita Kusuma Dewi atas rekor Asian Games dan Asia 6,06 detik dan berhasil mengunci emas ke-4 untuk Indonesia,"" tulis akun sosial media federasi. Keberhasilan Desak mewujudkan emas keempat bagi Indonesia tentunya buah dari proses yang tak mudah. Atlet berusia 25 tahun ini melakukan persiapan panjang. ""Dari awal memang mimpi-mimpi kita adalah Asian Games dan Olimpiade. Kami sudah berlatih,"" kata Desak kala itu. Kini, Desak Made menuai usaha dan kerja kerasnya. Ia mengukir tinta emas atas namanya di Asian Games 2026, sekaligus mempertahankan medali emas pada Asian Games edisi sebelumnya. Berkaca dari rentetan prestasi yang dia torehkan. Juara dunia 2023 ini memang membangun mimpinya pelan-pelan. Mengutip detikBali, Desak mengenal cabang olahraga panjat tebing sejak masih usia belia. Kerap mengikuti sang Bibi yang juga atlet panjat tebing ke Taman Kota Singaraja, Desak yang saat itu masih kelas 2 SD, tertarik mencobanya. Sampai akhirnya, dia betul-betul jatuh cinta dengan olahraga memanjat tersebut. ""Dari awal saya ikut olahraga panjat tebing, tidak pernah mencoba olahraga lain dan terus terjun menjadi atlet panjat tebing,"" kata Desak. Adrenalinenya meningkat ketika harus berpacu dengan waktu di papan panjat. ""Yang paling saya sukai dalam olahraga panjat tebing adalah sangat menantang. Karena saya terus dipacu untuk memperkecil waktu pemanjatan,"" ujarnya. Hasilnya pun terbukti. Desak tak hanya menjadi atlet putri tercepat di Tanah Air, tapi juga level Asia. Sebelum berjaya di Asian Games, ia bahkan sudah mencetak berbagai prestasi. Emas di pesta olahraga pantai Asia di Sanya 2026, juara Asia di Meishan 2026, tiga emas di tiga seri Piala Dunia Krakow 2025 dan 2026, serta Chamonix 2026. Selain itu, dia juga tercatat sebagai juara dunia di Bern pada tahun 2023, dan juara di pesta olahraga dunia yang bergulir di Chengdu, pada tahun lalu. (mcy/raw)",350
92,sport,https://sport.detik.com/raket/d-8686185/gacor-di-asian-games-leo-daniel-kini-bidik-tur-eropa,"Emas Asian Games 2026 bukan titik akhir bagi Leo Rolly Carnando/Daniel Marthin. Mereka membidik target selanjutnya di tur Eropa. Leo/Daniel menjadi salah satu pebulutangkis yang sukses mengawinkan medali emas nomor beregu putra dan individu di cabang olahraga bulutangkis Asian Games 2026. Performa impresif itu menjadi kebanggaan tidak hanya bagi kontingen Indonesia, tapi mereka pribadi. Namun, Leo/Daniel sadar tak bisa terus terlena dengan pesta emas di Auchi-Nagoya. Mereka harus kembali menjaga kondisi dan berlatih guna persiapan mengikuti turnamen-turnamen selanjutnya. ""Kami rencana istirahat satu-dua hari, dan kemudian harus latihan lagi,"" ujar Leo. Menilik kalender BWF, Leo/Daniel tercatat terdaftar dalam tiga tur Eropa. Antara lain, Denmark Open mulai 13-18 Oktober, French Open (20-25 Oktober), dan Hylo Open (27 Oktober-1 November). ""Pertandingan ke depan untuk badminton masih banyak, jadi tur BWF-nya. Untuk menuju yang lebih baik lagi, pastinya kita harus latihan lebih giat lagi, harus menjaga konsisten,"" katanya. Sementara itu, Kabid Binpres PP PBSI, Eng Hian, mengatakan keberhasilan Leo/Daniel menjadi bagian dari proses regenerasi yang tengah dijalankan PBSI. Ia mengatakan program regenerasi merupakan salah satu program utama kepengurusan PBSI saat ini. Dalam waktu sekitar satu tahun sembilan bulan, menurutnya sudah mulai terlihat perkembangan dari program tersebut. ""Seperti yang disampaikan oleh ketua umum, program utama di kepengurusan ini kan proses regenerasi. Sehingga paling tidak dari waktu satu tahun sembilan bulan ini, kita sudah melihat ada progres,"" kata Eng Hian. Ia mengakui proses tersebut belum tentu langsung memenuhi seluruh ekspektasi masyarakat. Namun, hasil yang diraih di Asian Games menjadi salah satu indikator perkembangan yang sedang berjalan. ""Tentu tidak bisa memuaskan ekspektasi semua masyarakat. Tapi dari hasil pencapaian hari ini, kita sudah bisa melihat apa yang dilakukan oleh PBSI sudah cukup melakukan program regenerasi,"" ujarnya. (mcy/cas)",279
93,sport,https://sport.detik.com/sport-lain/d-8686648/asian-games-2026-desak-made-raih-emas-keempat-untuk-indonesia,"Atlet panjat tebing Desak Made Rita Kusuma Dewi mempersembahkan emas keempat bagi Indonesia. Desak juga mengukir rekor Asian Games dan Asia! Desak Made Rita Kusuma Dewi bertanding di nomor speed putri Asian Games 2026, dalam perlombaan di Portmesse Nagoya Exhibition Hall 1, Rabu (30/9/2026) malam WIB. Di final, atlet asal Bali itu mengalahkan Deng Lijuan dari China Deng Lijuan dan Jeong Jimin dari Korea Selatan. ""Desak Made Rita raih emas keempat untuk Indonesia,"" tulis akun sosial media Tim Indonesia. Desak mengukir waktu 6,062 detik, yang menjadi rekor Asian Games dan Asia. Adapun Deng mencatatkan 6,064 detik dan Jimin 6,18 detik. Hasil ini sekaligus menandai keberhasilan atlet 25 tahun itu mempertahankan medali emas. Sebelumnya ia juga memenagi emas pada Asian Games 2022 di Hangzhou. Dengan demikian, Indonesia saat ini sudah memenuhi target empat emas yang dicanangkan pemerintah. Tiga emas sebelumnya dipersembahkan bukutangkis melalui beregu putra dan ganda putra Leo Rolly Carnando/Daniel Marthin. Kemudian satu emas juga didapat dari angkat besi melalui Rahmat Erwin Abdullah di kelas 75kg. | INDONESIA | | Perolehan Medali Indonesia | | INDONESIA | INDONESIA | Peringkat Asia | | #13 | | Juara Olahraga Asia 2026 | | 4 | | Emas | | 7 | | Perak | | 20 | | Perunggu | | 31 | | Total Medali | (mcy/raw)",217
94,sport,https://sport.detik.com/sport-lain/d-8686152/panjat-tebing-buru-medali-yenni-wahid-aditya-atau-veddriq-yang-penting-emas,"Panjat tebing Indonesia membidik medali emas di Asian Games 2026, termasuk dari dua wakil di sektor putra. Ketua Umum PP Federasi Panjat Tebing Indonesia (FPTI) Yenni Wahid tak mempermasalahkan siapa yang nantinya menjadi juara, Aditya Tri Syahria atau Veddriq Leonardo. Yang terpenting, menurut Yenni, Merah Putih membawa pulang emas. Empat atlet Indonesia telah lolos ke putaran final nomor speed empat jalur, yakni Aditya, Veddriq, Desak Made Rita Kusuma Dewi, dan Berthdigna Devi Surya Kusuma. Aditya bahkan mencetak rekor Asian Games dengan waktu 4,62 detik pada babak kualifikasi, Rabu (30/9). Veddriq juga melaju setelah mencatat waktu 4,78 detik. Sementara Desak dan Berthdigna lebih dulu mengamankan tiket putaran final sehari sebelumnya. Yenni bersyukur melihat performa para atlet Indonesia dan berharap hasil tersebut berlanjut menjadi medali emas. ""Sangat bersyukur bahwa atlet kita baik putra maupun putri tetap menunjukkan kekuatan yang luar biasa dengan catatan waktu yang luar biasa. Dan tentunya kami berharap untuk final speed putri, kita bisa mendapat medali. Kami berharap meraih medali emas,"" kata Yenny dikutip dalam video yang diunggah federasi. Pencapaian Aditya juga menjadi bukti regenerasi panjat tebing Indonesia. Atlet junior itu mampu memecahkan rekor Asian Games yang sebelumnya dipegang Veddriq. ""Salah satu kelebihan dari para atlet panjat tebing Indonesia adalah banyak sekali bibit-bibit yang kita punya. Jadi selain atlet senior bahkan salah satunya atlet sudah berlaga di Olimpiade dan raih emas, tapi atlet junior juga menunjukkan kemampuan yang tak kalah, bahkan catatan waktunya melebihi senior-seniornya,"" ujarnya. Karena itu, Yenni tak ingin terlalu mempersoalkan siapa yang nantinya berdiri di podium tertinggi dari sektor putra. Ia hanya ingin ada atlet Indonesia yang membawa pulang emas. ""Tentu ini menjadi sebuah hal yang kami syukuri dan pertahankan prestasinya. Semoga atlet Indonesia bisa mendapat medali, apakah Veddriq atau Aditya tidak masalah, yang penting Indonesia pulang bawa medali emas."" ""Syukur-syukur setiap nomor kita mendapat medali apapun itu. Jadi podiumnya ada Indonesia ada di sana,"" kata Yenny. Yenni pun meminta masyarakat Indonesia memberikan dukungan dan doa kepada para atlet yang masih berjuang di Asian Games 2026. ""Ya, kami memohon doa dari seluruh masyarakat, semoga kita bisa menang pertandingan hari ini,"" ucap Yenny. (mcy/krs)",347
95,sport,https://sport.detik.com/sportstyle/d-8686158/mau-nonton-fia-rallycross-world-cup-indonesia-ini-cara-pilih-spotnya,"Bingung pilih tiket FIA Rallycross World Cup Indonesia 2026 karena belum tahu enaknya nonton dari mana? Buat yang baru pertama kali datang, pilihan spot bisa disesuaikan dengan pengalaman yang dicari, mulai dari dekat dengan aksi sampai area yang lebih nyaman dan eksklusif. Mau Dekat Lintasan atau Lihat dari Jauh? Buat yang ingin merasakan suasana balapan dari dekat, General Admission serta Grandstand C dan D bisa jadi pilihan. Ketiganya berada di Red Zone, area dalam sirkuit yang cukup dekat dengan aksi balapan. Sementara itu, Grandstand A dan B cocok buat yang lebih nyaman duduk sambil menikmati jalannya balapan. Area ini punya pandangan yang bagus ke jump zone, jadi momen menikmati aksi mobil melompat bisa terlihat lebih jelas. Ada juga Grandstand E, F, dan G yang mengarah ke Turn 1. Dari sini, penonton bisa melihat jalannya balapan di tikungan sekaligus momen ketika para pembalap mencoba saling menyalip. Jumlah kursinya terbatas dan tiketnya sudah termasuk akses ke Sarga Festival. Ingin Nonton dengan Fasilitas Lebih Lengkap? Kalau ingin pengalaman yang lebih eksklusif, tersedia tiga pilihan VIP Hospitality, yaitu Deluxe, Lifestyle, dan Sarga RX. Masing-masing punya area dan pemandangan yang berbeda. VIP Deluxe berada di lounge dua lantai atau double-deck yang kapasitasnya dibatasi hingga 250 orang. Area ini punya pemandangan eksklusif ke joker lap. Sementara itu, VIP Lifestyle punya teras outdoor dengan pemandangan ke jump zone dan Turn 2. Untuk yang ingin merasakan suasana balapan lebih dekat dengan aktivitas tim, ada Sarga RX yang berada di area paddock. Ketiga pilihan VIP ini dilengkapi fasilitas seperti akses masuk VIP, makanan dan minuman, makan siang prasmanan, akses paddock, hingga akses ke Sarga Festival. Toilet privat juga tersedia untuk pemegang tiket VIP. Jangan Sampai Salah Catat Jadwalnya FIA Rallycross World Cup Indonesia 2026 akan digelar selama dua hari di Ancol Rallycross Circuit Jakarta. Berikut detail acaranya: - Hari: Sabtu dan Minggu - Tanggal: 5 dan 6 Desember 2026 - Waktu: 10.00-22.00 WIB - Lokasi: Ancol Rallycross Circuit Jakarta, Jakarta Utara Buat yang baru pertama kali nonton rallycross, Grandstand A dan B bisa dipertimbangkan kalau ingin duduk dengan pandangan yang cukup luas ke area jump zone. Sementara itu, pilihan lain bisa disesuaikan dengan pengalaman yang ingin didapat. Menariknya, tiket berlaku untuk dua hari sekaligus dan sudah termasuk tiket masuk Ancol. Jadi, tinggal pilih area yang paling sesuai. Amankan kursi kamu untuk menonton keseruannya melalui detikevent!",386
96,sport,https://sport.detik.com/sport-lain/d-8686395/olahraga-yang-digandrungi-gen-z-dari-lari-hingga-workout,"Olahraga kini tak hanya menjadi aktivitas untuk menjaga kebugaran. Bagi Generasi Z (Gen Z), olahraga juga menjadi bagian dari gaya hidup, seiring meningkatnya kesadaran terhadap kesehatan fisik dan mental. Berdasarkan data Badan Pusat Statistik (BPS) tahun 2023, jumlah Gen Z di Indonesia mencapai 74,93 juta jiwa atau 27,94% dari total populasi. Gen Z sendiri adalah mereka yang lahir pada 1997 hingga awal 2012, generasi yang tumbuh di era digital sehingga pola hidup dan pilihan gaya hidupnya banyak dipengaruhi perkembangan teknologi. Lantas, olahraga apa saja yang banyak digemari Gen Z saat ini? Berikut lima di antaranya. 1. Lari Lari menjadi salah satu olahraga yang banyak dilakukan Gen Z. Selain mudah dilakukan dan tidak membutuhkan banyak peralatan, lari kerap dipilih sebagai aktivitas untuk menjaga kebugaran sekaligus melepas penat. Berdasarkan laporan tren olahraga GoodStats sepanjang 2023, lari menjadi aktivitas olahraga yang paling banyak dibagikan Gen Z di media sosial. Sebanyak 69% konten olahraga yang dibagikan Gen Z berkaitan dengan aktivitas lari. Fenomena lari juga berkembang menjadi bagian dari gaya hidup. Berbagai komunitas lari bermunculan dan kegiatan lari bersama menjadi salah satu cara anak muda berolahraga sekaligus bersosialisasi. 2. Bersepeda Bersepeda tetap menjadi pilihan olahraga favorit meski tidak sepopuler lari. Aktivitas ini digemari karena bisa dilakukan secara santai, cocok untuk rekreasi, sekaligus menyehatkan jantung dan paru-paru. 3. Gym dan Strength Training Olahraga angkat beban semakin diminati Gen Z karena manfaatnya yang besar bagi peningkatan massa otot. Latihan ini juga dinilai baik untuk postur tubuh dan kesehatan metabolik. 4. Padel Padel merupakan olahraga raket yang memadukan tenis dan squash, kini menjadi tren baru di kota-kota besar. Olahraga ini populer karena mudah dimainkan, menyenangkan, dan cocok untuk aktivitas sosial bersama teman. 5. Badminton Badminton masih menjadi olahraga favorit lintas generasi. Gen Z memilih badminton karena akses lapangan yang mudah, permainan yang cepat membakar kalori, dan sifatnya yang kompetitif namun tetap ramah bagi pemula. Itulah lima olahraga yang banyak digemari Gen Z, mulai dari lari, bersepeda, gym, padel hingga badminton. Pilihan olahraga tentu dapat disesuaikan dengan minat, kondisi fisik, serta aktivitas masing-masing. (akn/ega)",336
97,sport,https://sport.detik.com/sport-lain/d-8686257/bintang-sofyan-tantang-tuan-rumah-jepang-di-semifinal-asian-games-2026,"Bintang/Sofyan mengalahkan Song Jinyang/Wang Yanwei pada babak perempatfinal, Rabu (30/9/2026). Mereka menang dua set langsung dengan skor 21-19 dan 21-18. Pelatih tim voli pantai putra Indonesia Andi Ardiansyah memuji penampilan Bintang/Sofyan yang mampu tampil maksimal menghadapi pasangan China. Meski sempat mendapat tekanan dari servis tajam lawan, keduanya mampu menjaga permainan hingga mengamankan kemenangan. ""Anak-anak bisa main dengan maksimal, sekalipun tadi sesekali sempat kelabakan kena servis lawan yang tajam,"" kata Andi dalam keterangannya melalui federasi. Di semifinal, tantangan Bintang/Sofyan semakin berat. Mereka akan menghadapi pasangan Jepang Taito Mizumachi/Kota Kurosawa. Mizumachi/Kurosawa melaju ke semifinal setelah mengalahkan pasangan China Wu Jiaxin/Zhou Chaowei dalam pertandingan tiga set, 19-21, 21-13, dan 15-12. Menghadapi wakil tuan rumah, Andi berharap Bintang/Sofyan kembali mampu menjaga fokus dan tampil lepas. Ia juga berharap pertandingan semifinal berjalan lancar bagi anak asuhnya. ""Bismillah, semoga anak-anak besok lawan Jepang diberi kelancaran,"" ujarnya. (mcy/krs)",141
98,sport,https://sport.detik.com/raket/d-8685869/fajar-alfian-akhiri-kiprah-di-asian-games-kini-fokus-olimpiade-2028,"Fajar Alfian memastikan Asian Games 2026 menjadi penampilan terakhirnya di ajang olahraga se-Asia itu. Setelah tiga kali tampil di Asian Games, Fajar kini mengalihkan fokus ke Olimpiade Los Angeles 2028. Pebulutangkis ganda putra Indonesia menutup kiprahnya di Asian Games 2026 dengan medali perunggu bersama Muhammad Shohibul Fikri. Langkah mereka terhenti di semifinal setelah kalah dari pasangan China, Liang Wengkeng/Wang Chang, dengan skor 17-21, 21-13, 9-21, Senin (28/9). Setelah pengalungan medali, Fajar mengungkapkan keinginannya untuk tidak lagi tampil di Asian Games pada edisi berikutnya. Juara All England dua kali itu juga mengunggah sejumlah foto dan menuliskan pesan perpisahan melalui akun media sosialnya. ""Satu lagi medali untuk dikenang. Bukan akhir yang saya bayangkan, tapi tetap sebuah perjalanan yang saya syukuri. Selamat untuk Leo/Daniel atas medali emasnya. Indonesia bangga melihat perjuangan teman seperjuangan berbuah manis,"" tulis Fajar. ""Dan ini adalah Asian Games terakhir saya. Setelah melewati berbagai generasi dari 2018-2022-2026. Saya memilih menutupnya dengan syukur karena setiap langkah, setiap jatuh, dan setiap perjuangan telah menjadi bagian indah dari perjalanan ini."" Selama tiga kali mengikuti Asian Games, Fajar telah mengoleksi satu medali emas, dua perak, dan satu perunggu. Emas diraih Fajar pada nomor beregu putra Asian Games 2026. Sementara dua medali perak didapat pada nomor beregu dan individu Asian Games 2018. Adapun medali perunggu diraih bersama Fikri pada nomor ganda putra Asian Games 2026. Pada Asian Games 2022, Fajar hanya melaju hingga babak perempatfinal. Fajar juga menyampaikan apresiasinya kepada Fikri yang telah berjuang bersamanya di lapangan. ""Terima kasih juga buat partner di lapangan saya Shohibul Fikri yang telah berjuang bersama,"" tuturnya. Setelah memutuskan tidak akan tampil lagi di Asian Games, Fajar kini menetapkan Olimpiade Los Angeles 2028 sebagai target jangka panjang. Pada Olimpiade Paris 2024, Fajar yang saat itu masih berpasangan dengan Muhammad Rian Ardianto terhenti di babak perempatfinal. ""Sekarang target panjangnya menatap Olympic Los Angeles 2028,"" tutupnya. (mcy/krs)",305
99,sport,https://sport.detik.com/sport-lain/d-8685852/aditya-cetak-rekor-asian-games-4-atlet-panjat-tebing-ri-ke-putaran-final,"Empat atlet Indonesia lolos ke putaran final nomor speed empat jalur panjat tebing Asian Games 2026. Aditya Tri Syahria bahkan mencetak rekor Asian Games dalam babak kualifikasi. Aditya menjadi yang tercepat pada kualifikasi speed putra yang berlangsung di Portmesse Nagoya Exhibition Hall, Jepang, Rabu (30/9). Ia membukukan waktu 4,62 detik sekaligus memecahkan rekor Asian Games sebelumnya. Rekor tersebut sebelumnya dipegang rekan senegaranya, Veddriq Leonardo, dengan catatan 4,95 detik yang dibuat pada Asian Games Hangzhou 2022. Aditya sempat mencatat 4,74 detik pada kesempatan pertama dan kembali membukukan 4,70 detik pada kesempatan ketiga. Setelah sempat dinyatakan false start pada kesempatan kedua, Aditya akhirnya mencatat waktu 4,62 detik pada kesempatan keempat. Catatan tersebut mengantarkan Aditya sebagai pemuncak kualifikasi. Sementara itu, Veddriq menempati posisi kelima dengan waktu terbaik 4,78 detik. Dengan hasil tersebut, Aditya dan Veddriq melengkapi dua wakil Indonesia yang lebih dulu lolos dari sektor putri, yakni Desak Made Rita Kusuma Dewi dan Berthdigna Devi Surya Kusuma. Desak mengakhiri kualifikasi speed putri di posisi ketiga dengan catatan waktu 6,29 detik. Berthdigna berada di peringkat kelima dengan 6,49 detik. Keduanya lolos ke putaran final setelah kualifikasi yang berlangsung Selasa (29/9). Posisi teratas ditempati atlet China Lijuan Deng dengan waktu 6,23 detik, yang sekaligus menjadi rekor Asian Games. Jimin Jeong dari Korea Selatan berada di posisi kedua dengan 6,25 detik. Ketua Umum PP Federasi Panjat Tebing Indonesia (FPTI) Yenni Wahid mengatakan hasil tersebut masih sesuai dengan harapan. ""Kita berharap, pada final speed putri malam ini (Rabu), kita bisa mendapatkan medali. Mudah-mudahan kita bisa mendapat medali emas,"" ujarnya dalam pernyataan yang diterima detikSport. ""Kita punya banyak stok baik senior yang salah satunya tampil dan dapat medali Olimpiade, dan juga junior yang catatan waktunya melebihi atlet senior,"" imbuhnya. Pada putaran final speed putri, Berthdigna akan berada di heat kedua. Ia menghadapi Eilin Tan dari Singapura, Yafei Zhou dari China, dan Adeliya Utesheva dari Kazakhstan. Sementara itu, Desak berada di heat keempat. Dia akan bersaing dengan Tamara Ulzhabayeva dari Kazakhstan, Hanareum Sung dari Korea Selatan, dan Jeanette Frances Koh dari Singapura. Untuk sektor putra, babak final akan berlangsung Kamis (1/10). Aditya berada di heat pertama perempat final dan akan menghadapi Jinyong Jo dari Korea Selatan, Shuto Fujino dari Jepang, serta Chi Fung Au dari Hong Kong. Veddriq menempati heat kedua dan akan bersaing dengan Amir Maimuratov serta Damir Toktarov dari Kazakhstan, dan Ezell Qing Wei Low dari Singapura. Empat atlet Indonesia tersebut kini menjadi tumpuan Merah Putih untuk meraih medali dari nomor speed empat jalur Asian Games 2026. (krs/cas)",411
100,sport,https://sport.detik.com/sport-lain/d-8685441/ini-hasil-balap-gokar-antarpelajar-avenue-racing-series,"Selesai sudah gelaran balap gokar bergengsi antarpelajar, Avenue Racing Series. Berikut daftar para pemenangnya. Avenue Racing Series (ARS) 2026 yang didukung penuh oleh By.U resmi berakhir sukses di Kart.inc, Entertainment District PIK 2, akhir pekan kemarin. Ini jadi sejarah karena merupakan kejuaraan motorsport pertama di Indonesia yang murni digagas, dikelola, dan diikuti oleh pelajar SMA (Built by Students, for Students). Persaingan sengit babak puncak Final A menyajikan aksi adu kecepatan luar biasa selama 14 lap. Mahardiga Zildham P tampil sebagai juara utama (ARS Champion) setelah memimpin balapan secara dominan dengan catatan waktu terbaik (Best Lap) 49,196 detik. ""Jujur senang dan bangga banget bisa juara disini. Apalagi event ini diselenggarakan oleh anak-anak SMA, ya teman-teman seumuran. Hebat kalian. Jadi event ini bisa ikut mengurangi balap liar yang selama ini lebih banyak diikuti anak-anak SMA. Lebih baik balapan disini kan. Terima kasih buat ARS, by.U dan anak-anak SMA yang udah bikin event sekeren ini,"" ujar Mahardiga dalam rilis kepada detikSport. Keberhasilan ARS 2026 membuktikan kalau generasi muda tak hanya lihai di atas sirkuit, tapi juga mampu mengeksekusi ajang motorsport berstandar profesional. Seluruh kepanitiaan yang diisi oleh pelajar SMA sukses menyajikan kompetisi yang aman, teratur, dan sportif. Ajang ini sekaligus menjadi wadah positif untuk mengalihkan potensi ketertarikan anak muda pada kecepatan dari aksi balap liar ke lintasan resmi yang terarah. Tentu saja ini jadi pelajaran berarti bagi para pelajar SMA, bagaimana memegang sebuah event atau pertandingan langsung. Keterlibatan by.U sebagai mitra utama menjadi elemen kunci di balik suksesnya acara ini. Sebagai brand yang dekat dengan gaya hidup digital anak muda, by.U membuktikan komitmen nyatanya dalam mendampingi dan mewadahi passion Gen Z di bidang motorsport. ""Kami sangat bangga dan terharu melihat antusiasme teman-teman pelajar. ARS 2026 membuktikan bahwa anak SMA bisa membuat wadah balap yang aman dan profesional. Dukungan penuh dari by.U menjadi alasan utama acara ini berjalan sukses dan menjadi pintu masuk nyata bagi kami para pelajar menuju dunia balap profesional,"" ujar Kimi Rae selaku Ketua Panitia Avenue Racing Series 2026. Hasil Resmi Main Final A - Avenue Racing Series 2026 1. Juara 1 Mahardiga Zildham P. (14 Lap | Best Lap: 49,196 detik) 2. Runner-up Muhammad Rasya Rad (14 Lap | Gap: +10,742s | Best Lap: 49,980 detik) 3. Posisi 3 Carlen Yaqzan (14 Lap | Gap: +11,890s | Best Lap: 49,875 detik) 4. Posisi 4 Muhammad Khalif Br (14 Lap | Gap: +12,976s | Best Lap: 49,403 detik)* 5. Posisi 5 Senninha Ghaniy Sem (14 Lap | Gap: +19,574s | Best Lap: 50,222 detik) 6. Posisi 6 Michael Alan Sarkiss (14 Lap | Gap: +31,203s | Best Lap: 50,785 detik) 7. Posisi 7 Aditya Rizky Taufiqui (14 Lap | Gap: +37,605s | Best Lap: 51,043 detik) 8. Posisi 8 Ali Eugene Junianto (14 Lap | Gap: +40,320s | Best Lap: 51,008 detik) | Baca juga: Juara KPL Season 2 Akan Dikirim ke Finlandia | (mrp/adp)",474
101,finance,https://finance.detik.com/berita-ekonomi-bisnis/d-8695599/warga-desil-1-sampai-4-dapat-beras-10-kg-bulan,"Sebanyak 33,2 juta warga bakal mendapat bantuan beras dari pemerintah. Total beras yang disiapkan mencapai 1 juta ton, menyasar kelompok masyarakat desil 1 hingga 4. Menteri Koordinator Bidang Pangan Zulkifli Hasan (Zulhas) mengatakan bantuan tersebut menjadi bagian dari upaya pemerintah menjaga pemenuhan kebutuhan pangan masyarakat berpenghasilan rendah, terutama kebutuhan beras. ""Jadi kami siapkan bantuan beras 1 juta ton atau 1 miliar kilogram untuk 33,2 juta penerima,"" ujar Zulhas saat memonitor penyaluran bantuan pangan periode Oktober-Desember 2026 di Kota Kendari, Provinsi Sulawesi Tenggara (Sultra), dilansir dari Antara, Selasa (6/10/2026). Zulhas menjelaskan, langkah ini diambil untuk menumbuhkan rasa optimisme di tengah masyarakat seiring mulai merangkaknya harga beras, serta menindaklanjuti arahan presiden. Kebijakan tersebut telah dilaporkan kepada Presiden dan mendapatkan persetujuan melalui surat resmi dari Menteri Sekretaris Negara. Mengingat bantuan pangan sebelumnya dijadwalkan selesai pada September, pemerintah memutuskan untuk memperpanjang dan menambah penyalurannya. Bansos beras kali ini diberikan 10 kg per bulan selama Oktober, November, dan Desember 2026. ""Teknis penyaluran bantuan ini akan diberikan sebanyak 10 kilogram per bulan untuk jangka waktu tiga bulan, yang akan dirapel sekaligus untuk periode Oktober, November, dan Desember dengan total 30 kilogram per penerima manfaat,"" terang Zulhas. Zulhas meminta Bulog dan pemda segera menyalurkan untuk membantu kebutuhan masyarakat. Apalagi, harga beras premium yang mahal dan sulit karena banyak sawah petani yang gagal panen terdampak musim kemarau. Zulhas juga telah berkoordinasi dengan Menteri Keuangan dan saat ini tinggal menunggu proses pencairan anggaran yang diperkirakan selesai dalam waktu satu hingga dua hari ke depan untuk urusan administrasi. ""Saya kira seminggu dua minggu ini Bulog sudah mulai mendistribusikan seluruh bantuan-bantuan pangan yang saya sebutkan tadi. Ini yang pertama yang darurat, Pak. Ini kategorinya darurat karena musim kemarau,"" ungkapnya. Selain itu, ia juga mengingatkan pentingnya sektor pertanian dan pangan bagi kesejahteraan masyarakat luas, serta mengajak para kepala daerah mulai dari gubernur, bupati, hingga wali kota untuk terus mensyukuri dan memprioritaskan sektor tersebut demi menjaga stabilitas pangan di daerah. (ily/hns)",318
102,finance,https://finance.detik.com/berita-ekonomi-bisnis/d-8695597/pegadaian-hadirkan-gadai-bebas-sewa-modal-kredit-cepat-tanpa-bunga,"Perluas akses inklusi keuangan dan memberikan solusi pembiayaan terjangkau bagi masyarakat, Pegadaian menghadirkan inovasi layanan terbaru, Gadai Bebas Sewa Modal. Program ini merupakan kredit cepat, aman dan tanpa bunga. Direktur Pemasaran dan Pengembangan Produk PT Pegadaian (Persero), Selfie Dewiyanti menyampaikan peluncuran Gadai Bebas Sewa Modal merupakan langkah nyata perusahaan dalam mendampingi masyarakat yang membutuhkan solusi finansial cepat dan terpercaya. Selfie menuturkan program Gadai Bebas Sewa Modal dihadirkan sebagai wujud Pegadaian dalam memberikan pengalaman pertama yang ringan dan tanpa beban bagi masyarakat yang belum pernah memanfaatkan layanan gadai. ""Kami memahami kebutuhan dana mendesak maupun tambahan modal kerja mikro sering kali datang tiba-tiba. Dengan bunga 0% dan biaya administrasi yang sangat terjangkau, kami berharap hadirnya program ini dapat mendorong peningkatan inklusi keuangan serta menjadi solusi finansial yang aman bagi seluruh lapisan masyarakat,"" ujar Selfie dalam keterangan tertulis, Selasa (6/10/2026). Program ini resmi berlaku mulai 28 September 2026 di seluruh outlet Pegadaian di Indonesia. Melalui program Gadai Bebas Sewa Modal, masyarakat dapat mencoba transaksi gadai untuk dana darurat maupun modal kerja tanpa dibebani bunga (sewa modal 0%). Inisiatif ini dirancang khusus untuk memberikan kemudahan bagi berbagai lapisan masyarakat, seperti ibu rumah tangga, mahasiswa, pekerja harian lepas, hingga pelaku Usaha Mikro, Kecil, dan Menengah (UMKM). Dalam program ini, Pegadaian menyediakan plafon uang pinjaman mulai dari Rp50.000 hingga Rp1.000.000 (Golongan Pinjaman A dan B1) dengan jangka waktu (tenor) kredit selama 30 hari. Calon nasabah dapat menjaminkan berbagai jenis aset bergerak yang dimiliki, mulai dari emas, gadget, perlengkapan rumah tangga, maupun peralatan usaha. Selain pembebasan sewa modal, biaya administrasi yang dikenakan pun sangat terjangkau, yaitu Rp 2.000 untuk pinjaman Rp 50.000 s.d. Rp 200.000; Rp 5.000 untuk pinjaman Rp 200.001 s.d. Rp 500.000; serta Rp 10.000 untuk pinjaman Rp 500.001 s.d. Rp 1.000.000. Skema Gadai Bebas Sewa Modal berlaku khusus bagi nasabah baru (CIF Baru) yang belum pernah terdaftar atau melakukan transaksi produk pembiayaan di Pegadaian. Setiap nasabah berhak mendapatkan 1 (satu) rekening aktif dalam satu periode kredit. Masyarakat yang ingin memanfaatkan fasilitas pinjaman tanpa bunga ini dapat langsung mengunjungi outlet Pegadaian terdekat di seluruh Indonesia dengan membawa Kartu Tanda Penduduk (KTP) asli dan barang jaminan. Melalui berbagai produk dan layanan, Pegadaian terus berupaya Melayani Sepenuh Hati dan mendukung ekonomi kerakyatan dengan mengusung semangat mengEMASkan Indonesia. (anl/ega)",371
103,finance,https://finance.detik.com/infrastruktur/d-8695412/gardu-pengawas-dibangun-di-190-perlintasan-kereta,"KAI Properti terus mempercepat penyelesaian pembangunan gardu pada 190 titik Jalur Pelintasan Langsung (JPL) yang tersebar di berbagai wilayah. Hingga 4 Oktober 2026, pekerjaan sipil telah berjalan di 188 lokasi atau sekitar 98,95% dari keseluruhan titik yang masuk dalam program pembangunan. Pekerjaan tersebut menjadi kelanjutan dari program peningkatan fasilitas keselamatan di pelintasan sebidang yang dilaksanakan KAI Properti. Selanjuntnya, penyelesaian pembangunan dilanjutkan secara bertahap dengan pemasangan gardu modular serta berbagai fasilitas pendukung sesuai kesiapan masing-masing lokasi. Manager Corporate Communication KAI Properti, Bramantya Candrika, mengatakan bahwa progres di 188 lokasi menjadi bagian penting dalam mengejar penyelesaian keseluruhan titik yang telah ditetapkan. ""Pekerjaan saat ini sudah menjangkau 188 dari 190 lokasi. Fokus kami adalah melanjutkan penyelesaian setiap titik secara bertahap, sehingga gardu beserta fasilitas pendukungnya dapat segera siap digunakan untuk mendukung pengamanan pelintasan sebidang,"" ujar Bramantya dalam keterangan tertulis, Selasa (6/10/2026). Sejumlah lokasi juga telah memasuki tahap pemasangan modular, sementara pekerjaan perlengkapan pendukung seperti rambu, palang, dan alat komunikasi juga berjalan mengikuti kesiapan masing-masing titik JPL. Pengiriman unit modular turut dilakukan secara bertahap ke berbagai wilayah operasional. KAI Properti juga menyiapkan kompetensi personel yang akan bertugas di lapangan. Sebanyak 739 orang dinyatakan lulus sertifikasi kompetensi dan tengah dipersiapkan untuk memasuki tahap pendinasan sesuai kebutuhan masing-masing wilayah. Penyiapan personel tersebut merupakan kelanjutan dari proses rekrutmen, seleksi, pembekalan, hingga sertifikasi yang telah dilakukan sebelumnya. Secara keseluruhan, kebutuhan 748 PJL tersebut disiapkan untuk mendukung 190 titik JPL yang tersebar di 13 wilayah Daop dan Divre KAI. Bramantya menjelaskan, penyelesaian gardu dan kesiapan petugas perlu berjalan beriringan karena keduanya menjadi bagian yang saling berkaitan dalam operasional di pelintasan sebidang. ""Ketika pembangunan gardu dan penyediaan fasilitas pendukungnya selesai, personel yang akan bertugas juga harus berada dalam kondisi siap. Karena itu, percepatan pembangunan kami jalankan bersamaan dengan penyiapan PJL yang telah melalui proses sertifikasi kompetensi, sehingga kesiapan infrastruktur dapat diikuti dengan kesiapan petugas di lapangan,"" jelas Bramantya. Pendinasan PJL nantinya dilakukan setelah hasil sertifikasi dan penempatan akhir personel ditetapkan sesuai kebutuhan wilayah. Dengan demikian, penyelesaian pekerjaan fisik dan penempatan petugas dapat diselaraskan dengan kesiapan setiap lokasi. KAI Properti berkomitmen akan terus melanjutkan pembangunan gardu pada 190 titik JPL beserta fasilitas pendukungnya hingga seluruh titik siap beroperasi. Percepatan pembangunan infrastruktur yang berjalan bersamaan dengan penyiapan personel diarahkan untuk meningkatkan kesiapan pengamanan pelintasan sebidang. (acd/acd)",374
104,finance,https://finance.detik.com/berita-ekonomi-bisnis/d-8695544/bingung-membaca-keuangan-usaha-yuk-pahami-akuntansi-dagang-dan-manufaktur,"Laporan keuangan sudah jadi, lalu apa? Banyak pelaku usaha berhenti di tahap mencatat, padahal analisis laporan keuangan usaha yang menentukan arah keputusan berikutnya, mulai dari harga sampai rencana belanja. Dari Mencatat ke Membaca Angka Bootcamp Accounting #14: Praktik Akuntansi Dagang & Manufaktur dari Piranha Smart Center (PSC) dan Education Visionary Lab (EVL) memasukkan analisis laporan keuangan sebagai satu tahap tersendiri. Pesertanya lebih dulu belajar persamaan dasar akuntansi, pencatatan, dan siklus dagang, mulai dari entry jurnal, buku besar, hingga penyusunan laporan keuangan. Setelah itu ada praktik siklus dagang secara mandiri, sehingga angka yang dibaca berasal dari proses yang dikerjakan sendiri. Tujuannya, kesehatan finansial usaha bisa diproyeksikan lebih akurat dan rapi, lalu dijadikan landasan pengambilan keputusan. Penganggaran untuk Usaha Dagang dan Manufaktur Materi berlanjut ke pengantar akuntansi biaya, sistem pengukuran biaya dan penentuan harga pokok produksi, penganggaran, lalu siklus akuntansi manufaktur. Metodenya berupa pemaparan konsep, demonstrasi langsung, studi kasus, diskusi, dan latihan mandiri dengan file kerja. Seluruhnya berlangsung online interaktif lewat Zoom. Cocok untuk Siapa Program ini direkomendasikan bagi mahasiswa akuntansi, keuangan, dan manajemen, staf keuangan dan administrasi, junior accountant, serta pelaku usaha dan UMKM. Setelah selesai, peserta diharapkan mampu mengolah data keuangan lebih tepat dan akurat serta memahami konsep dasar akuntansi. Jadwal Pelaksanaan - Hari: Senin dan Selasa - Tanggal: mulai 12 Oktober 2026, sebanyak 12 pertemuan - Waktu: 18.30 sampai 20.30 WIB - Lokasi: Online via Zoom Peserta mendapat materi dan file latihan, sesi konsultasi pasca pelatihan, e-sertifikat, serta sertifikat fisik. Daftar lewat detikevent kalau kamu ingin paham menganalisis laporan keuangan usaha! (hns/hns)",253
105,finance,https://finance.detik.com/bursa-dan-valas/d-8695518/bayan-byan-ubah-perjanjian-dengan-haji-isam-saham-yang-dilepas-bertambah,"PT Bayan Resources Tbk (BYAN) mengubah perjanjian jual beli saham bersyarat dengan PT Jhonlin Baratama milik Andi Syamsuddin Arsyad atau Haji Isam. Perubahan tersebut terkait transaksi penjualan saham Bayan milik Dato' Low Tuck Kwong dan Elaine Low. Perubahan dilakukan terhadap Perjanjian Jual Beli Saham Bersyarat (PJBS) yang sebelumnya ditandatangani pada 16 September 2026. Perubahan perjanjian kemudian ditandatangani Dato' Low Tuck Kwong, Elaine Low, dan Jhonlin Baratama pada 1 Oktober 2026. ""Perubahan tersebut mencakup pembaruan atas jumlah saham biasa Perseroan yang akan dialihkan kepada Pembeli, yaitu dari semula sejumlah 10.000.000.500 saham biasa menjadi 10.084.088.370 saham biasa Perseroan,"" tulis manajemen Bayan Resources dalam keterbukaan informasi, dikutip Selasa (6/10/2026). Pelaksanaan dan penyelesaian transaksi masih bergantung pada pemenuhan sejumlah kondisi pendahuluan. Setelah transaksi rampung dan seluruh persyaratan terpenuhi, Jhonlin Baratama akan memiliki 10.084.088.370 saham Bayan Resources. Bayan menyatakan perubahan perjanjian tersebut tidak menimbulkan dampak material negatif yang dapat mengganggu kegiatan operasional, aspek hukum, kondisi keuangan maupun kelangsungan usaha perseroan. ""Kejadian tersebut tidak menimbulkan dampak material negatif yang dapat mengganggu kegiatan operasional, aspek hukum, kondisi keuangan, dan kelangsungan usaha perseroan,"" terang manajemen Bayan Resources. (ily/hns)",180
106,finance,https://finance.detik.com/berita-ekonomi-bisnis/d-8695493/kementan-percepat-hddap-buleleng-benih-manggis-durian-siap-disalurkan,"Kementerian Pertanian (Kementan) mempercepat pelaksanaan Horticulture Development in Dryland Areas Sector Project (HDDAP) di Kabupaten Buleleng, Bali. Langkah tersebut dilakukan dengan mengecek langsung kesiapan bantuan Bantuan diberikan untuk klaster manggis dan durian, Klinik Pengendalian Hama Terpadu (PHT), Soil Microbiology, serta penangkaran benih bawang merah pada September 2026. Hal ini untuk memastikan dukungan program dapat segera dimanfaatkan petani sesuai tahapan pelaksanaan. Adapun pengecekan dilakukan oleh Tenaga Ahli Menteri Pertanian Subsektor Hortikultura Van Basten Panjaitan bersama tim pelaksana HDDAP. Monitoring difokuskan pada kesiapan benih, sarana produksi, kelompok tani, fasilitator, serta dokumen pendukung kegiatan. Van Basten mengatakan percepatan pelaksanaan HDDAP perlu dibarengi dengan kesiapan seluruh pihak, terutama pada saat bantuan benih sudah tersedia dan siap didistribusikan kepada petani. ""Ketika benih sudah siap, kita harus memastikan penerima manfaat juga siap. Jangan sampai benih sudah tersedia tetapi proses distribusi dan penanaman terkendala karena kesiapan di lapangan belum selesai,"" ujar Van Basten dalam keterangannya, Selasa (6/10/2026). Benih Manggis Siap Didistribusikan Pada klaster manggis, Van Basten menyebabkan benih telah siap untuk dikirim atau dropping. Karena itu, DPIU, direktorat, fasilitator dan kelompok tani diminta segera memastikan kesiapan menerima benih sekaligus menetapkan waktu distribusi yang sesuai dengan kondisi lapangan. Sementara itu, pupuk masih dalam proses menunggu hasil uji mutu. Adapun sambil menunggu ketersediaan pupuk, petani perlu melakukan persiapan lokasi tanam dan memastikan benih tetap dalam kondisi baik. Van Basten menjelaskan benih manggis yang telah tersedia dianjurkan untuk dirawat terlebih dahulu di tempat teduh agar kondisinya tetap terjaga sampai pupuk tersedia dan penanaman dapat dilakukan. ""Kita harus menjaga kualitas benih sejak diterima sampai ditanam. Karena itu, sambil menunggu pupuk, benih perlu ditempatkan dan dirawat pada kondisi yang sesuai,"" jelas Van Basten. Kebutuhan Durian Capai 310 Hektare Van Basten menambahkan, untuk klaster durian, identifikasi kebutuhan varietas di lapangan telah dilakukan dengan total luasan sekitar 310 hektare. Ia mengungkapkan penyediaan benih varietas MK Hortimart/Musangking seluas 74,2 hektare siap dilaksanakan pada tiga kelompok tani. Selain itu, benih varietas Oche Banyuwangi atau duri hitam seluas 31,78 hektare siap dilaksanakan pada dua kelompok tani. Sementara kebutuhan benih varietas Otong seluas 204,94 hektare masih belum dapat dilaksanakan karena menunggu kesiapan benih dari penangkar. Dari sisi sarana produksi, Van Basten mengatakan pengadaan telah memasuki tahap kontrak dan dijadwalkan dropping pada November 2026. Sementara itu, pengadaan benih MK Hortimart dan Oche Banyuwangi masih dalam tahap persiapan pengadaan. Alumnus Universitas Indonesia (UI) itu juga menegaskan ketersediaan benih menjadi faktor penting dalam memastikan target pengembangan klaster durian dapat berjalan sesuai rencana. ""Identifikasi kebutuhan sudah dilakukan. Sekarang yang harus kita kawal adalah ketersediaan varietas sesuai kebutuhan petani. Untuk varietas yang masih menunggu penangkar, koordinasi harus dipercepat agar tidak menghambat pelaksanaan di lapangan,"" ujarnya. Klinik PHT dan Soil Microbiology Disiapkan Selain klaster buah, Kementan juga menyiapkan dukungan melalui penyediaan Klinik PHT dan Soil Microbiology. Saat ini, proses masih berada pada tahap penyiapan dokumen meliputi RUKK, RAB, DED, pembukaan rekening, spesifikasi teknis, surat pernyataan komitmen penerima bantuan, surat kesepakatan status tanah, surat pernyataan dukungan kegiatan, serta dokumen safeguard. Van Basten menyebut kelengkapan dokumen menjadi bagian penting sebelum kegiatan dapat dilanjutkan ke tahapan pelaksanaan di lapangan. ""Dokumen harus disiapkan dengan lengkap dan benar sejak awal. Kita ingin pelaksanaan kegiatan cepat, tetapi tetap tertib administrasi dan sesuai dengan ketentuan yang berlaku,"" kata Van Basten. Penangkar Benih Bawang Merah Menunggu Usulan CPCL Pada kegiatan penangkaran benih bawang merah, Van Basten mengungkapkan pelaksanaan masih menunggu surat usulan CPCL (Calon Petani dan Calon Lokasi) dari Dinas Kabupaten. Kementan pun mendorong pemerintah daerah segera menyampaikan usulan CPCL agar proses verifikasi dan tahapan penyiapan kegiatan dapat segera dilakukan. Van Basten mengatakan koordinasi dengan pemerintah daerah perlu terus diperkuat agar setiap tahapan program HDDAP tidak mengalami keterlambatan. ""Program ini membutuhkan kerja bersama. Pemerintah pusat, pemerintah daerah, fasilitator, kelompok tani dan penangkar harus bergerak dalam satu irama agar seluruh tahapan dapat selesai tepat waktu dan manfaatnya segera dirasakan petani,"" jelasnya. Melalui monitoring langsung di lapangan, Kementan memastikan pelaksanaan HDDAP di Buleleng terus diarahkan pada percepatan kegiatan, kesiapan petani, ketepatan distribusi bantuan, serta pemenuhan seluruh persyaratan administrasi dan teknis. (anl/ega)",657
107,finance,https://finance.detik.com/berita-ekonomi-bisnis/d-8695485/rp-13-24-triliun-hasil-satgas-pkh-masuk-kas-negara,"Satuan Tugas Penertiban Kawasan Hutan (Satgas PKH) menyerahkan dana hasil denda administratif dan penyelamatan keuangan negara senilai Rp 13,24 triliun atau tepatnya Rp 13.241.335.681.910,13 ke Kementerian Keuangan. Menteri Keuangan Suahasil Nazara memastikan dana tersebut masuk ke kas negara dan menjadi bagian dari penerimaan APBN 2026. Dana tersebut akan digunakan untuk membiayai program prioritas Presiden Prabowo Subianto yang disalurkan melalui berbagai pos-pos belanja. ""Rp 13 triliun ya masuk ke kas negara. Jadi pendapatan negara dan nanti keluar melalui belanja negara, berbagai macam belanja, prioritas Presiden, belanja prioritas pemerintah,"" ujar Suahasil saat ditemui di Kejaksaan Agung, Jakarta, Selasa (6/10/2026). Suahasil menjelaskan dinamika ekonomi dan situasi internasional yang berubah turut memengaruhi belanja negara tahun ini. Dengan begitu, uang ini penting bagi negara. ""Jadi kita lihat tahun ini kan terjadi perubahan yang luar biasa di dunia internasional, berbagai macam dinamika internasional, kita serap di dalam belanja, ya, belanja juga akan meningkat. Jadi nanti kita akan laporkan bagaimana peningkatan belanja tersebut,"" terangnya. Secara rinci dana Rp 13,24 triliun berasal dari penagihan denda administratif bidang kehutanan yang mencapai Rp 3.475.738.523.741,13 atau Rp 3,4 triliun. Kemudian ada juga penerimaan dari penanganan perkara pidana khusus sebesar Rp 1.535.750.234.271 atau Rp 1,5 triliun. Terakhir, Kejaksaan Agung juga menyerahkan uang penerimaan pajak atas wajib pajak yang ditangani Satgas PKH mencapai Rp 8.229.846.923.898 atau Rp 8,2 triliun. Selain itu menyerahkan dana hasil pemulihan keuangan negara, Satgas PKH yang diwakili Burhanuddin menyerahkan kembali kawasan hutan tahap VIII dengan total lahan yang dikembalikan mencapai 259.230,73 hektare. Dari jumlah tersebut, 140.762,04 hektare merupakan kawasan sektor perkebunan yang diserahkan kepada Kementerian Kehutanan untuk dikelola Agrinas Palma Nusantara. Kemudian, 118.256,74 hektare berupa hutan konservasi dan hutan lindung diserahkan kepada Kementerian Kehutanan untuk dilakukan reforestasi. Sementara 211,95 hektare kawasan dari sektor pertambangan juga diserahkan kepada Kementerian Kehutanan. Secara keseluruhan, Satgas PKH mencatat kawasan hutan yang berhasil dikuasai kembali dari sektor perkebunan mencapai 6.206.212,14 hektare. Sementara dari sektor pertambangan mencapai 14.633,79 hektare. (hrp/hns)",315
108,finance,https://finance.detik.com/berita-ekonomi-bisnis/d-8695475/gelar-munas-iv-afpi-tentukan-arah-organisasi-perkuat-industri-pindar,"Asosiasi Fintech Pendanaan Bersama Indonesia (AFPI) menyelenggarakan Musyawarah Nasional (Munas) IV sebagai forum tertinggi organisasi. Forum ini untuk menyampaikan laporan pelaksanaan kepengurusan periode 2023-2026 sekaligus menentukan arah organisasi untuk periode berikutnya. Mengusung tema 'Bersama Melanjutkan Perjalanan, Menentukan Arah ke Depan', Munas IV AFPI menjadi momentum bagi seluruh anggota untuk memperkuat kesinambungan organisasi di tengah perkembangan industri Pinjaman Daring (Pindar) yang terus bergerak dinamis. Kepala Departemen Pengawasan Lembaga Keuangan Mikro dan Lembaga Keuangan Lainnya Otoritas Jasa Keuangan (OJK) Adief Razali mengungkapkan penyelenggaraan Musyawarah Nasional IV AFPI memiliki arti yang sangat penting dan strategis agar dapat menjadi momentum penguatan industri Pindar ke depan. Munas bukan hanya merupakan forum organisasi untuk memilih kepengurusan baru, tetapi juga momentum untuk melakukan konsolidasi industri, mengevaluasi perjalanan yang telah dilalui, serta merumuskan arah pengembangan industri Pindar ke depan agar semakin sehat, berintegritas, dan berkelanjutan. ""AFPI memiliki peran yang sangat penting sebagai wadah asosiasi industri. OJK mengharapkan AFPI dapat terus menjalankan fungsi sebagai mitra strategis dan konstruktif dalam mendukung penguatan standar industri, peningkatan kualitas tata kelola, pengembangan kapasitas sumber daya manusia, serta penguatan disiplin pasar yang sehat dan bertanggung jawab,"" ujar Adief dalam keterangannya, Selasa (6/10/2026). Ketua Umum AFPI periode 2023-2026 Entjik S. Djafar mengatakan Munas merupakan bagian penting dari tata kelola organisasi untuk memastikan proses evaluasi, regenerasi, dan penentuan arah strategis dapat berlangsung secara terstruktur dan berkesinambungan. ""Munas bukan hanya menjadi forum untuk mengevaluasi apa yang telah dilakukan selama satu periode kepengurusan, tetapi juga menjadi ruang untuk menentukan prioritas dan arah pengembangan organisasi selanjutnya. Setiap periode memiliki tanggung jawab untuk melaksanakan, menyelesaikan, dan mempertanggungjawabkan mandat yang telah diberikan,"" kata Entjik. Sepanjang periode kepengurusan 2023-2026, AFPI menjalankan berbagai program dan inisiatif untuk memperkuat fondasi industri Pindar sekaligus mendukung terciptanya ekosistem yang bertanggung jawab. Estafet Kepemimpinan untuk Keberlanjutan AFPI Munas IV AFPI menandai dimulainya periode kepengurusan baru sekaligus menjadi momentum bagi AFPI untuk melanjutkan fondasi organisasi yang telah dibangun dalam periode sebelumnya. Kepemimpinan baru diharapkan dapat menjaga kesinambungan program dan mandat organisasi, sekaligus menghadirkan inovasi serta pendekatan baru sesuai dengan perkembangan industri Pindar. Ketua Umum AFPI terpilih periode 2026-2029 Kuseryansyah menyampaikan kepemimpinan baru akan melanjutkan berbagai hal positif yang telah dibangun, dengan tetap membuka ruang bagi penyempurnaan dan perubahan yang diperlukan. Menurutnya, penguatan tata kelola, advokasi kebijakan, data dan informasi, serta kolaborasi dengan regulator dan seluruh pemangku kepentingan akan tetap menjadi bagian penting dalam perjalanan AFPI ke depan. ""Kami ingin memastikan AFPI terus menjadi rumah bersama bagi industri Pindar. Karena itu, penguatan tata kelola, advokasi yang konstruktif, pengelolaan data dan informasi, serta kolaborasi dengan regulator dan ekosistem akan terus kami dorong. Di saat yang sama, kami ingin membawa program dan semangat baru yang dapat menjawab kebutuhan industri yang terus berkembang,"" ungkap Kuseryansyah. Kuseryansyah juga turut menyampaikan apresiasi kepada kepengurusan AFPI periode 2023-2026 yang telah menjalankan mandat organisasi dan membangun berbagai fondasi bagi keberlanjutan asosiasi. Ia menegaskan pergantian kepemimpinan merupakan bagian dari dinamika organisasi, sementara kesinambungan mandat dan kepentingan bersama industri tetap menjadi perhatian utama. ""Kami menyampaikan apresiasi kepada Bapak Entjik S. Djafar beserta seluruh jajaran pengurus atas kontribusi dan fondasi yang telah dibangun selama periode kepengurusan sebelumnya. Apa yang telah dilakukan menjadi bagian penting dari perjalanan AFPI dan akan menjadi pijakan bagi kami untuk melangkah ke depan,"" pungkasnya. (anl/ega)",530
109,finance,https://finance.detik.com/berita-ekonomi-bisnis/d-8695414/prabowo-ultimatum-jajaran-yang-tak-mau-bersihkan-diri-tunggu-waktu-saja,"Presiden Prabowo Subianto mengapresiasi lembaga negara, Badan Usaha Milik Negara (BUMN) dan berbagai pihak yang telah melakukan bersih-bersih terhadap tindakan penyelewengan maupun korupsi. Prabowo mengultimatum pihak yang tak mau bersih-bersih. Ia mengatakan tinggal menunggu waktu saja bagi pemerintah untuk mengambil penindakan. ""Saya sangat bangga, sekarang saya katakan dengan contoh yang dirintis oleh Satgas PKH, lembaga-lembaga lain ikut, perusahaan-perusahaan negara sudah mulai membersihkan diri, ya. Yang tidak mau membersihkan diri, tunggu waktunya saja, ya. Karena kita tidak akan berhenti, kita tidak akan ragu-ragu,"" tegas Prabowo dalam acara penyerahan denda administratif dan penyelamatan keuangan negara, serta penguasaan kembali kawasan hutan tahap VIII yang digelar di Kompleks Kejaksaan Agung Republik Indonesia, Jakarta, Selasa (6/10/2026). Prabowo berpesan kepada pihak yang merasa memiliki kesalahan untuk segera mengakui dan mengembalikan aset atau hasil yang diperoleh secara tidak sah. Menurutnya, langkah tersebut dapat menjadi pertimbangan dalam proses hukum. ""Lebih baik saudara bersihkan diri, tertibkan diri, pengakuan dosa, cepat-cepat lapor, jadi saudara bisa menjadi justice collaborator. Iya kan? 'Pak, saya minta maaf. Kemarin-kemarin saya khilaf, ya, saya tidak kuat iman, tapi saya sadar. Ini saya kembalikan hasil yang saya korupsi',"" kata Prabowo. ""Kalau begitu, semua unsur termasuk hakim pun, iya kan, ada dalam keputusan hakim ada kan, hal-hal yang meringankan. Bahwa dia sudah sadar, dia kerja sama, dia menjadi justice collaborator, dia kembalikan sebagian uang yang dia korupsi demi cinta dia kepada bangsa dan rakyat Indonesia, dan dia bersedia menunjukkan yang lain-lain,"" sambungnya. Dengan demikian, kata Prabowo, aset yang hilang bisa kembali. Kemudian pihak yang main-main tersebut tidak dikejar-kejar oleh 12 lembaga yang tergabung dalam Satgas PKH. ""Tapi kalau mau main-main taktik, perlawanan diam-diam, deep state, pura-pura patuh tapi menghalangi, ya, sabotase dari dalam, kita bukan bodoh. Saya menahan diri, saya memberi kesejukan. Tapi saya kira kita sudah dalam tahap sudah tidak mau lagi terlalu banyak kompromi,"" tegasnya. (hrp/fdl)",301
110,finance,https://finance.detik.com/infrastruktur/d-8695386/pramono-ogah-bikin-proyek-mercusuar-di-jakarta-ini-alasannya,"Gubernur DKI Jakarta Pramono Anung mengaku tidak ingin membangun proyek yang bersifat mercusuar selama memimpin Jakarta. Ia memilih menyelesaikan sejumlah proyek maupun pekerjaan yang belum tuntas dari masa gubernur-gubernur sebelumnya. Pramono mengatakan, proyek yang dikerjakan harus memberikan manfaat nyata bagi masyarakat. Menurutnya pembangunan proyek besar menjadi kurang berarti apabila manfaat yang dirasakan masyarakat tidak sebanding. ""Saya memang tidak ingin melakukan sesuatu yang bersifat mercusuar, tetapi dampaknya ataupun manfaatnya bagi masyarakat sebenarnya tidak terlalu banyak,"" kata Pramono dalam acara Peluncuran Konsep Desain Transformasi Kawasan Blok M Fase Ultimate di Jakarta, Selasa (6/10/2026). Pramono mengatakan, dalam berbagai kesempatan dirinya telah menegaskan komitmen untuk menuntaskan pekerjaan yang belum selesai dari pemerintahan sebelumnya. Salah satu yang disinggung adalah pembangunan LRT Jakarta. Ia kemudian menceritakan perjalanan pembangunan LRT Jakarta yang bermula dari Kelapa Gading hingga Velodrome. Menurut Pramono, proyek tersebut diputuskan pada era Presiden Joko Widodo (Jokowi) ketika Basuki Tjahaja Purnama atau Ahok menjabat Gubernur DKI Jakarta untuk mendukung penyelenggaraan Asian Games. Pembangunan kemudian dilanjutkan dari Velodrome menuju Manggarai pada masa Penjabat (Pj) Gubernur DKI Jakarta Heru Budi Hartono. Pramono mengatakan dirinya ketika itu turut terlibat dalam pembahasan kelanjutan proyek dalam kapasitasnya sebagai Sekretaris Kabinet. ""Saya juga nggak nyangka pada waktu itu dalam rapat, dan saya sudah baca risalah rapatnya, akhirnya diputuskan untuk dilanjutkan,"" jelas Pramono. Ia menilai kelanjutan pembangunan tersebut berdampak terhadap jumlah penumpang. Jumlah penumpang yang sebelumnya rata-rata sekitar 4.000 orang kini telah berada di kisaran 9.000 hingga 10.000 orang meskipun masih terdapat tiga stasiun yang belum beroperasi penuh. ""Ada 3 stasiun yang belum beroperasi sepenuhnya, yang terbatas 9.000, bahkan 10.000 (rata-rata jumlah penumpang). Dan kalau sudah beroperasi penuh, saya yakin pasti angkanya antara 60.000 sampai dengan 80.000 penumpang,"" ujar Pramono. Selain proyek transportasi, Pramono mengatakan Pemprov DKI Jakarta akan melakukan pembenahan kawasan Tanah Abang, Kebon Kacang, dan Kampung Bali. Penataan dilakukan tanpa menggusur masyarakat yang tinggal di kawasan tersebut. ""Tidak jauh dari Istana, tidak jauh dari Balai Kota, tidak jauh dari Bundaran HI. Tetapi salah satu tempat yang paling kumuh adalah di tempat itu. Maka tadi saya sudah memutuskan bahwa pemerintah DKI Jakarta akan melakukan pembenahan sepenuhnya kawasan itu,"" tuturnya. Pramono juga mencontohkan pembenahan akses menuju Jakarta International Stadium (JIS). Menurutnya, kawasan tersebut sebelumnya mengalami kemacetan parah ketika berlangsung acara besar. Kini akses menuju JIS telah dihubungkan dengan Ancol, didukung layanan KRL dan TransJakarta, serta area parkir di Ancol yang disebut mampu menampung sekitar 5.000 kendaraan. Menurut Pramono, pembenahan tersebut membuat waktu keluar dari kawasan JIS setelah acara menjadi jauh lebih singkat. Pramono menambahkan sejumlah pekerjaan lain juga terus diselesaikan, mulai dari penataan Jalan Rasuna Said, kelanjutan LRT Jakarta hingga Dukuh Atas, pembangunan flyover Latumenten, hingga jalan sejajar di kawasan Kalibata. (acd/acd)",440
111,finance,https://finance.detik.com/energi/d-8695333/danantara-umumkan-investasi-rp-4-4-triliun-di-raksasa-migas-as,"PT Danantara Investment Management (DIM) mengumumkan investasi strategis senilai US$ 250 juta atau sekitar Rp 4,47 triliun (asumsi kurs Rp 17.891) di HighPeak Energy, Inc (NASDAQ: HPK). Perusahaan yang berbasis di Texas itu bergerak di bidang akuisisi, pengembangan, eksplorasi, serta eksploitasi minyak dan gas bumi di Permian Basin. Investasi tersebut dilakukan melalui penerbitan saham preferen konvertibel (Convertible Preferred Stocks) secara bertahap. Lewat aksi korporasi ini, Danantara mendapat akses strategis ke portofolio aset minyak HighPeak di Permian Basin. Investasi tersebut sekaligus memperluas portofolio energi Indonesia di pasar global, sejalan dengan misi DIM untuk berinvestasi di sektor strategis. Sementara itu, HighPeak akan menggunakan dana investasi untuk memperkuat permodalan dan fleksibilitas keuangan guna mendukung pengembangan aset serta pertumbuhan bisnis perusahaan. ""Investasi ini sejalan dengan mandat kami untuk berinvestasi di sektor strategis yang memberikan imbal hasil berkelanjutan dalam jangka panjang sekaligus mendukung kepentingan nasional Indonesia,"" ujar Chief Executive Officer (CEO) DIM, Pandu Sjahrir, dalam keterangan tertulisnya, Selasa (6/10/2026). Permian Basin dikenal sebagai wilayah penghasil minyak mentah terbesar di Amerika Serikat (AS) dengan kontribusi sebesar 48% dari total produksi negara tersebut selama tahun 2025. Kemudian sejak tahun 2007, pertumbuhan produksi wilayah ini didorong oleh penerapan teknik pengeboran horizontal dan rekahan hidrolik atau fracking (hydraulic fracturing). Jika kondisi reservoir mendukung, teknik tersebut juga dapat diterapkan pada lapangan migas darat yang sudah matang untuk meningkatkan produktivitas sumur dan perolehan migas. Model ini dinilai relevan untuk Indonesia dalam upaya meningkatkan produksi minyak dan gas bumi domestik. Setelah transaksi rampung, HighPeak akan menyiapkan program pelatihan dan penugasan bagi tenaga kerja Indonesia untuk meningkatkan kapabilitas sekaligus mendorong pertukaran keahlian teknis. Dalam kesepakatan investasi tersebut, DIM juga mendapat perlindungan terhadap penurunan nilai investasi serta peluang memperoleh keuntungan dari kenaikan nilai ekuitas melalui konversi menjadi saham biasa. DIM juga memiliki opsi untuk ikut dalam penawaran saham HighPeak berikutnya melalui private placement. Selain itu, DIM juga akan menempatkan satu perwakilan di jajaran direksi HighPeak. Pandu menegaskan, investasi ini menjadi bagian dari upaya Danantara membangun platform investasi yang terdiversifikasi secara global. ""Kami berharap kerja sama ini dapat memfasilitasi transfer pengetahuan yang mendukung pengembangan sektor energi Indonesia,sekaligus memperkuat hubungan energi dan ekonomi yang telah lama terjalin antara Indonesia danAmerika Serikat,"" jelasnya. Sementara itu, HighPeak menilai kerja sama dengan DIM akan mempercepat pengembangan portofolio aset minyaknya di Permian Basin. Investasi tersebut akan mendukung pengembangan aset secara berkelanjutan, termasuk melalui perluasan program pengeboran. Kemitraan ini juga mempertemukan kedua pihak yang memiliki fokus jangka panjang untuk mendorong pertumbuhan bisnis dan menciptakan nilai secara berkelanjutan. ""Kami percaya kerja sama dengan DIM akan mengakselerasi pengembangan aset tersebut melalui investasi berkelanjutan, termasuk perluasan program pengeboran. Kemitraan ini mempertemukan para investor jangka panjang yang memiliki komitmen yang sama terhadap pertumbuhan dan penciptaan nilai yang berkelanjutan,"" ungkap Presiden dan Chief Executive Officer HighPeak, Michael Hollis. (acd/acd)",453
112,finance,https://finance.detik.com/berita-ekonomi-bisnis/d-8695327/prabowo-ungkap-nilai-6-2-juta-ha-hutan-rp-400-t-bisa-perbaiki-semua-sekolah,"Presiden Prabowo Subianto menyampaikan Satuan Tugas Penertiban Kawasan Hutan (Satgas PKH) telah menyelamatkan lebih dari 6,2 juta hektare kawasan hutan dengan perkiraan nilai kawasan tersebut hampir mencapai Rp 400 triliun. Menurut Prabowo, dengan nilai tersebut dapat digunakan untuk membiayai berbagai kebutuhan masyarakat, termasuk perbaikan sekolah dan puskesmas. ""Enam koma dua juta (hektare) ini hampir Rp 400 triliun, saudara-saudara, Rp 400 triliun kita hilangkan kemiskinan. Rp 400 triliun, berapa ribu rumah untuk rakyat? Berapa ribu sekolah bisa kita perbaiki?,"" ujar Prabowo acara dalam penyerahan denda administratif dan penyelamatan keuangan negara, serta penguasaan kembali kawasan hutan tahap VIII yang digelar di Kompleks Kejaksaan Agung Republik Indonesia, Jakarta, Selasa (6/10/2026). Prabowo kemudian membandingkan nilai tersebut dengan anggaran renovasi sekolah yang telah dilakukan pemerintah sejak 2025. Di mana Prabowo, menyebut sekitar 70 ribu sekolah telah diperbaiki dengan anggaran sekitar Rp 90 triliun dalam dua tahun. Maka dengan nilai Rp 400 triliun itu, Prabowo menyebutkan hampir seluruh sekolah di Indonesia bisa diperbaiki. ""Artinya, dengan Rp 400 triliun berapa. Saya kira seluruh sekolah Indonesia bisa kita perbaiki. Kita punya sekolah 360.000 sekolah. Rp 400 triliun kita bisa perbaiki semua sekolah Indonesia. Kita bisa perbaiki semua Puskesmas yang tidak pernah diperbaiki selama 20 tahun,"" terangnya. (fdl/fdl)",199
113,finance,https://finance.detik.com/bursa-dan-valas/d-8695297/vktr-pasok-bus-listrik-buat-operasional-tambang,"PT VKTR Teknologi Mobilitas Tbk (VKTR) resmi menyerahkan 2 unit bus listrik 8 meter Arjuno kepada penyedia jasa transportasi sektor pertambangan, PT Bagong Dekaka Makmur, di Malang, Senin (5/10/2026). Penyerahan dua unit bus listrik mendorong adopsi kendaraan listrik komersial sektor pertambangan di Indonesia. Penyerahan dua unit Arjuno menjadi bagian dari langkah Bagong Dekaka Makmur mengadopsi kendaraan listrik untuk operasional pertambangan. Bagi VKTR, penggunaan Arjuno menunjukkan kendaraan listrik mulai dipandang sebagai solusi untuk meningkatkan efisiensi operasional. ""Keputusan Bagong Dekaka Makmur untuk kembali menggunakan kendaraan listrik menunjukkan bahwa industri lokal memiliki kemampuan untuk menjawab kebutuhan operasional yang semakin spesifik,"" kata Direktur Utama VKTR, Ardiansyah Bakrie, dalam keterangan tertulisnya, Selasa (6/10/2026). Menurutnya, penyerahan ini menunjukkan kendaraan listrik menjadi solusi yang dapat diterapkan di lapangan sekaligus membantu operator menjalankan bisnis lebih efisien. Kolaborasi ini juga mendorong penguatan ekosistem kendaraan listrik komersial, mulai dari manufaktur, karoseri, rantai pasok, tenaga kerja, hingga layanan purnajual dan dukungan teknis. Penggunaan kendaraan listrik di sektor dengan tingkat utilisasi tinggi seperti pertambangan juga menunjukkan elektrifikasi dapat berjalan seiring dengan kebutuhan bisnis. Jika mampu memberikan performa dan efisiensi yang sesuai, kendaraan listrik semakin relevan bagi pelaku industri. ""Kami terbuka untuk berkolaborasi dengan lebih banyak operator dan pelaku industri untuk menghadirkan kendaraan listrik komersial yang tidak hanya lebih bersih, tetapi juga memberikan value bagi bisnis,"" tutup Ardi. Arjuno sendiri adalah bus listrik 8 meter yang dirancang untuk mendukung kebutuhan mobilitas dengan tingkat utilisasi tinggi. Bus ini memiliki kapasitas hingga 25 penumpang, baterai berkapasitas 210 kWh, serta jarak tempuh hingga 350 kilometer. Kebutuhan daya dapat disesuaikan dengan pola dan jadwal operasional armada, mengingat pengisian DC hingga penuh sekitar 90 menit. Keunggulan ini relevan untuk kebutuhan transportasi pekerja maupun mobilitas internal di area pertambangan yang memiliki rute, jadwal, dan pola utilisasi yang relatif terukur. Kendaraan listrik ini juga memiliki potensi memberikan efisiensi biaya operasional melalui penggunaan energi yang lebih efisien dan kebutuhan perawatan yang lebih rendah. ""Dalam operasional pertambangan, kendaraan harus mampu mengikuti ritme kerja, memiliki reliability yang baik, dan memberikan efisiensi dalam jangka panjang. Pengalaman positif bersama Lokon dan VKTR semakin memperkuat keyakinan kami bahwa kendaraan listrik dapat menjadi alternatif yang kompetitif dan relevan untuk mendukung kebutuhan operasional pertambangan,"" ujar Direktur Utama, Bagong Dekaka Makmur, Budi Susilo. (acd/acd)",365
114,finance,https://finance.detik.com/berita-ekonomi-bisnis/d-8695294/prabowo-mau-tambah-jumlah-polisi-hutan-jadi-70-000-orang-saya-ajukan-apbn,"Presiden Prabowo Subianto berencana menambah jumlah personel Polisi Hutan (Polhut) yang kini sekitar 4.500 orang jadi sekitar 70.000 orang. Rencananya langkah penambahan personel ini dilakukan secara bertahap hingga 3-4 tahun ke depan. Menurutnya langkah ini penting untuk dilakukan guna memperketat pengawasan kawasan hutan yang memiliki luas hingga puluhan juta hektare sekaligus untuk mengamankan kekayaan negara di sekitar kawasan tersebut. ""Saya telah mengajukan APBN kalau tidak salah tambahan 4.500 Polisi Hutan menjadi 70.000 Polisi Hutan. Saya tidak tahu berapa tahun bisa tercapai,"" ujar Prabowo di acara Penyerahan Denda Administratif dan Penyelamatan Keuangan Negara oleh Satgas PKH, Jakarta Pusat, Selasa (6/10/2026). Ia memperkirakan pada 2027 nanti jumlah personel Polhut sudah bisa bertambah jadi 21.000 orang. Kemudian jumlah ini akan terus bertambah hingga mencapai target 70.000 personel tadi dalam 3-4 tahun ke depan. ""Dari 70.000 baru bisa, bisa 21.000 tahun 2027. Berarti mungkin 3-4 tahun kita akan sampai 70.000,"" lanjut Prabowo setelah bertanya ke Menteri Keuangan Suahasil Nazara terkait pengajuan tambahan personel Polhut dalam APBN. Selain Polisi Hutan, pemerintah juga akan memperkuat jajaran Bea Cukai serta aparat keamanan lainnya di jalur perbatasan. Penambahan personel dan armada kapal patroli akan dilakukan untuk mengawasi ratusan pelabuhan dan bandara di Indonesia demi mencegah praktik penyelundupan serta peredaran narkotika. ""Demikian juga Bea Cukai, sekian ratus pelabuhan, sekian ratus lapangan terbang. petugasnya berapa? kapalnya berapa? Demikian juga aparat-aparat keamanan kita lainnya, kita paham itu. Karena itu kita akan mengejar dan memperbaiki,"" pungkas Prabowo. (igo/fdl)",236
115,finance,https://finance.detik.com/portofolio/d-8695418/dolar-menguat-komponen-elektronik-naik-pendapatan-emiten-ini-tumbuh-16,"PT Sumber Sinergi Makmur Tbk (IOTF), emiten yang bergerak di bidang teknologi GPS tracker dengan merek Fox Logger, mencatat pertumbuhan pendapatan hingga kuartal III-2026. Pendapatan perseroan hingga September 2026 tumbuh sekitar 16% dibandingkan periode yang sama tahun sebelumnya (year on year/yoy). Pada periode sembilan bulan 2025, IOTF membukukan pendapatan Rp45,30 miliar. Dengan pertumbuhan sekitar 16%, pendapatan hingga September 2026 mencapai lebih dari Rp50 miliar. Pertumbuhan tersebut terjadi di tengah tekanan biaya akibat penguatan dolar AS terhadap rupiah dan kenaikan harga komponen elektronik global. CEO PT Sumber Sinergi Makmur Tbk Dr. Alamsyah mengatakan permintaan dari pelanggan korporasi, terutama sektor logistik dan rental kendaraan, menjadi salah satu penopang pendapatan. Menurutnya, perusahaan di sektor tersebut semakin membutuhkan efisiensi biaya operasional dan pengelolaan armada. ""Kuartal III tahun ini memberikan tantangan yang cukup besar bagi kami. Penguatan dolar AS terhadap rupiah dan kenaikan harga komponen elektronik global memberikan tekanan terhadap biaya produk. Namun di tengah kondisi tersebut, Perseroan tetap mampu mencatat pertumbuhan pendapatan sebesar 16% dibandingkan periode yang sama tahun sebelumnya,"" ujar Alamsyah dalam keterangan resmi, Selasa (6/10/2026). Menurut Alamsyah, kebutuhan untuk menekan biaya operasional membuat pemanfaatan teknologi dalam pengelolaan armada semakin dibutuhkan. ""Industri logistik dan rental telah berkembang selama belasan tahun dan memiliki kebutuhan pengelolaan armada yang semakin kompleks. Saat ini fokus mereka tidak hanya pada pertumbuhan bisnis, tetapi juga bagaimana menekan biaya operasional agar profitabilitas tetap terjaga. Kami melihat teknologi memiliki peran yang semakin penting dalam menjawab kebutuhan tersebut,"" jelasnya. IOTF juga mengembangkan produk GPS tracker Fox Logger dengan pemanfaatan teknologi artificial intelligence (AI). Teknologi tersebut digunakan untuk membantu pelanggan memantau aktivitas kendaraan dan mengelola armada. Pengembangan produk diarahkan pada efisiensi operasional dan pemanfaatan aset kendaraan. Perseroan telah menjalankan bisnis GPS tracker selama 16 tahun. Selain pengembangan produk, perusahaan juga mempertahankan layanan purna jual untuk pelanggan. Ke depan, IOTF akan melanjutkan pengembangan teknologi dan layanan yang berkaitan dengan efisiensi operasional pelanggan. Perseroan juga akan mengelola biaya di tengah perubahan nilai tukar dan harga komponen elektronik. Kebutuhan digitalisasi pengelolaan armada dinilai masih terbuka, terutama untuk efisiensi biaya, produktivitas aset, keamanan kendaraan, dan pengambilan keputusan berbasis data. ""Kami ingin pertumbuhan Perseroan dibangun di atas fundamental bisnis yang semakin kuat. Fokus kami adalah menjaga kepercayaan pelanggan, terus melakukan inovasi teknologi, serta memastikan solusi Fox Logger memberikan dampak ekonomi yang nyata bagi operasional pelanggan,"" tutup Alamsyah. (fdl/fdl)",380
116,finance,https://finance.detik.com/berita-ekonomi-bisnis/d-8695259/kawasan-blok-m-bakal-punya-wajah-baru-jadi-10-kali-lebih-luas,"Kawasan Blok M, Jakarta Selatan, bakal punya wajah baru. PT MRT Jakarta (Perseroda) menyiapkan transformasi kawasan Blok M dengan luas kawasan yang direncanakan menjadi 10 kali lebih besar dibandingkan saat ini. Direktur Utama MRT Jakarta Tuhiyat mengatakan, transformasi Blok M akan dilakukan secara bertahap. Pengembangan tersebut mencakup revitalisasi terminal, kawasan mixed-use, peningkatan aksesibilitas dan integrasi, destinasi komersial baru, hingga perluasan ruang terbuka publik. ""Konsep desain fase ultimate untuk menjawab tantangan tadi, kami merencanakan ada lima transformasi utama,"" kata Tuhiyat dalam acara Peluncuran Konsep Desain Transformasi Kawasan Blok M, Jakarta Selatan, Selasa (6/10/2026). Transformasi pertama dilakukan melalui revitalisasi Terminal Blok M menjadi lebih modern dan terintegrasi. Kemudian, MRT Jakarta akan mengembangkan kawasan mixed-use yang disebut bakal lebih mudah diakses, inklusif, dan dinamis. Pengembangan berikutnya menyasar aksesibilitas dan integrasi kawasan. Blok M nantinya akan dibuat lebih terhubung, baik antarmoda transportasi maupun antarfungsi bagi pejalan kaki. ""Dan yang keempat transformasi dalam bentuk destinasi komersial yang baru. Dimana nanti akan ada berbagai detail, F&B, lifestyle dan ruang publik dalam satu kawasan,"" ujar Tuhiyat. MRT Jakarta juga bakal memperluas ruang terbuka publik di kawasan tersebut. Tuhiyat mengatakan luas ruang terbuka publik setelah transformasi ditargetkan menjadi lima kali lipat dibandingkan kondisi saat ini. ""Ruang terbuka publik setelah nanti dibangun akan menjadi lima kali lebih besar dari yang ada. Dari sisi kawasannya secara total 10 kali lebih besar dari yang ada,"" jelasnya. Tuhiyat mengatakan revitalisasi akan dilakukan secara bertahap. Terminal, kawasan retail, dan podium ditargetkan rampung serta mulai beroperasi pada 2029, sedangkan pembangunan kawasan mixed-use akan diselesaikan secara bertahap pada tahun-tahun berikutnya. Transformasi juga dilakukan dengan mempertimbangkan kondisi bangunan Blok M yang telah berusia 34 tahun. MRT Jakarta ingin memastikan keamanan dan keselamatan struktur bangunan di tengah tingginya aktivitas di kawasan tersebut. ""Kami ingin memastikan keselamatan dan keamanan struktur dari bangunan ini. Namun di sisi lain Pak Gubernur, ada 334 tenant aktif saat ini dan lebih dari 25 ribu pengunjung setiap hari di Blok M Hub ini,"" tuturnya. Tak Hilangkan Karakter Blok M Sementara itu, Gubernur DKI Jakarta Pramono Anung berharap transformasi kawasan tersebut tidak menghilangkan karakter Blok M yang selama ini lekat sebagai salah satu pusat aktivitas anak muda Jakarta. ""Yang pertama, apakah wajah Blok M berubah atau tidak? Apakah Blok M tetap menjadi anak-anak muda Jakarta dari manapun? Sekarang ini selalu bahan ceritanya adalah tentang Blok M. Dan selalu ada yang viral baru dari mana? Blok M. Makanan apapun itu Blok M,"" kata Pramono. Menurut Pramono, pembangunan nantinya memang akan membuat Blok M menjadi lebih modern, tertata, dan rapi. Namun, ia menekankan perubahan tersebut tidak boleh menghilangkan identitas dan semangat yang selama ini menjadi daya tarik kawasan tersebut. Ia juga menyoroti rencana perluasan kawasan hingga 10 kali lipat serta ruang publik sekitar lima kali dibandingkan kondisi saat ini. Transformasi Blok M nantinya juga akan berjalan beriringan dengan pengembangan jaringan transportasi publik di Jakarta. Pramono menargetkan pada 2029 sejumlah proyek transportasi dan penataan kawasan Jakarta juga telah rampung.Pramono berharap transformasi Blok M dapat menjadi bagian dari perubahan wajah Jakarta menjadi lebih baik. ""Apalagi nantinya di tahun 2029, MRT dari utara-selatan sudah selesai. LRT dari Kelapa Gading sampai dengan Dukuh Atas sudah selesai. Pedestrian deck di Dukuh Atas sudah selesai. Extended concourse di Bundaran HI sudah selesai. Taman Semanggi yang sekarang kita rapikan juga sudah selesai,"" tutup Pramono. (acd/acd)",542
117,finance,https://finance.detik.com/berita-ekonomi-bisnis/d-8695208/prabowo-jangankan-menteri-dirjen-saya-mau-disogok,"Presiden Prabowo Subianto mengatakan sampai saat ini praktik suap masih banyak terjadi di Indonesia dan merusak tatanan birokrasi selama puluhan tahun. Bahkan menurutnya, praktik suap ini menyasar berbagai tingkatan pejabat, hingga dirinya sendiri selaku 'RI 1'. ""Kita melihat puluhan tahun institusi-institusi kita dirusak. Menteri-menteri kita, dirjen-dirjen kita mau disogok. Jangankan menteri dirjen, saya mau disogok! Dalam 2 tahun ini berkali-kali saya mau disogok,"" tegas Prabowo di acara Penyerahan Denda Administratif dan Penyelamatan Keuangan Negara oleh Satgas PKH, Jakarta Pusat, Selasa (6/10/2026). Ia mengatakan selama ini setiap kali ada langkah pemerintah dalam menertibkan para aparatur negara dan melawan penyelewengan seperti tindak korupsi, penyelundupan, perampokan kekayaan negara, hingga peredaran narkotika selalu diwarnai dengan perlawanan dari kelompok yang menikmati kecurangan selalu terjadi. ""Perlawanan-perlawanan ini kita tahu semua datang dari unsur-unsur yang menikmati korupsi. Unsur-unsur yang menikmati kecurangan-kecurangan. Unsur-unsur yang menikmati pencurian dan perampokan kekayaan negara,"" ujar. Bahkan Prabowo mengaku kerap mendapatkan laporan terkait bagaimana petugas di lapangan kerap mendapatkan ancaman dan gertakan dari kelompok-kelompok tersebut. ""Saya persilakan saudara-saudara dalam Satgas ini atau dalam jajaran pemerintahan saya, siapa yang tidak mau terus di atas jalan yang benar, saya persilakan Saudara minggir dengan baik,"" ucap Prabowo. Dalam hal ini meskipun mendapat banyak tekanan, Prabowo menegaskan jajarannya tidak akan gentar menghadapi pihak-pihak yang berusaha merusak negara. ""Biar mereka punya uang ratusan triliun, mereka bayar buzzer, mereka bayar algoritma, mereka serang kita di sosmed, mereka membiayai demonstrasi, kita tidak gentar! Kita bersama rakyat! Kita siap mati untuk rakyat!"" ucapnya. Untuk itu dirinya sangat mengapresiasi para abdi negara yang sampai saat ini masih berpegang teguh pada sumpah jabatannya dan tidak melakukan penyimpangan. ""Saya persilakan saudara-saudara dalam Satgas ini atau dalam jajaran pemerintahan saya, siapa yang tidak mau terus di atas jalan yang benar, saya persilakan saudara minggir dengan baik,"" tutur Prabowo. ""Saya terima kasih yang masih mau berjuang bersama saya, berjuang untuk rakyat kita, berjuang untuk mereka yang tidak bisa bicara, mereka yang tidak punya apa-apa, berjuang mereka yang tidak punya rumah, berjuang untuk mereka yang tidak mengerti makan paginya dari mana, makan sorenya dari mana. Saya terima kasih,"" pungkasnya. Simak juga Video 'Prabowo Seluruh Kekuatan TNI Harus Dipersembahkan buat Lindungi Rakyat': (igo/fdl)",355
118,finance,https://finance.detik.com/berita-ekonomi-bisnis/d-8695202/prabowo-rp-52-triliun-sudah-kita-selamatkan-dalam-2-tahun,"Presiden Prabowo Subianto menyebut pemerintah telah menerima hasil penyelamatan keuangan dan aset negara mencapai Rp 52 triliun atau sekitar US$ 3 miliar dalam dua tahun terakhir. Hal tersebut dia ungkap dalam acara penyerahan hasil denda administratif dan penyelamatan keuangan negara serta penguasaan kembali kawasan hutan tahap VIII di Kejaksaan Agung, Jakarta. ""Acara seperti ini sudah ke yang 8 kali dan total uang tunai yang diserahkan kurang lebih sudah Rp 52 triliun atau sekitar US$ 3 miliar dolar yang kita selamatkan dalam dua tahun,"" ujar Prabowo. Ia pun berterima kasih kepada Satgas PKH yang telah bekerja keras selama ini. Prabowo menyampaikan bahwa tugas yang dilakukan Satgas PKH tidak mudah karena selalu mendapatkan perlawanan dari berbagai pihak. Prabowo menyebutkan perlawanan tersebut berasal dari pihak yang menikmati korupsi, pihak yang menikmati kecurangan-kecurangan, pihak yang menikmati pencurian dan perampokan kekayaan negara. ""Saya ucapkan terima kasih atas kerja keras satgas PKH. Saya Mengerti dan paham bahwa tantangan yang kalian hadapi tidak ringan. Tiap kali ada pemerintah Indonesia mau menertibkan diri. Tiap kali ada unsur-unsur pimpinan bangsa Indonesia yang ingin melawan korupsi, tiap kali ada unsur-unsur kepemimpinan di bangsa ini yang ingin melawan penyelundupan, melawan penyebaran narkotika, melawan penipuan, melawan perampokan kekayaan negara. Tiap kali kita menghadapi perlawanan yang tidak ringan,"" katanya. Hari ini, Satuan Tugas Penertiban Kawasan Hutan (Satgas PKH) secara resmi menyerahkan dana hasil denda administratif dan penyelamatan keuangan negara kepada pemerintah melalui Kementerian Keuangan. Total nilai penyelamatan keuangan negara tersebut mencapai total Rp 13,2 triliun atau tepatnya Rp 13.241.335.681.910,13. Proses penyerahan ini disaksikan langsung oleh Presiden Prabowo Subianto ""Pada kesempatan ini kami menegaskan komitmen Satgas PKH untuk memastikan bahwa setiap hasil penertiban kawasan hutan dapat dipertanggungjawabkan secara transparan dan memberikan manfaat nyata bagi negara,"" kata Jaksa Agung Sanitiar (St) Burhanuddin. ""Kami melaporkan sekaligus menyerahkan uang sebesar Rp 13.241.335.681.910,13 kepada negara melalui Kementerian Keuangan untuk disetorkan ke kas negara,"" sambungnya. Secara rinci ia menjelaskan uang tersebut berasal dari penagihan denda administratif bidang kehutanan yang mencapai Rp 3.475.738.523.741,13 atau Rp 3,4 triliun. Kemudian ada juga penerimaan dari penanganan perkara pidana khusus sebesar Rp 1.535.750.234.271 atau Rp 1,5 triliun. Terakhir, Kejagung turut menyerahkan uang penerimaan pajak atas wajib pajak yang ditangani Satgas PKH mencapai Rp 8.229.846.923.898 atau Rp 8,2 triliun. Selain itu menyerahkan dana hasil pemulihan keuangan negara, Satgas PKH yang diwakili Burhanuddin menyerahkan kembali kawasan hutan tahap VIII dengan total lahan yang dikembalikan mencapai 259.230,73 hektare. Dari jumlah tersebut, 140.762,04 hektare merupakan kawasan sektor perkebunan yang diserahkan kepada Kementerian Kehutanan untuk dikelola Agrinas Palma Nusantara. Kemudian, 118.256,74 hektare berupa hutan konservasi dan hutan lindung diserahkan kepada Kementerian Kehutanan untuk dilakukan deforestasi. Sementara 211,95 hektare kawasan dari sektor pertambangan juga diserahkan kepada Kementerian Kehutanan. Secara keseluruhan, Satgas PKH mencatat kawasan hutan yang berhasil dikuasai kembali dari sektor perkebunan mencapai 6.206.212,14 hektare. Sementara dari sektor pertambangan mencapai 14.633,79 hektare. ""Bagi kami, capaian tersebut merupakan wujud nyata kehadiran negara dalam menjaga kekayaan alam, penegakan kewibawaan hukum, dan memastikan bahwa sumber daya yang merupakan milik negara pada akhirnya dapat diberikan manfaat yang sebesar-besarnya bagi kemakmuran rakyat,"" pungkasnya. Simak juga Video 'Prabowo Seluruh Kekuatan TNI Harus Dipersembahkan buat Lindungi Rakyat':",510
119,finance,https://finance.detik.com/berita-ekonomi-bisnis/d-8695133/satgas-pkh-serahkan-rp-13-24-t-ratusan-ribu-hektar-lahan-hutan-ke-negara,"Satuan Tugas Penertiban Kawasan Hutan (Satgas PKH) secara resmi menyerahkan dana hasil denda administratif dan penyelamatan keuangan negara hasil kerja Satgas Penertiban Kawasan Hutan dan Pertambangan (PKH) kepada pemerintah melalui Kementerian Keuangan. Total nilai penyelamatan keuangan negara tersebut mencapai total Rp 13,2 triliun atau tepatnya Rp 13.241.335.681.910,13. Proses penyerahan ini disaksikan langsung oleh Presiden Prabowo Subianto ""Pada kesempatan ini kami menegaskan komitmen Satgas PKH untuk memastikan bahwa setiap hasil penertiban kawasan hutan dapat dipertanggungjawabkan secara transparan dan memberikan manfaat nyata bagi negara,"" kata Jaksa Agung Sanitiar (St) Burhanuddin di Kantor Kejaksaan Agung, Jakarta Pusat, Selasa (6/10/2026). ""Kami melaporkan sekaligus menyerahkan uang sebesar Rp 13.241.335.681.910,13 kepada negara melalui Kementerian Keuangan untuk disetorkan ke kas negara,"" sambungnya. Secara rinci ia menjelaskan uang tersebut berasal dari penagihan denda administratif bidang kehutanan yang mencapai Rp 3.475.738.523.741,13 atau Rp 3,4 triliun. Kemudian ada juga penerimaan dari penanganan perkara pidana khusus sebesar Rp 1.535.750.234.271 atau Rp 1,5 triliun. Terakhir, Kejagung turut menyerahkan uang penerimaan pajak atas wajib pajak yang ditangani Satgas PKH mencapai Rp 8.229.846.923.898 atau Rp 8,2 triliun. Selain itu menyerahkan dana hasil pemulihan keuangan negara, Satgas PKH yang diwakili Burhanuddin menyerahkan kembali kawasan hutan tahap VIII dengan total lahan yang dikembalikan mencapai 259.230,73 hektare. Dari jumlah tersebut, 140.762,04 hektare merupakan kawasan sektor perkebunan yang diserahkan kepada Kementerian Kehutanan untuk dikelola Agrinas Palma Nusantara. Kemudian, 118.256,74 hektare berupa hutan konservasi dan hutan lindung diserahkan kepada Kementerian Kehutanan untuk dilakukan reforestasi. Sementara 211,95 hektare kawasan dari sektor pertambangan juga diserahkan kepada Kementerian Kehutanan. Secara keseluruhan, Satgas PKH mencatat kawasan hutan yang berhasil dikuasai kembali dari sektor perkebunan mencapai 6.206.212,14 hektare. Sementara dari sektor pertambangan mencapai 14.633,79 hektare. ""Bagi kami, capaian tersebut merupakan wujud nyata kehadiran negara dalam menjaga kekayaan alam, penegakan kewibawaan hukum, dan memastikan bahwa sumber daya yang merupakan milik negara pada akhirnya dapat diberikan manfaat yang sebesar-besarnya bagi kemakmuran rakyat,"" pungkasnya. Simak juga Video 'Pakar Ungkap Siapa yang Menikmati Pertumbuhan Ekonomi': (igo/fdl)",318
120,finance,https://finance.detik.com/moneter/d-8695080/perencanaan-keuangan-tak-cuma-tabungan-dan-investasi-ini-yang-sering-luput,"Perencanaan keuangan tidak hanya soal tabungan dan investasi. Hal yang sering luput adalah proteksi. Risiko yang tidak terduga, seperti meninggal dunia, kecelakaan, maupun penyakit kritis, dapat berdampak pada kondisi finansial keluarga. Asuransi Jiwa Optimal Sejahtera Plus (Aurora Plus) dari BRI Life memberikan manfaat uang pertanggungan kepada keluarga ketika tertanggung mengalami risiko yang dijamin dalam polis. ""Perencanaan keuangan yang baik perlu dibangun secara menyeluruh, tidak hanya melalui pengelolaan aset dan investasi, tetapi juga dengan memastikan adanya perlindungan terhadap risiko kehidupan. Melalui Aurora Plus, BRI Life berupaya menghadirkan solusi perlindungan jiwa yang dapat membantu nasabah mempersiapkan ketahanan finansial bagi dirinya dan keluarga,"" kata Direktur Pemasaran BRI Life Tina Meilina dalam keterangan tertulis, Selasa (6/10/2026). | Baca juga: Aset Industri Asuransi RI Tembus Rp 1.200 T | Besaran uang pertanggungan hingga Rp 5 miliar bagi tertanggung dewasa dan Rp 1 miliar untuk anak-anak sesuai dengan ketentuan yang berlaku. Besaran tersebut dapat membantu memberikan dukungan finansial kepada keluarga ketika tertanggung meninggal dunia atau mengalami risiko lain yang dijamin dalam polis. Besaran premi disesuaikan dengan uang pertanggungan dan usia masuk tertanggung, mulai dari Rp 500.000 per bulan atau Rp 6 juta per tahun. ""Dengan pilihan premi bulanan maupun tahunan, kami berharap Aurora Plus dapat memberikan kemudahan bagi masyarakat dalam menyesuaikan kebutuhan perlindungan dengan perencanaan keuangannya. Setiap keluarga memiliki kebutuhan dan kondisi finansial yang berbeda, sehingga penting untuk memilih perlindungan yang sesuai,"" imbuh Tina. Aurora Plus dilengkapi dengan sejumlah manfaat yang dapat memberikan nilai tambah bagi nasabah, salah satunya pengembalian premi 105% apabila tertanggung hidup hingga akhir masa asuransi, sesuai dengan ketentuan polis. Asuransi ini juga memberikan perlindungan terhadap lima penyakit kritis, yaitu kanker, serangan jantung, stroke, gagal ginjal, dan hepatitis fulminant, sesuai dengan ketentuan yang berlaku. Produk ini juga menyediakan manfaat pengunduran diri (surrender) bagi pemegang polis yang memutuskan untuk tidak melanjutkan pertanggungan, dengan mengikuti ketentuan yang tercantum dalam polis. Simak juga Video 'Prabowo soal Iklim Investasi RI Dibandingkan dengan Malaysia-Vietnam': (ily/ara)",317
121,finance,https://finance.detik.com/berita-ekonomi-bisnis/d-8695003/elon-musk-cuma-butuh-sehari-untuk-tambah-kaya-rp-1-163-t,"Elon Musk kembali menyandang status sebagai triliuner. Di mana kekayaan Elon Musk melonjak US$ 65 miliar atau sekitar Rp 1.163 triliun dalam sehari hingga mencapai US$ 1,04 triliun atau setara Rp 18.616 triliun (Kurs Rp 17.900). Berdasarkan Bloomberg Billionaires Index dikutip, Senin (6/10/2026), kenaikan kekayaan Elon Musk terjadi seiring menguatnya nilai saham SpaceX dan Tesla Inc. Adapun saham SpaceX naik 13% sejak awal Oktober, sementara Tesla menguat 6,7%. Dengan begitu, ini menjadi kali pertama dalam tiga bulan terakhir kekayaan taipan teknologi berusia 55 tahun itu kembali mencapai angka 13 digit. Elon Musk sendiri sebelumnya pernah menjadi triliuner pertama di dunia pada Juni ketika saham SpaceX melonjak setelah penawaran umum perdana (initial public offering/IPO) yang memecahkan rekor. Namun, status triliuner itu tak bertahan lama setelah saham SpaceX merosot akibat kekhawatiran atas valuasi perusahaan yang dinilai terlalu tinggi. Pada akhir Juli, penurunan kekayaan Musk lebih dari US$ 600 miliar dari puncaknya melampaui kekayaan bersih siapa pun yang pernah masuk dalam daftar 500 orang terkaya di dunia versi Bloomberg, selain Musk sendiri. Pada Senin, Analis Morgan Stanley menyebut SpaceX sebagai salah satu cara termurah untuk mendapatkan eksposur terhadap ""strong optionality"" di sektor antariksa dan kecerdasan intelijen. Pernyataan itu menambah dorongan bagi reli saham perusahaan yang bergerak di bidang antariksa, kecerdasan buatan (AI), dan media sosial tersebut. Sahamnya telah rebound 58% dari level terendah pada Agustus. Sementara itu, Tesla pada pekan lalu melaporkan penjualan kuartal III yang lebih baik dari perkiraan. Bloomberg mencatat kepemilikan Musk di SpaceX dan Tesla menyumbang lebih dari 98% dari total kekayaannya. Simak juga Video 'Elon Musk Bidik Produksi 200 Gigawatt Energi Surya di Luar Angkasa': (hrp/fdl)",267
122,finance,https://finance.detik.com/berita-ekonomi-bisnis/d-8694989/bocoran-rencana-gaji-pns-dibayar-lewat-koperasi,"Pemerintah berencana menjadikan koperasi sebagai unit pelayanan penyaluran gaji pegawai negeri sipil (PNS) dan pembayaran pensiun. Rencana ini masih dalam proses pembahasan di Kementerian Keuangan (Kemenkeu) untuk memperkuat fungsi koperasi. ""Kemarin kami juga membicarakan tentang bagaimana saya bersama Menteri Keuangan akan memastikan koperasi bisa menjadi unit layanan jasa untuk membayar gaji pegawai negeri dan pensiun,"" ungkap Menteri Koperasi (Menkop), Ferry Juliantono, dikutip dari Antara, Selasa (6/10/2026). Ia menjelaskan, langkah ini akan memperkuat layanan koperasi kepada masyarakat sekaligus meningkatkan daya saing dengan perbankan. Rencana ini juga menjadi bagian dari Rancangan Undang-Undang (RUU) Perkoperasian yang tengah dibahas di Dewan Perwakilan Rakyat (DPR). Dalam RUU tersebut, Ferry mengatakan akan ada pembentukan badan pengawas koperasi di luar Otoritas Jasa Keuangan (OJK). Selain itu, RUU itu juga memuat fungsi baru Lembaga Penjamin Simpanan (LPS) untuk melindungi simpanan masyarakat di koperasi. ""Kalau itu terjadi dalam waktu dekat keberadaan koperasi-koperasi akan bisa bersaing dengan perbankan yang ada di Indonesia,"" ujarnya. Sebagai informasi, Ferry mengaku telah mencermati draf Rancangan Undang-Undang (RUU) tentang Perubahan Keempat atas Undang-Undang Nomor 25 Tahun 1992 tentang Perkoperasian. Ferry menilai UU Perkoperasian yang ada saat ini sudah berusia 34 tahun dan tidak lagi relevan dengan dinamika zaman. RUU inisiatif DPR ini dipandang sebagai momentum besar untuk menata ulang ekosistem koperasi secara holistik dan komprehensif. ""UU Nomor 25 Tahun 1992 dalam perkembangannya dinilai sudah tidak relevan. Ini adalah momentum besar bagi bangsa untuk menata secara menyeluruh kehidupan perkoperasian di Indonesia,"" ujar Ferry dalam Rapat Kerja bersama Komisi VI DPR, dikutip dari keterangan tertulis, Rabu (17/6/2026). Simak juga Video 'Prabowo soal Gaji-PNS Kurang Baik: Uangnya Gak Ada':",261
123,finance,https://finance.detik.com/berita-ekonomi-bisnis/d-8694960/harga-tiket-whoosh-diskon-rp-150-ribu-begini-cara-dapatnya,"PT Kereta Cepat Indonesia China (KCIC) memberikan promo tiket kereta cepat Jakarta-Bandung Whoosh dalam rangkaian acara 10.10. Melalui promo ini masyarakat dapat menikmati diskon hingga 50% atau potongan harga hingga Rp 150.000 untuk perjalanan yang lebih hemat. General Manager Corporate Secretary KCIC, Eva Chairunisa, mengatakan diskon ini bisa didapatkan melalui pembelian tiket di mitra penjualan resmi. Hal ini dilakukan untuk memberikan kemudahan dan nilai tambah bagi masyarakat saat menggunakan Whoosh. ""Melalui promo 10.10 ini, masyarakat dapat menikmati perjalanan Whoosh yang cepat dan nyaman dengan harga lebih hemat. Berbagai pilihan promo dapat dimanfaatkan untuk merencanakan perjalanan, baik untuk berwisata, mengunjungi keluarga, maupun keperluan bisnis,"" ujar Eva dalam keterangan resminya, Selasa (6/10/2026). Secara rinci ia menjelaskan untuk pembelian melalui platform tiket.com, masyarakat dapat memperoleh diskon tiket Whoosh hingga 50% untuk perjalanan satu arah pada rute Jakarta-Bandung dan Jakarta-Karawang. Dalam hal ini, promo berlangsung pada 5-11 Oktober 2026 melalui mekanisme flash sale dengan kuota terbatas. Pada 5-9 Oktober dan 11 Oktober 2026, ada flash sale tiket Whoosh tersedia pukul 10.00-12.00 WIB. Khusus pada 10 Oktober 2026, masyarakat memiliki dua kesempatan untuk mendapatkan promo, yaitu pukul 10.00-12.00 WIB dan 19.00-21.00 WIB. Promo dapat digunakan untuk tanggal keberangkatan kapan pun sesuai ketersediaan tiket dan ketentuan yang berlaku. Sementara untuk pembelian melalui Traveloka, masyarakat dapat memperoleh potongan harga tiket Whoosh hingga Rp 150.000 dengan memasukkan kode promo 1010NAIKWHOOSH. Promo berlaku untuk pembelian pada 1-10 Oktober 2026 dengan periode keberangkatan kapan pun sesuai ketersediaan tiket dan ketentuan yang berlaku. Terdapat dua skema promo Traveloka, yaitu diskon 2% dengan potongan maksimal Rp 100.000 untuk minimum transaksi Rp 400.000, serta diskon 2% dengan potongan maksimal Rp 150.000 untuk minimum transaksi Rp 300.000 bagi pembelian tiket untuk dua penumpang. Kode promo dimasukkan saat melakukan pemesanan tiket Whoosh melalui Traveloka. Eva mengimbau masyarakat untuk memperhatikan ketentuan masing-masing platform mitra penjualan tersebut termasuk periode pembelian, waktu dilakukan flash sale, minimum transaksi, dan ketersediaan kuota. Untuk informasi lengkap mengenai mekanisme serta syarat dan ketentuan promo dari masing-masing platform dapat dilihat melalui aplikasi tiket.com dan Traveloka. ""Kami mengajak masyarakat untuk memanfaatkan promo sesuai kebutuhan perjalanan dan mencatat waktu flash sale karena kuotanya terbatas. Dengan merencanakan perjalanan sejak awal, masyarakat dapat memilih jadwal yang sesuai sekaligus memanfaatkan penawaran yang tersedia,"" tutur Eva. Untuk informasi lebih lanjut, masyarakat dapat menghubungi Customer Service di stasiun atau Contact Center KCIC melalui WhatsApp chat dan panggilan di 0811-8888-111, email cs@kcic.co.id, serta DM Instagram @keretacepat_id. Simak juga Video 'Utang Whoosh Beralih ke Kemenkeu, Ndak Bahaya Ta?': (igo/fdl)",407
124,finance,https://finance.detik.com/bursa-dan-valas/d-8694958/ajaib-permudah-akses-saham-as-hadirkan-buying-power-promo-rp-30-juta,"Ajaib terus memperkuat layanan Saham Amerika untuk menjawab kebutuhan investor ritel yang ingin membangun portofolio lebih beragam tanpa harus berpindah platform. Melalui Ajaib, investor dapat mengakses saham Indonesia sekaligus lebih dari 600 Saham Amerika dan ETF, mengelola saldo dalam Rekening USD, hingga order beli dengan sistem Buying Power yang lebih fleksibel. Pilihan Saham Amerika dan ETF di Ajaib mencakup berbagai sektor, mulai dari teknologi, kesehatan, keuangan, energi, hingga konsumer. Bagi investor yang belum ingin memilih saham satu per satu, ETF memberi eksposur ke banyak saham atau satu sektor sekaligus melalui satu instrumen. Sejak pertama kali menghadirkan layanan Saham Amerika pada Februari 2025, Ajaib terus mencatat peningkatan minat dari investor ritel. Pada Agustus 2026, jumlah pengguna yang bertransaksi Saham Amerika di Ajaib tumbuh 2,5 kali lipat 1 dibandingkan periode yang sama tahun sebelumnya. AVP Digital & Marketing Ajaib, Azizah menjelaskan bahwa ETF juga semakin diminati, terutama oleh investor pemula, sebagai cara praktis untuk mulai berinvestasi di pasar global. ""Pertumbuhan ini mencerminkan perubahan cara investor Indonesia, terutama generasi muda, memandang investasi. Mereka tidak lagi membatasi diri pada pasar domestik, tetapi ingin menjadi bagian dari pertumbuhan perusahaan-perusahaan terbaik dunia. Kami ingin memastikan peluang itu dapat diakses setiap investor Indonesia, cukup dari satu aplikasi,"" ujar Azizah dalam keterangan tertulis, Selasa (6/10/2026). Pengalaman Investasi yang Lebih Menyeluruh Selain pilihan yang luas, Ajaib menyediakan rekening USD. Saldo yang belum diinvestasikan tetap berpotensi memperoleh yield hingga 4,63% p.a.,* terdiri dari yield dasar hingga 3,63% p.a.,* dan bonus 1% p.a.* Adapun untuk dana baru yang memenuhi syarat dengan minimum US$5.000 Yield dihitung harian dan dibagikan setiap bulan dalam bentuk saldo USD. Ajaib memperbarui sistem Buying Power untuk mempermudah transaksi order beli saham Amerika Serikat (AS) bagi para penggunanya. Melalui pembaruan ini, saldo lain di akun Ajaib dapat digunakan saat saldo utama USD tidak mencukupi dengan memberikan persetujuan pada halaman order. Bagi investor yang ingin mulai mencoba, Ajaib menggelar program Trading Saham AS Pertama Kali dengan total hadiah saldo rekening Saham Amerika senilai 30 juta. Program berlangsung pada 14 September hingga 14 Oktober 2026, dengan syarat transaksi kumulatif minimal US$100 selama periode program, sesuai syarat dan ketentuan yang berlaku. Simak juga Video 'Pasar Saham AS Naik Seusai Pengumuman Program Baru Trump': (prf/ega)",363
125,finance,https://finance.detik.com/berita-ekonomi-bisnis/d-8694848/81-4-rekomendasi-bpk-ditindaklanjuti-rp-163-61-t-disetor-ke-negara,"Badan Pemeriksa Keuangan (BPK) mencatat 81,4% rekomendasi hasil pemeriksaan yang dilakukan pada periode 2005 hingga 2025 telah selesai ditindaklanjuti oleh berbagai pihak. Hal ini tertuang dalam Ikhtisar Hasil Pemeriksaan Semester (IHPS) I Tahun 2026. Ketua BPK Isma Yatun menyampaikan hasil dari tindak lanjut tersebut telah dilakukan penyetoran uang dan atau penyerahan aset ke negara, daerah, atau perusahaan oleh entitas dari hasil pemeriksaan tahun 2005 sebesar Rp 163,61 triliun. ""Termasuk Rp 3,68 triliun yang berasal dari hasil pemeriksaan periode 2025,"" kata Isma dalam Sidang Paripurna DPR RI Ke-9 Masa Persidangan Tahun 2026-2027, Selasa (6/10/2026). Selain itu, BPK mencatat hasil pemantauan penyelesaian ganti kerugian negara atau daerah yang telah ditetapkan mencapai Rp 6,23 triliun selama periode 2005 hingga semester I 2026. Isma menyampaikan dari jumlah tersebut, Rp 2,27 triliun telah dilunasi. Kemudian Rp1,9 triliun masih dalam proses angsuran dan Rp 211,46 miliar telah dilakukan penghapusan. ""Dengan demikian, masih terdapat sisa kerugian sebesar Rp 1,85 triliun atau 29,7% dari total kasus kerugian yang telah ditetapkan,"" ujarnya. ""Angka tersebut mengingatkan kita bahwa keberhasilan pemeriksaan tidak berhenti pada rekomendasi, tapi pada perubahan yang dihasilkannya, yakni kerugian dipulihkan, tata kelola diperbaiki, dan manfaat keuangan negara semakin nyata bagi masyarakat,"" sambungnya. Tonton juga video ""BPK Ungkap Kementerian/Lembaga Raih WTP Tahun 2025"" (fdl/fdl)",205
126,finance,https://finance.detik.com/energi/d-8694823/pemerintah-mau-buka-lahan-tebu-buat-dorong-e20,"Menteri Koordinator (Menko) Bidang Pangan, Zulkifli Hasan (Zulhas), mengatakan pemerintah akan membuka lahan baru untuk mendukung campuran bahan bakar minyak (BBM) etanol 20% atau E20. Langkah ini dilakukan untuk memenuhi kebutuhan tebu sebagai bahan baku produksi gula sekaligus etanol. Zulhas menjelaskan, bahan baku etanol untuk campuran E20 tidak hanya berasal dari tebu, tetapi juga singkong dan komoditas lainnya. Namun ia mengatakan pasokan bahan baku saat ini masih terbatas. ""Ya kebunnya ditambah, ya E20 itu ya antara lain bisa dari tebu, bisa dari singkong, bisa dari yang lain. Kalau sekarang kan kurang kan, jadi kalau kita mau tebu ya harus buka kebun baru,"" ungkap Zulhas kepada wartawan di Hotel Kempinski, Jakarta, Selasa (6/10/2026). Dalam kesempatan terpisah, Zulhas mengatakan E20 menjadi salah satu dari lima mesin pertumbuhan yang memperkuat daya saing Indonesia. Kelima mesin pertumbuhan itu di antara hutan dan lahan, energi salah satunya B50 dan E20, industri hijau, sektor strategis pertanian, hingga pengelolaan limbah sampah. Sebelumnya, Menteri Pertanian Andi Amran Sulaiman mengatakan pemerintah akan membuka lahan baru seluas sekitar 1-2 juta hektare untuk menanam tiga komoditas utama bahan baku E20, yakni tebu, singkong, dan jagung. Pemerintah juga akan mendorong pembangunan pabrik etanol di berbagai daerah dengan melibatkan investasi dari swasta dan BUMN. Menurut Amran, pengembangan etenol ini menjadi bagian dari upaya mendorong kemandirian energi. Proyek ini disebut bisa menghemat devisa mencapai US$ 30 miliar atau sekitar Rp 500 triliun per tahun. ""Etanol ini butuh lahan 1-2 juta hektar dengan tiga komoditas strategis. Insya Allah kita akan bangun pabriknya kita gerakan masif di seluruh Indonesia. Iya, lahan baru,"" ungkap Amran usai rapat di kediamannya di Kalibata, Jakarta, Senin (21/9). Tonton juga video ""Pemandangan Langit Singapura saat Diselimuti Kabut Asap Karhutla"" (acd/acd)",279
127,finance,https://finance.detik.com/berita-ekonomi-bisnis/d-8694815/transaksi-ekspor-umkm-tembus-rp-6-21-t,"Menteri Perdagangan (Mendag) Budi Santoso mengatakan transaksi ekspor dari program Usaha Mikro Kecil dan Menengah (UMKM) Bisa Ekspor mencapai US$ 347 juta atau setara Rp 6,21 triliun (kurs Rp 17.900) pada Januari hingga Agustus 2026. Budi mengatakan mempunyai perwakilan atase perdagangan dan Indonesia Trade Promotion Center (ITPC) di 33 negara dengan total 46 perwakilan. Melalui program ini, pelaku UMKM dapat bertemu dengan calon pembeli dari luar negeri. ""Tahun lalu transaksinya mencapai US$ 134,8 juta. Tahun ini sampai Januari sampai Agustus transaksinya sudah US$ 347 juta,"" ujar Budi dalam Kick Off Fasilitas Sertifikasi Barcode Produk Pangan di Kemendag, Jakarta Pusat, Selasa (6/10/2026). Budi menjelaskan sebagian besar UMKM yang ikut program ini belum pernah ekspor. Menurutnya, tujuan program ini agar semua pelaku usaha dapat melakukan ekspor, tidak hanya perusahaan besar saja. Tak hanya program UMKM Bisa Ekspor, pihaknya juga mendorong UMKM masuk ritel modern dalam negeri. Salah satunya, fasilitas sertifikasi barcode yang bekerja sama dengan perusahaan GS1 Indonesia untuk produk pangan kemasan dan perawatan kecantikan. ""Kita sudah punya kerja sama dengan Aprindo dengan Hippindo kalau kita lihat sekarang banyak produk-produk lokal kita ini yang sudah ada di ritel modern,"" jelas Budi. Budi menjelaskan pada tahap awal ada 50 UMKM yang telah melalui proses kurasi. Menurut Budi, barcode ini mempermudah layanan, penyimpanan, hingga distribusi produk. Adapun syaratnya, yakni produk harus mempunyai daya saing dan bagus. ""Konsumen punya standar yang kemudian direpresentasikan ke dalam ritel. Ritel juga punya standar. Karena kalau ritel enggak punya standar ya konsumen juga enggak mau pasti beli barang yang lebih bagus,"" beber ia. Pada saat yang sama, Budi menjelaskan Trade Expo Indonesia yang akan berlangsung pada 14-18 Oktober di ICE BSD ini, sebanyak 5.400 buyer asing telah mengonfirmasi kehadiran. Namun, ia optimis jumlah buyer yang datang akan semakin bertambah. Pada TEI 2025, jumlah buyer yang datang 8.045 dengan nilai transaksi US$ 22,8 miliar. Tahun ini, Budi menargetkan transaksi TEI US$ 17,5 miliar. Tonton juga video ""Driver Ojol Bakal Jadi UMKM, Perpres Dikebut Sebelum 17 Agustus"" (rea/ara)",327
128,finance,https://finance.detik.com/berita-ekonomi-bisnis/d-8694771/aturan-pesangon-berubah-phk-diperketat-di-uu-ketenagakerjaan-baru,"Indonesia resmi memiliki Undang-Undang (UU) tentang Pelindungan Ketenagakerjaan yang baru. Aturan tersebut mengubah sejumlah ketentuan terkait pemutusan hubungan kerja (PHK) hingga besaran pesangon yang diterima. Menteri Ketenagakerjaan (Menaker) Yassierli mengatakan, salah satu perubahan dalam aturan baru tersebut adalah tidak adanya lagi faktor pengali 0,5 kali dalam penghitungan pesangon. Menurutnya, pesangon yang diterima pekerja paling sedikit menggunakan pengali satu kali. ""Nanti kalau lebih detailnya nanti deh, kita tunggu aja draftnya, tapi jelas kalau kemarin masih ada istilahnya pesangonnya pengalinya 0,5 itu tentu sudah tidak ada lagi,"" kata Yassierli di DPR RI, Selasa (6/10/2026). | Baca juga: RI Resmi Punya UU Ketenagakerjaan Baru! | Saat ditanya apakah pengali pesangon menjadi satu kali atau dua kali, Yassierli menegaskan besarannya minimal satu kali. Namun, besaran yang diterima pekerja nantinya tetap bergantung pada sejumlah faktor. ""Nanti dilihat aja detailnya. Tergantung pengalinya itu karena faktor apa dan kemudian berapa lama dia bekerja. Minimal satu kali,"" sambungnya. Selain perubahan pesangon, Yassierli mengatakan ketentuan mengenai PHK juga diperketat. Menurutnya, perusahaan tidak bisa dengan mudah melakukan PHK terhadap pekerja dengan menggunakan alasan tertentu, termasuk efisiensi. ""Dan tidak ada juga alasan perusahaan mem-PHK dengan mudah karena alasannya apakah karena efisiensi dan seterusnya,"" tegas Yassierli. Meski demikian, Yassierli belum menjelaskan secara terperinci ketentuan baru mengenai alasan maupun mekanisme PHK tersebut. Ia meminta publik menunggu naskah aturan untuk melihat ketentuan secara lengkap. Aturan baru tersebut juga memperkenalkan dana cadangan pesangon. Yassierli menjelaskan kebijakan ini dilatarbelakangi kondisi perusahaan yang dalam sejumlah kasus tidak memiliki dana ketika harus membayar pesangon kepada pekerja. ""Realitas sekarang kalau kita lihat ternyata ketika perusahaannya itu ingin membayar dana pesangon alasannya kami sudah tidak punya dana dan seterusnya. Makanya di undang-undang ini, sebagai payungnya bahwa akan ada dana cadangan pesangon,"" jelas Yassierli. Mekanisme dana cadangan pesangon belum diatur secara terperinci dalam UU tersebut. Ketentuan lebih lanjut mengenai dana cadangan pesangon akan dituangkan dalam Peraturan Pemerintah (PP). Tonton juga video ""Buruh di Purwakarta Turun ke Jalan,Tuntut Kepastian Hukum UU Ketenagakerjaan"" (ily/ara)",321
129,finance,https://finance.detik.com/berita-ekonomi-bisnis/d-8694909/respons-uu-ketenagakerjaan-baru-pengusaha-minta-kepastian-untuk-investasi,"Pengusaha yang tergabung dalam Badan Pengurus Pusat Himpunan Pengusaha Muda Indonesia (BPP HIPMI) menyoroti pentingnya kepastian regulasi setelah DPR RI bersama pemerintah mengesahkan Undang-Undang tentang Pelindungan Ketenagakerjaan dalam Rapat Paripurna DPR RI, Selasa (6/10/2026). Ketua Umum BPP HIPMI, Ade Jona Prasetyo, mengatakan kepastian regulasi ketenagakerjaan dibutuhkan dunia usaha, termasuk untuk mengambil keputusan investasi, melakukan ekspansi, dan membuka lapangan kerja. ""Pengusaha membutuhkan kepastian untuk berusaha, dan pekerja membutuhkan kepastian untuk bekerja. Ketika keduanya mendapatkan kepastian, dunia usaha akan lebih percaya diri melakukan investasi dan ekspansi. Pada akhirnya yang kita harapkan adalah semakin banyak lapangan kerja berkualitas yang tercipta bagi masyarakat Indonesia,"" katanya dalam keterangan tertulis, Selasa (6/10/2026). Menurut Ade Jona, HIPMI menyambut positif pengesahan UU Pelindungan Ketenagakerjaan. Menurutnya, perlindungan pekerja dan pertumbuhan dunia usaha perlu berjalan beriringan. ""HIPMI menyambut positif lahirnya Undang-Undang Pelindungan Ketenagakerjaan. Bagi kami, perlindungan pekerja dan pertumbuhan dunia usaha bukan dua kepentingan yang harus dipertentangkan. Perusahaan yang sehat membutuhkan pekerja yang produktif dan sejahtera, sementara kesejahteraan pekerja juga membutuhkan dunia usaha yang terus tumbuh dan menciptakan lapangan kerja,"" ujar Ade Jona. Sebelum disahkan dalam Rapat Paripurna, Rancangan Undang-Undang Pelindungan Ketenagakerjaan telah mendapat persetujuan pemerintah dan seluruh fraksi dalam pembicaraan tingkat I di Komisi IX DPR RI. Rancangan tersebut terdiri atas 23 bab dan 313 pasal. Isinya mencakup perlindungan pekerja, kepastian hukum bagi pekerja dan pemberi kerja, kesempatan kerja, produktivitas, pengupahan, hubungan industrial, pengawasan, hingga perubahan dunia kerja dan transformasi digital. Ade Jona mengatakan tantangan ketenagakerjaan ke depan tidak hanya terkait perlindungan pekerja. Menurutnya, peningkatan produktivitas, kompetensi sumber daya manusia, penciptaan pekerjaan baru, serta kemampuan regulasi mengikuti perubahan model bisnis dan teknologi juga menjadi perhatian. ""Semangatnya harus menjaga keseimbangan. Hak pekerja harus terlindungi, tetapi pada saat yang sama perusahaan juga harus mempunyai ruang untuk tumbuh, berinovasi, dan menyerap lebih banyak tenaga kerja. Hubungan industrial yang sehat adalah ketika pekerja dan perusahaan sama-sama tumbuh,"" ujar Ade Jona. Ia menilai tahap berikutnya setelah pengesahan UU adalah memastikan aturan tersebut dapat diterapkan secara konsisten dan memberikan kepastian bagi pekerja maupun dunia usaha. Karena itu, HIPMI memandang dialog antara pemerintah, pekerja, dan dunia usaha tetap diperlukan dalam pelaksanaan kebijakan ketenagakerjaan. Menurutnya, ketiga pihak memiliki tujuan yang sama untuk menciptakan perekonomian yang produktif dan kompetitif serta meningkatkan kesejahteraan masyarakat. Sebagai organisasi pengusaha muda dengan jaringan di 38 provinsi dan kabupaten/kota di Indonesia, HIPMI menyatakan siap menyosialisasikan kebijakan ketenagakerjaan kepada pelaku usaha serta menyampaikan masukan dari pengusaha muda di daerah dalam tahap implementasi. ""HIPMI siap menjadi mitra pemerintah. Kita ingin implementasi undang-undang ini benar-benar mampu menciptakan hubungan industrial yang semakin baik, meningkatkan produktivitas, memberikan kepastian bagi dunia usaha, dan membuka semakin banyak kesempatan kerja,"" kata Ade Jona. ""Pada akhirnya ukurannya sederhana: pekerja semakin sejahtera, pengusaha semakin produktif, investasi bertumbuh, dan semakin banyak masyarakat Indonesia mendapatkan pekerjaan yang layak. Pekerja dan pengusaha harus maju bersama,"" tutupnya. Simak juga Video 'Prabowo soal Iklim Investasi RI Dibandingkan dengan Malaysia-Vietnam': (igo/fdl)",472
130,finance,https://finance.detik.com/berita-ekonomi-bisnis/d-8694664/aturan-baru-outsourcing-bumn-wajib-lewat-anak-perusahaan,"Ketentuan baru mengenai pekerja alih daya atau outsourcing di Badan Usaha Milik Negara (BUMN) diwajibkan dilakukan melalui anak perusahaan. Hal ini diatur dalam Undang-Undang (UU) tentang Pelindungan Ketenagakerjaan yang disahkan dalam Rapat Paripurna DPR RI hari ini. ""Dan terakhir, penguatan pelindungan pekerja/buruh alih daya pada BUMN, yaitu dengan mewajibkan penyelenggaraan alih daya oleh anak perusahaan,"" kata Menteri Ketenagakerjaan (Menaker) Yassierli dalam Rapat Paripurna DPR RI, di Jakarta, Selasa (6/10/2026). Aturan mengenai outsourcing BUMN menjadi salah satu dari sejumlah ketentuan baru yang dimasukkan dalam UU Pelindungan Ketenagakerjaan. Aturan lainnya mencakup dana cadangan pesangon dan Jaminan Kehilangan Pekerjaan (JKP) bagi pekerja yang terkena pemutusan hubungan kerja (PHK). UU tersebut juga mengatur larangan penahanan ijazah dan dokumen pribadi lainnya dalam proses perekrutan dan penempatan tenaga kerja. Perlindungan hak pekerja perempuan, termasuk cuti melahirkan dan keguguran beserta upahnya, turut diatur. ""Kepastian larangan atas penahanan ijazah dan dokumen pribadi lainnya dalam proses perekrutan dan penempatan tenaga kerja,"" tegas Yassierli. Yassierli menilai UU Pelindungan Ketenagakerjaan secara keseluruhan telah merefleksikan keseimbangan antara perlindungan hak dasar pekerja atau buruh dengan keberlangsungan dunia usaha. Tonton juga video ""Demo Buruh di DPR, Tuntut Janji UU Ketenagakerjaan-Hapus Outsourcing"" (ily/ara)",188
131,finance,https://finance.detik.com/berita-ekonomi-bisnis/d-8694656/pemerintah-targetkan-raup-rp-3-800-t-dari-hilirisasi-dalam-4-tahun,"Pemerintah menargetkan nilai investasi di sektor hilirisasi dapat mencapai Rp 3.800 triliun dalam kurun waktu empat tahun ke depan. Penanaman investasi sebesar ini diharapkan menjadi mesin penciptaan lapangan kerja baru di Tanah Air. Menteri Koordinator Bidang Perekonomian Airlangga Hartarto mengatakan target setinggi itu merupakan rencana investasi hilirisasi yang didorong pemerintah untuk mengembangkan industri pengolahan dan meningkatkan nilai tambah sumber daya alam di dalam negeri. ""Kalau kita lihat dari segi lapangan kerja, hilirisasi diharapkan bisa mempekerjakan 3,5 juta tenaga kerja, dan ini sekali lagi investasi ke depan ditargetkan bisa Rp 3.800 triliun dalam 4 tahun ke depan,"" katanya di acara BIG Downstream Insight, Jakarta Selatan, Selasa (6/10/2026). Airlangga optimis target tersebut dapat tercapai mengingat tren positif investasi sektor hilirisasi yang sudah terlihat dari capaian paruh pertama tahun ini. Di mana nilai realisasi menunjukkan pertumbuhan yang konsisten dibandingkan periode yang sama tahun lalu. ""Realisasi hilirisasi di semester I (2026) Rp 300 triliun, ini naik 6,9% atau 7% terhadap dibandingkan dengan tahun lalu,"" ujarnya. Ia menjelaskan ke depan program hilirisasi nasional ini akan mencakup 28 komoditas unggulan yang tersebar di 8 sektor strategis. Hilirisasi diarahkan tidak hanya dilakukan pada komoditas mineral, namun juga sumber daya alam lain yang dapat diperbarui termasuk komoditas berbasis pertanian, perkebunan, dan kehutanan. ""Kemudian investasi yang dibutuhkan untuk 28 komoditas itu adalah US$ 618 billion dan harapannya bisa meningkatkan ekspor menjadi US$ 857 billion dan dengan nilai tambah US$ 235,9,"" tutur Airlangga. Meski begitu, ia menegaskan hilirisasi tidak sama dengan industrialisasi. Menurutnya hilirisasi merupakan salah satu cabang daripada industrialisasi yang juga tidak boleh diabaikan pemerintah mengingat kontribusinya yang sangat besar terhadap Produk Domestik Bruto (PDB) nasional. ""Hilirisasi salah satu daripada industri dan berbagai manufaktur lain yang didorong adalah tentunya seperti sektor otomotif, sektor tekstil produk tekstil, sektor fast moving consumer goods, kemudian sektor strategis lain,"" ujar Airlangga. ""Nah itu juga banyak yang perlu kita dorong agar kontribusi industri terhadap GDP itu bisa lebih tinggi dari 20%,"" tambahnya. Tonton juga video ""Bahlil Kini Rangkap Jabatan Menko Hilirisasi dan Menteri ESDM"" (igo/fdl)",331
132,finance,https://finance.detik.com/energi/d-8694625/hashim-ungkap-rencana-ri-geber-plts-nuklir,"Utusan Khusus Presiden Bidang Iklim dan Energi, Hashim Djojohadikusumo, mengungkap sejumlah program pemerintah di sektor energi. Salah satunya adalah pengembangan energi nuklir. Berdasarkan informasi yang diterimanya, PT Perusahaan Listrik Negara (Persero) atau PLN menargetkan kapasitas 7 gigawatt (GW) dari pengembangan pembangkit listrik tenaga nuklir (PLTN). Pengembangan energi nuklir ini menjadi salah satu upaya pemerintah untuk mengurangi dampak konflik di Timur Tengah terhadap sektor energi. ""Informasi terakhir yang saya terima dari Pak Darmawan (Direktur Utama PLN) target 7 gigawatt telah dimasukkan ke dalam pemetaan rencana induk energi nasional kita,"" ungkapnya dalam acara International Sustainability Forum di Hotel Kempinski, Jakarta, Selasa (6/10/2026). Hashim mengatakan, perekonomian suatu negara akan sangat rentan jika bergantung pada sumber energi luar negeri. Karenanya pemerintah menargetkan sejumlah kebijakan untuk memperkuat ketahanan energi domestik, termasuk mendorong pengembangan biofuel. ""Kita semua menyadari betapa rentannya perekonomian suatu negara apabila terlalu bergantung pada sumber energi luar negeri, terlebih dari kawasan dengan situasi politik yang tidak stabil. Oleh sebab itu, pemerintah terus melanjutkan program biofuel,"" jelasnya. Hashim menambahkan, pemerintah tengah menyiapkan strategi energi hijau dengan menargetkan kapasitas terpasang pembangkit listrik tenaga surya (PLTS) mencapai 100 gigawatt (GW). PLN juga disebut terbuka untuk berdiskusi mengenai pengembangan proyek PLTS dengan kapasitas tersebut. ""Pemerintah telah mengumumkan strategi energi hijau berupa target kapasitas terpasang pembangkit listrik tenaga surya (PLTS) sebesar 100 gigawatt. Bagi Anda yang berminat, Pak Darmawan Prasodjo selaku Direktur Utama PLN turut hadir di sini, saya yakin Pak Darmawan sangat terbuka untuk berdiskusi terkait proyek 100 gigawatt ini,"" pungkasnya. Tonton juga video ""Prabowo Ingin Setiap Desa Minimal Punya PLTS 1 Megawatt"" (acd/acd)",257
133,finance,https://finance.detik.com/industri/d-8694611/ekspor-baja-ri-dapat-tekanan-dunia-tarif-50-dipasang-di-mana-mana,"Menteri Koordinator Bidang Perekonomian Airlangga Hartarto mengungkapkan produk baja Indonesia menghadapi hambatan perdagangan (tariff barrier) yang sangat masif di pasar global. Salah satunya terkait penetapan tarif bea masuk sebesar 50% di Amerika Serikat (AS), Eropa, dan Inggris. Ia menjelaskan perdagangan komoditas baja nasional kini menjadi perhatian serius banyak negara maju. Sebab komoditas ini dipandang strategis karena menopang kebutuhan infrastruktur sipil, industri militer, hingga teknologi ruang angkasa. ""Steel dianggap sebagai strategic commodity terutama untuk selain untuk kebutuhan sipil juga kebutuhan militer dan ruang angkasa. Oleh karena itu mereka sangat concern terhadap keberadaan steel mill ataupun industri steel supaya tetap ada di negara masing-masing,"" katanya di acara BIG Downstream Insight, Jakarta Selatan, Selasa (6/10/2026). Untuk menjaga industri baja dalam negeri tetap beroperasi, negara-negara di Eropa hingga Amerika Serikat memutuskan untuk mengenakan tarif impor baja hingga 50%. Masalahnya kebijakan tarif ini berlaku juga untuk produk baja asal Indonesia. ""Akibatnya bagi Indonesia sendiri sebetulnya sangat straightforward di mana mereka dalam tanda petik tidak bisa bersaing dengan Indonesia, mereka mengenakan bea masuk untuk steel 50% di Amerika, Eropa juga nggak mau kalah steel dari Indonesia juga 50%, Inggris juga nggak mau kalah steel dari Indonesia 50%"" tegas Airlangga. Melihat perlakuan ketat dari negara-negara yang selama ini mengusung perdagangan bebas, Airlangga menegaskan Indonesia juga perlu mengambil langkah proteksi sejenis untuk mengamankan pasar dalam negeri serta menjaga daya saing industri nasional. ""Jadi inilah langkah-langkah yang dilakukan negara lain termasuk negara yang katanya negara maju dan juga mendukung multilateral trade dan ini yang harus kita perhatikan, dan Indonesia juga perlu untuk mengambil langkah-langkah sejenis untuk menjaga agar industri kita tetap kompetitif dan pasar di dalam negeri juga bisa dinikmati oleh produsen-produsen yang ada di dalam negeri,"" pungkasnya. Tonton juga video ""Prabowo di KTT BRICS: Bertahun-tahun Impor, Kini RI Ekspor Beras-Jagung"" (igo/fdl)",293
134,finance,https://finance.detik.com/berita-ekonomi-bisnis/d-8694606/sah-nyoman-adhi-dan-khaidir-jadi-anggota-bpk,"Nyoman Adhi Suryadnyana dan Khaidir Abdurrahman resmi menjadi anggota Badan Pemeriksa Keuangan (BPK). Pengesahan dilakukan dalam Rapat Paripurna ke-9 DPR Masa Persidangan I Tahun Sidang 2026-2027. Ketua DPR RI Puan Maharani awalnya meminta persetujuan anggota sidang terkait hasilfit and proper test oleh Komisi XI DPR RI yang memilih Nyoman dan Khaidir sebagai Anggota BPK. Peserta sidang kemudian memberikan persetujannya. ""Sekarang perkenankan kami menanyakan kepada sidang dewan yang terhormat apakah laporan komisi XI DPR RI terhadap hasil uji kelayakn fit and proper test calon anggota BPK RI periode 2026-2031 tersebut dapat disetujui? setuju. Terima kasih,"" ujar Puan dalam rapat tersebut di DPR RI, Jakarta, Selasa (6/10/2026). Sementara itu,Ketua Komisi XI DPR RI Mukhamad Misbakhun berharap terpilihnya Nyoman danKhaidir dapat memperkuat kinerja BPK. Kinerja yang kredibel penting demi mendapatkan kepercayaan masyarakat dalam setiap audit yang dilakukan BPK. ""Dengan terpilihnya dua anggota baru BPK RI periode 2026-2031 ini, diharapkan secara kelembagaan BPK RI semakin kuat dan semakin kredibel, serta semakin mendapatkan kepercayaan masyarakat, karena di setiap audit yang dilakukan BPK, di sana tercermin akuntabilitas pengelolaan keuangan negara yang diaudit mendalam dan profesional,"" sebut Misbakhun. Diberitakan sebelumnya, penetapan dua calon anggota BPK tersebut dilakukan setelah dilakukannya rapat internal Komisi XI DPR Masa Sidang I tahun sidang 2026-2027 pada Senin (5/10/2026). Secara total ada 23 calon anggota BPK yang melakukan fit and proper yang dibagi ke dalam dua panel. ""Berdasarkan hasil Rapat Internal Komisi XI DPR RI yang diselenggarakan secara musyawarah untuk mufakat, Komisi XI DPR RI telah menyepakati dan menetapkan Nyoman Adhi Suryadnyana, dan Saudara Khaidir Abdurrahman sebagai calon anggota Badan Pemeriksa Keuangan Republik Indonesia (BPK RI) terpilih untuk periode 2026-2031,"" seperti dikutip dari keterangan tertulis Komisi XI, DPR RI, Senin (5/10/2026). Tonton juga video ""BPK Ungkap Kementerian/Lembaga Raih WTP Tahun 2025"" (ily/ara)",289
135,finance,https://finance.detik.com/berita-ekonomi-bisnis/d-8694846/uu-ketenagakerjaan-baru-batasi-outsourcing-phk-wajib-lewat-perundingan,"Dewan Perwakilan Rakyat (DPR) resmi mengesahkan Rancangan Undang-Undang (RUU) Perlindungan Ketenagakerjaan menjadi undang-undang. Buruh buka suara terhadap pengesahan ini. Presiden Konfederasi Serikat Pekerja Seluruh Indonesia (KSPSI) Andi Gani Nena Wea menyampaikan apresiasi atas lahirnya Undang-Undang (UU) Perlindungan Ketenagakerjaan. Berbicara di atas mobil komando di hadapan massa buruh, Andi Gani menyebut UU Perlindungan Ketenagakerjaan sebagai bagian baru dalam perjalanan perjuangan pekerja di Indonesia. ""UU Perlindungan Ketenagakerjaan merupakan sejarah baru pembuatan konstitusi di Indonesia. DPR RI dan Pemerintah membuka diri untuk berdiskusi dan menyampaikan argumentasi masing-masing secara demokratis,"" kata Andi Gani di Jakarta, Selasa (6/10/2026). Menurutnya, perjuangan buruh yang berlangsung selama bertahun-tahun hingga berbulan-bulan menghasilkan sejumlah ketentuan yang dinilai mengakomodasi tuntutan utama pekerja. Andi Gani mengakui tidak seluruh pihak akan merasa puas dengan hasil pembahasan UU tersebut. Menurutnya, perbedaan pandangan merupakan hal yang biasa dalam demokrasi. ""Perjuangan berbulan-bulan ini tentu ada yang puas, ada yang sangat puas, dan ada juga yang tidak puas. Itu hal yang biasa dalam demokrasi,"" ujarnya. Andi Gani menyebut sebagian besar konfederasi yang tergabung dalam KBPBI menerima UU Perlindungan Ketenagakerjaan karena memuat sejumlah poin yang dinilai penting bagi buruh. Ia juga menyampaikan apresiasi kepada pimpinan DPR dan Panja Komisi IX yang terlibat dalam pembahasan aturan tersebut. Andi Gani secara khusus menyebut Wakil Ketua DPR Sufmi Dasco Ahmad, Cucun Ahmad Syamsurijal, Saan Mustopa, Ketua DPR Puan Maharani, serta jajaran Panja Komisi IX. ""KBPBI menghargai dedikasi keras dari pimpinan DPR, khususnya Pak Dasco, Pak Cucun, Pak Saan, Mbak Puan, dan juga Panja Komisi IX yang sudah sangat luar biasa berjuang,"" ungkapnya. Sementara itu, Wakil Presiden KSPSI R. Abdullah membeberkan sejumlah poin dalam UU Perlindungan Ketenagakerjaan yang menurutnya telah mengakomodasi tuntutan buruh. Abdullah menyampaikan apresiasi kepada DPR dan pemerintah karena telah mengakomodasi hal-hal yang selama ini menjadi poin penting dalam perjuangan buruh. ""Hal-hal yang dianggap substansial dan crucial point, Koalisi Besar menyatakan berterima kasih kepada DPR maupun pemerintah sudah mengakomodir hal-hal yang dianggap selama ini menjadi poin-poin penting,"" kata Abdullah. Poin pertama adalah mengenai pengupahan. Abdullah menyebut aturan mengenai upah minimum, baik provinsi maupun kabupaten/kota, termasuk upah minimum sektoral, telah memiliki parameter yang disepakati. Parameter tersebut mencakup pertumbuhan ekonomi dan inflasi yang dikalikan dengan alpha dalam rentang 0,5 hingga 1. Poin kedua berkaitan dengan pemutusan hubungan kerja (PHK). Abdullah menyebut terdapat tiga aspek yang diatur, yakni tata cara PHK, jenis PHK, dan kompensasi pesangon. Abdullah menegaskan PHK harus terlebih dahulu melalui proses perundingan bipartit antara serikat pekerja dan pengusaha. ""Bahwa PHK harus melalui proses perundingan bipartit antara serikat kerja dengan pengusaha,"" katanya. Menurut Abdullah, proses PHK juga harus melalui tahapan-tahapan yang telah ditentukan. Sementara untuk kompensasi pesangon, ketentuannya disebut kembali mengacu pada UU Nomor 13 Tahun 2003. Abdullah menilai adanya ketentuan tersebut memberikan kepastian mengenai hak pesangon pekerja. Ia mencontohkan kasus PT Sri Rejeki Isman Tbk (Sritex). ""Ke depan tidak ada lagi seorang pekerja yang khawatir pesangonnya tidak dibayar oleh perusahaan. Contoh kasus Sritex, nanti ke depan sudah tidak ada lagi,"" tegasnya. Poin ketiga adalah pembatasan outsourcing. Abdullah menyebut jenis pekerjaan yang dapat dialihdayakan akan dibatasi dalam UU tersebut. ""Sangat dibatasi tentang outsourcing. Jadi pekerjaan-pekerjaan yang dibolehkan di-outsourcing sangat dibatasi oleh UU ini, hanya dimungkinkan empat jenis pekerjaan plus satu sektor pertambangan,"" ujarnya. (fdl/fdl)",523
136,finance,https://finance.detik.com/energi/d-8694569/as-pasang-tarif-104-ke-panel-surya-ri-akhirnya-pilih-pakai-sendiri,"Menteri Koordinator Bidang Perekonomian Airlangga Hartarto mengatakan produk panel surya asal Indonesia dikenakan tarif bea masuk hingga 104% di Amerika Serikat (AS). Kondisi membuat pemerintah enggan melanjutkan ekspor produk ini dan pilih untuk menggunakannya di dalam negeri. Ia menjelaskan kondisi ini berawal dari kondisi Indonesia yang memiliki kapasitas produksi panel surya yang telah mendekati 11 gigawatt (GW). Karena sudah memiliki kapasitas terpasang yang besar, banyak produk panel surya Indonesia kemudian diekspor ke AS. Namun, lonjakan kinerja ekspor yang cukup signifikan ke Negeri Paman Sam itu, pemerintahan Presiden AS Donald Trump justru malah mengenakan tarif impor yang sangat tinggi. Hal ini dimaksudkan untuk menjaga pasar Paman Sam dari gempuran panel surya Indonesia. ""Beberapa rantai yang kita harus jaga yaitu dari segi bahan baku tentu energi, dan energi ini bisa juga dari surya yang relatif Indonesia sudah mempunyai kapasitas produksi mendekati 11 gigawatt dan ekspor Indonesia naik ke Amerika dalam 1 tahun lebih dari 100% tetapi dampaknya juga langsung Indonesia dikenakan bea masuk untuk solar panel 104%"" kata Airlangga dalam acara BIG Downstream Insight, Jakarta Selatan, Selasa (6/10/2026). Airlangga mengatakan pengenaan tarif 104% tersebut secara otomatis menutup pintu perdagangan solar panel Indonesia ke AS. Atas dasar inilah pemerintah kemudian mengalihkan fokus untuk menyerap semua produksi dalam negeri melalui program listrik bersih 100 gigawatt peak (GWp). ""Dipastikan kita tidak bisa lagi ekspor solar panel ke Amerika. Oleh karena itu Bapak Presiden mendorong bahwa ini untuk meningkatkan domestic demand dengan agenda untuk mendorong 100 gigawatt peak daripada solar panel,"" jelasnya. Menurutnya pengalihan produk panel surya ke pasar dalam negeri ini nantinya akan ditingkatkan dengan pengembangan sistem penyimpanan energi (Battery Energy Storage System/BESS) guna memperkuat ekosistem baterai nikel nasional. ""Nah ini nanti diperkirakan dari renewable energy, solar panel beserta battery storage system yang sangat mendukung ekosistem baterai yang sudah disiapkan oleh Indonesia yang berbasis kepada nikel,"" pungkas Airlangga. Tonton juga video ""Bahaya Tersembunyi di Balik Energi Surya Eropa"" (igo/fdl)",314
137,finance,https://finance.detik.com/berita-ekonomi-bisnis/d-8694558/uu-ketenagakerjaan-disahkan-perusahaan-dilarang-tahan-ijazah-pekerja,"Larangan menahan ijazah pekerja kini diatur dalam Undang-Undang (UU) tentang Pelindungan Ketenagakerjaan. Rancangan undang-undang (RUU) tersebut resmi disahkan menjadi UU dalam Rapat Paripurna DPR RI hari ini. Menteri Ketenagakerjaan (Menaker) Yassierli mengatakan, salah satu aturan baru dalam UU tersebut adalah kepastian larangan penahanan ijazah maupun dokumen pribadi lainnya. Ketentuan tersebut berlaku dalam proses perekrutan dan penempatan tenaga kerja. ""Kepastian larangan atas penahanan ijazah dan dokumen pribadi lainnya dalam proses perekrutan dan penempatan tenaga kerja,"" kata Yassierli dalam Rapat Paripurna di DPR RI, Jakarta, Selasa (6/10/2026). | Baca juga: RI Resmi Punya UU Ketenagakerjaan Baru! | Selain larangan penahanan ijazah, UU Pelindungan Ketenagakerjaan mengatur sejumlah ketentuan baru lainnya, salah satunya pengaturan dana cadangan pesangon dan Jaminan Kehilangan Pekerjaan (JKP) bagi pekerja atau buruh yang terkena pemutusan hubungan kerja (PHK). Aturan tersebut juga memberikan kepastian perlindungan terhadap hak pekerja perempuan, termasuk hak cuti melahirkan dan keguguran beserta upahnya. Perlindungan bagi tenaga kerja penyandang disabilitas turut dipertegas. ""Lima, kepastian pelindungan hak-hak pekerja atau buruh perempuan, hak cuti melahirkan dan keguguran berikut upahnya. Enam, kepastian pelindungan bagi tenaga kerja penyandang disabilitas,"" ujar Yassierli. Pemerintah juga memperluas ruang lingkup perlindungan terhadap pekerjaan fleksibel untuk merespons jenis pekerjaan baru yang muncul di masa mendatang. Selain itu, peningkatan produktivitas tenaga kerja akan diperkuat melalui kolaborasi pengusaha, pekerja, serikat pekerja atau serikat buruh, dan pemerintah. UU tersebut turut mengatur pelaksanaan survei kebutuhan hidup layak oleh Badan Pusat Statistik (BPS) setelah berkoordinasi dengan Dewan Pengupahan Nasional. Peran Dewan Pengupahan Daerah juga diperkuat. Ketentuan baru lainnya menyangkut pekerja alih daya atau outsourcing di Badan Usaha Milik Negara (BUMN). Pemerintah mewajibkan penyelenggaraan alih daya di lingkungan BUMN dilakukan oleh anak perusahaan. ""Dan terakhir, penguatan pelindungan pekerja buruh alih daya pada BUMN, yaitu dengan mewajibkan penyelenggaraan alih daya oleh anak perusahaan,"" tutup Yassierli. Tonton juga video ""Buruh di Purwakarta Turun ke Jalan,Tuntut Kepastian Hukum UU Ketenagakerjaan"" (ily/ara)",305
138,finance,https://finance.detik.com/berita-ekonomi-bisnis/d-8694549/mendag-harga-telur-hari-ini-rp-26-200-kg-masih-di-bawah-acuan,"Menteri Perdagangan (Mendag) Budi Santoso mengakui harga telur mengalami kenaikan sekitar Rp 26.200 per kilogram (kg) dari sebelumnya di level Rp 22.000 per kg. Namun, Budi memastikan harganya masih di bawah Harga Acuan Penjualan (HAP) di tingkat konsumen yang ditetapkan Rp 30.000/kg. ""Telur hari ini Rp 26.200-an, harga acuannya kan Rp 30.000. Artinya, masih di bawah harga acuan, memang naik dari sebelumnya yang dulu sampai Rp 22.000, Rp 24.000, sekarang ke Rp 26.000,"" ujar Budi di kantornya, Jakarta Pusat, Selasa (6/10/2026). Budi memastikan pemerintah ingin menjaga harga-harga kebutuhan bahan pokok, termasuk telur. Namun, ia menilai diperlukan harga yang ideal sehingga peternak tidak dirugikan. Ia mencontohkan harga jual telur di level Rp 22.000/kg atau Rp 24.000/kg membuat peternak merugi akibat tidak mampu membeli pakan. Kondisi ini sempat memicu aksi protes hingga telur dibuang. ""Telur itu ketika harga Rp 22.000, Rp 24.000, peternak kan tidak bisa berproduksi. Ya karena tidak bisa beli pakan dan sebagainya. Makanya dulu ada demo sampai telur dibuang-buang. Nah ketika mendekati Rp 30.000 itu sebenarnya harga yang ideal,"" beber Budi. Menurutnya, harga acuan yang dipatok Rp 30.000/kg merupakan titik ideal yang mempertemukan kepentingan produsen dan konsumen. Dengan harga tersebut, peternak dapat menutup biaya produksi dan membeli pakan. Sementara dari sisi konsumen, harganya tetap dikalkulasikan agar terjangkau oleh daya beli masyarakat. ""Kita hitung dulu berapa biaya produksi, biaya distribusi dan sebagainya. Kita hitung, oh ketemunya angka sekian. Kita jadi ketika harga ideal maka peternak tetap jalan, konsumen juga kita lindungi. Dengan harga yang sesuai dengan daya beli masyarakat,"" jelas Budi. Pada saat yang sama, Budi juga memastikan ketersediaan beras premium di ritel tetap aman. Beras premium sebelumnya dilaporkan sempat kosong karena dinilai ada kaitannya dengan masalah beras fortifikasi yang sedang diselidiki oleh Kementerian Pertanian (Kementan) dan aparat penegak hukum (APH). ""Kan sekarang sudah ini ya, sudah diisi oleh Bulog itu ya di retail modern saya pikir nggak ada masalah stoknya cukup,"" tambah Budi. Tonton juga video ""Mendag Ungkap Ada Aturan Baru soal Penyaluran MinyaKita"" (rea/ara)",326
139,finance,https://finance.detik.com/berita-ekonomi-bisnis/d-8694538/catat-ini-8-poin-penting-di-uu-ketenagakerjaan-yang-baru,"Rancangan Undang-Undang (RUU) tentang Pelindungan Ketenagakerjaan resmi disahkan menjadi undang-undang (UU) dalam Rapat Paripurna DPR RI hari ini. Pengesahan dilakukan setelah pemerintah bersama DPR menyelesaikan pembahasan RUU tersebut. Menteri Ketenagakerjaan (Menaker) Yassierli mengatakan regulasi tersebut menjadi tindak lanjut konkret atas Putusan Mahkamah Konstitusi (MK). UU tersebut juga menyelaraskan sejumlah norma ketenagakerjaan yang sebelumnya tersebar dan dinilai kerap menimbulkan ketidakpastian. ""RUU ini tidak hanya berhasil menyatukan dan menyelaraskan norma yang sebelumnya tersebar dan kerap memicu ketidakpastian, tetapi secara fundamental mengukuhkan pilar pelindungan ketenagakerjaan yang jauh lebih berkeadilan,"" kata Yassierli dalam Rapat Paripurna di DPR RI, Jakarta, Selasa (6/10/2026). | Baca juga: RI Resmi Punya UU Ketenagakerjaan Baru! | Yassierli kemudian membeberkan delapan poin penting dalam aturan tersebut. Pertama, UU tersebut mempertegas perlindungan hak pekerja atau buruh melalui jaminan kesempatan dan perlakuan yang sama dalam seluruh aspek ketenagakerjaan. Prinsip non-diskriminasi diperkuat mulai dari proses rekrutmen, pengupahan, pengembangan karier hingga hubungan kerja. Dengan demikian, setiap pekerja memperoleh perlakuan yang adil, bermartabat dan setara di tempat kerja. ""RUU ini memperkuat prinsip non-diskriminasi Termasuk dalam proses rekrutmen, pengupahan, pengembangan karir, dan hubungan kerja Sehingga setiap pekerja memperoleh perlakuan yang adil, bermartabat, dan setara di tempat kerja,"" tuturnya. Kedua, perlindungan pencari kerja diperkuat melalui penyediaan informasi pasar kerja yang terbuka. Kewajiban penyediaan informasi dan pelaporan lowongan kerja diarahkan untuk menjamin kesetaraan akses terhadap kesempatan kerja sekaligus mencegah praktik percaloan, penipuan dan lowongan kerja fiktif. Ketiga, memberikan kepastian hukum dan perlindungan bagi peserta pemagangan melalui penegasan status serta pembatasan waktu pemagangan. Peserta magang juga mendapat uang saku, perlindungan keselamatan dan kesehatan kerja (K3), kepesertaan Jaminan Kecelakaan Kerja (JKK) dan Jaminan Kematian (JKM), serta sertifikat pemagangan. Keempat, perlindungan dalam proses penempatan tenaga kerja diperkuat melalui prinsip objektivitas, keadilan, transparansi dan non-diskriminasi. Perhatian khusus diberikan kepada kelompok rentan, penyandang disabilitas serta masyarakat di daerah tertinggal agar memperoleh kesempatan kerja yang setara. Kelima, UU tersebut memperkuat keseimbangan hak, kewajiban serta kepentingan para pihak dalam hubungan industrial. Hak pekerja untuk berorganisasi, menyampaikan aspirasi dan berpartisipasi dalam hubungan industrial turut ditegaskan, termasuk kepastian hukum dalam penyelesaian perselisihan hubungan industrial. Keenam, K3 ditegaskan sebagai hak fundamental pekerja atau buruh yang wajib dijamin pengusaha melalui penerapan sistem manajemen K3 secara terintegrasi. Perlindungan tidak hanya berorientasi pada penanganan kecelakaan kerja, tetapi juga pencegahan risiko, pengendalian bahaya dan penciptaan lingkungan kerja yang aman dan sehat. Ketujuh, pengawasan ketenagakerjaan diperkuat menjadi instrumen perlindungan dan penegakan hukum yang lebih profesional, independen, responsif dan proaktif. Kewenangan pengawas dalam pemeriksaan, pengumpulan data hingga pemberian perintah perbaikan diperkuat untuk memastikan setiap pelanggaran norma ketenagakerjaan ditindaklanjuti. Kedelapan, penegakan hukum diperkuat melalui pengenaan sanksi administratif dan pidana yang tegas, proporsional dan berjenjang terhadap pengusaha yang melanggar norma perlindungan pekerja atau buruh. ""Sanksi diarahkan untuk menciptakan efek jera yang terukur, mencegah pengulangan pelanggaran Serta memastikan kepatuhan terhadap kewajiban hukum ketenaga kerjaan,"" tutup Yassierli. Tonton juga video ""Buruh di Purwakarta Turun ke Jalan,Tuntut Kepastian Hukum UU Ketenagakerjaan"" (ily/ara)",473
140,finance,https://finance.detik.com/berita-ekonomi-bisnis/d-8694531/rp-49-28-t-keuangan-negara-bermasalah-bpk-ungkap-rinciannya,"Badan Pemeriksa Keuangan (BPK) melaporkan telah menyelamatkan keuangan negara sebesar Rp 49,28 selama periode semester I tahun 2026. Penyelamatan tersebut berasal dari pengungkapan berbagai permasalahan keuangan hingga ketidakhematan dan ketidakefisienan. Hal ini disampaikan Ketua BPK Isma Yatun dalam Sidang Paripurna DPR RI Ke-9 Masa Persidangan Tahun 2026-2027 atas laporan Ikhtisar Hasil Pemeriksaan Semester (IHPS) I Tahun 2026. ""IHPS juga mengungkapkan peran BPK dalam mendukung upaya penyelamatan keuangan negara sebesar Rp 49,28 triliun,"" kata Isma. Isma menyampaikan bahwa dari total Rp 49,28 triliun tersebut, sebesar Rp 45,6 triliun berasal dari pengungkapan permasalahan kerugian, potensi kerugian, dan kekurangan penerimaan. Kemudian permasalahan ketidakhematan, ketidakefisienan, dan ketidakefektifan terutama pada BUMN dan badan lainnya dengan nilai Rp 3,68 triliun. Adapun dari nilai Rp 45,6 triliun tersebut, sebanyak Rp Rp 1,8 triliun di antaranya telah berhasil dikembalikan ke kas negara atau daerah atau perusahaan atau badan lainnya saat pemeriksaan berlangsung. BPK juga berkontribusi dalam mendukung pemberantasan korupsi melalui pemeriksaan investigatif dengan nilai indikasi kerugian negara Rp 43,39 miliar. Sementara penghitungan kerugian negara menghasilkan nilai kerugian sebesar Rp 2,21 triliun. ""Lebih jauh, IHPS I Tahun 2026 membawa kita pada satu pesan penting, sejumlah persoalan tata kelola keuangan negara tidak dapat lagi diselesaikan oleh satu entitas secara sendiri-sendiri. Kompleksitas dan keterkaitan antarpermasalahan membutuhkan sinergi lintas sektor agar penyelesaiannya dapat lebih menyeluruh dan berkelanjutan,"" katanya. Tonton juga video ""BPK Ungkap Kementerian/Lembaga Raih WTP Tahun 2025"" (hrp/fdl)",227
141,finance,https://finance.detik.com/berita-ekonomi-bisnis/d-8694518/hashim-bantah-indonesia-gelap-pamer-swasembada-beras-kesejahteraan-naik,"Utusan Khusus Presiden Bidang Iklim dan Energi, Hashim Djojohadikusumo, membantah anggapan tentang Indonesia Gelap. Menurutnya, sejumlah indikator ekonomi dan kesejahteraan masyarakat justru menunjukkan kondisi sebaliknya, yakni Indonesia Terang. Hashim menyebut, Indonesia berhasil mencapai swasembada beras lebih cepat dari target yang sebelumnya ditetapkan Presiden Prabowo Subianto. Ia mengatakan, cadangan beras pemerintah saat ini mencapai sekitar 5,3 juta ton dan terus bertambah. Ia bahkan menyebut kapasitas gudang milik pemerintah tidak mampu menampung seluruh cadangan beras hingga harus menyewa gudang milik swasta. Hashim mengklaim, capaian ini menjadi yang pertama bagi Indonesia dalam 42 tahun terakhir. ""Ini adalah kali pertama Indonesia kembali mencapai swasembada beras dalam kurun waktu 42 tahun terakhir. Ini merupakan salah satu pencapaian besar kita. Maka dari itu, ketika ada yang menyebut Indonesia Gelap, jawabannya adalah tidak, Indonesia Terang. Kita berhasil melampaui target tiga tahun lebih cepat,"" ungkap Hashim dalam acara International Sustainability Forum di Hotel Kempinski, Jakarta, Selasa (6/10/2026). Pemerintah juga menargetkan swasembada kedelai dalam waktu tiga tahun ke depan. Langkah ini dilakukan untuk menjaga stabilitas pangan dalam negeri. ""Ketahanan pangan Indonesia secara mendasar sangat solid. Rakyat kita terjamin ketahanan pangannya,"" jelasnya. Hashim mengatakan, Indonesia juga berhasil mencapai swasembada beras. Di samping itu, pemerintah juga telah menetapkan program food estate seluas 2 juta hektar tanpa harus mengalihfungsikan kawasan hutan di Papua. Ia menambahkan, pemerintah juga menetapkan kebijakan strategis sebagai bentuk keberpihakan terhadap petani dalam negeri. Salah satunya dengan menaikkan harga pembelian pemerintah (HPP) untuk gabah/beras sebesar 50% dari Rp 4.000 menjadi Rp 6.500 dan memangkas harga pupuk sebesar 20%. ""Tingkat kesejahteraan 120 juta rakyat Indonesia yang bergantung pada sektor pertanian dan pertanaman padi kini mencapai tingkat tertinggi sejak era 1980-an,"" pungkasnya. Tonton juga video ""Mentan Ungkap 25 Merek Beras Fortifikasi Diduga Abal-abal"" (acd/acd)",283
142,finance,https://finance.detik.com/berita-ekonomi-bisnis/d-8694507/mendag-ungkap-penyebab-harga-kedelai-mahal,"Menteri Perdagangan Budi Santoso mengakui harga kedelai yang menjadi bahan baku tahu dan tempe naik. Lonjakan harga ini dipicu oleh dinamika perdagangan global, termasuk gejolak harga minyak dunia. ""Sekarang kan memang kondisi perdagangan global, harga minyak dan sebagainya,"" ujar Budi di kantornya, Jakarta Pusat, Selasa (6/10/2026). Budi menyebut berdasarkan data Sistem Pemantauan Pasar dan Kebutuhan Pokok (SP2KP), harga kedelai saat ini berada di kisaran Rp 13.200/kilogram (kg). Menurut Budi, angka ini naik dari sebelumnya yang berada di level Rp 12.000/kg. Terkait kenaikan harga kedelai, Budi telah berkomunikasi dengan Kementerian Koordinator Bidang Pangan. Ia menyebut jalan keluar dari kenaikan harga kedelai ini akan dibahas dalam rapat koordinasi dengan Kementerian Koordinator Bidang Pangan (Kemenko Pangan), termasuk opsi pemberian subsidi yang pernah dilakukan sebelumnya. ""Harga kedelai sekarang saya cek di SP2KP kan Rp 13.200-an ya kalau salah ya. Dari Rp 12.000an. Tadi kami juga sudah komunikasi dengan Kemenko Pangan. Nanti secepatnya kita akan adakan rapat. Kalau dulu kan sudah dikasih subsidi ya. Nah nanti kita tunggu arahan pimpinan apakah subsidi ada,"" beber ia. Sebelumnya, harga kedelai ini memicu perajin memperkecil ukuran tahu dan tempe. Harga kedelai yang sebelumnya Rp 9.500/kg kini menjadi Rp 11.600/kg, bahkan ada yang mencapai Rp 12.000/kg di beberapa daerah. Wakil Ketua Umum Gabungan Koperasi Produsen Tempe Tahu Indonesia (Gakoptindo) Kusnoto mengatakan, tekanan usaha pada 2026 dinilai lebih berat dibandingkan 2022 karena kenaikan tidak hanya terjadi pada kedelai. Perajin juga menghadapi kenaikan berbagai biaya mulai dari bahan bakar minyak (BBM), plastik kemasan, hingga ongkos angkutan. ""Kalau sekarang bukan hanya kedelai saja. Plastik naik, minyak goreng naik, daya beli juga seperti ini,"" kata Kusnoto, kepada detikcom, Sabtu (3/10/2026). Ia mencontohkan, dalam sehari perajin yang menggunakan 1 kuintal kedelai bisa menghasilkan 22 batang tempe. Jika satu batang dijual Rp 10.000 dan dipotong menjadi tujuh bagian, omzet kotornya Rp 1,54 juta. Namun, setelah dikurangi berbagai biaya produksi, keuntungan yang tersisa sangat tipis. ""Harga jual tahu dan tempe belum naik, alhasil disiasati mengecilkan ukuran. Sebagian besar mengurangi produksi, satu dua sudah mulai ada yang menghentikan produksinya karena dampak kedelai mahal,"" lanjutnya. Tonton juga video ""Mendag Dorong UMKM Bersaing di Pasar Internasional"" (rea/ara)",348
143,finance,https://finance.detik.com/infrastruktur/d-8694551/bumn-karya-mau-dibenahi-pengusaha-ingatkan-nasib-vendor-kontraktor-kecil,"BUMN Karya tengah ditata oleh Badan Pengelola Investasi Daya Anagata Nusantara (Danantara). Pengusaha meminta proses tersebut tetap memperhatikan kelancaran proyek dan pembayaran kepada vendor serta subkontraktor. Sekretaris Jenderal BPP Himpunan Pengusaha Muda Indonesia (HIPMI) Anthony Leong mengatakan penataan BUMN Karya tidak cukup hanya dengan menggabungkan perusahaan atau memperbaiki kondisi keuangan. Menurutnya, proses tersebut juga perlu memperhatikan ekosistem industri konstruksi, termasuk kontraktor swasta, pengusaha daerah, vendor, supplier, dan UMKM. ""HIPMI mendukung penyehatan BUMN Karya. Indonesia membutuhkan BUMN konstruksi yang sehat dan kuat untuk mengerjakan proyek-proyek strategis. Tetapi proses ini jangan berhenti pada merger atau perbaikan neraca. Dampaknya harus dirasakan sampai kepada kontraktor swasta, pengusaha daerah, vendor, supplier, dan UMKM yang selama ini menjadi bagian dari rantai industri konstruksi,"" ujar Anthony pada keterangannya (5/10). Danantara saat ini tengah melakukan penataan terhadap tujuh BUMN Karya, yakni PT Hutama Karya (Persero), PT Waskita Karya (Persero) Tbk, PT Wijaya Karya (Persero) Tbk, PT Adhi Karya (Persero) Tbk, PT PP (Persero) Tbk, PT Brantas Abipraya (Persero), dan PT Nindya Karya (Persero). Anthony mengatakan kelancaran pembayaran kepada vendor dan subkontraktor menjadi salah satu hal yang perlu diperhatikan dalam proses tersebut. ""Bagi perusahaan besar, keterlambatan pembayaran mungkin masih bisa dikelola. Tetapi bagi kontraktor daerah dan supplier kecil, keterlambatan beberapa bulan bisa langsung mengganggu modal kerja, pembayaran gaji, bahkan kelangsungan usahanya. Karena itu restrukturisasi harus sekaligus menjaga kesehatan seluruh rantai pasok,"" katanya. Selain itu, HIPMI mendorong pembagian peran yang lebih jelas antara BUMN dan perusahaan swasta nasional. Menurut Anthony, BUMN dapat fokus pada proyek strategis dan kompleks yang membutuhkan pembiayaan serta teknologi berskala besar. Sementara kontraktor swasta nasional dan pengusaha daerah tetap memiliki ruang melalui proyek tertentu, kemitraan, maupun rantai pasok. ""Jangan sampai BUMN yang semakin besar justru membuat ruang pengusaha nasional semakin kecil. BUMN yang sehat seharusnya menjadi lokomotif yang menarik lebih banyak perusahaan swasta masuk ke dalam rantai proyek, bukan berjalan sendiri,"" tegas Anthony. Menurut Anthony, belanja infrastruktur juga berdampak ke berbagai sektor, mulai dari industri semen, baja, alat berat, transportasi, jasa engineering, konstruksi, hingga tenaga kerja di daerah. Karena itu, ia menilai keberhasilan penyehatan BUMN Karya tidak cukup dilihat dari penurunan utang atau perbaikan laporan keuangan. ""Ukuran keberhasilannya harus lebih luas: apakah perusahaan menjadi sehat, apakah proyek berjalan tepat waktu, apakah vendor dibayar dengan baik, apakah keterlibatan pengusaha nasional meningkat, dan apakah semakin banyak lapangan kerja yang tercipta,"" kata Anthony. Ia menambahkan, proses konsolidasi perlu diikuti dengan penguatan tata kelola, disiplin dalam pemilihan proyek, serta penggunaan teknologi untuk meningkatkan produktivitas dan efisiensi industri konstruksi. ""BUMN Karya yang sehat akan memberikan kepercayaan lebih besar kepada perbankan, investor, mitra usaha, dan pasar. Kalau restrukturisasi ini dilakukan dengan baik, kita bukan hanya menyelesaikan persoalan masa lalu, tetapi membangun fondasi baru industri konstruksi Indonesia yang lebih kompetitif,"" tutup Anthony. Tonton juga video ""Terkuak Modus Korupsi Bupati Boltara, Ploting Vendor Demi Rp 11,2 M!"" (fdl/fdl)",464
144,finance,https://finance.detik.com/berita-ekonomi-bisnis/d-8694491/perjanjian-dagang-ieu-cepa-ditargetkan-berlaku-januari-2027,"Menteri Perdagangan (Mendag) Budi Santoso menargetkan perjanjian dagang Indonesia dengan Uni Eropa atau Indonesia-European Union Comprehensive Economic Partnership Agreement (IEU-CEPA) bisa diteken akhir Oktober dan mulai berlaku Januari 2027. Perjanjian dagang tersebut dalam tahap kesepakatan penggunaan bahasa dalam dokumen perjanjian. Budi mengatakan, Indonesia ingin dokumen perjanjiannya menggunakan Bahasa Indonesia dan Bahasa Inggris. Namun, pihak Uni Eropa sempat berdiskusi apakah dokumen tersebut perlu diterjemahkan ke dalam seluruh bahasa resmi negara anggota Uni Eropa. ""Nah, kemarin sudah mulai ada gambaran sih, mudah-mudahan cukup Bahasa Indonesia, Bahasa Inggris,"" ujar Budi di kantornya, Jakarta Pusat, Selasa (6/10/2026). Budi menargetkan IEU-CEPA dapat ditandatangani pada akhir Oktober. Hal tersebut juga telah dipastikan saat bertemu dengan Menteri Perdagangan Prancis pada forum G20. ""Kita kejar karena kemarin sudah kita bertemu dengan seluruh Dubes EU yang dipimpin Pak Menko Perekonomian, dan kita sepakat bahwa akhir Oktober ini kita selesaikan penandatangannya, kemungkinan di Jakarta,"" jelasnya. Ia menargetkan agar seluruh proses ratifikasi rampung pada akhir Desember. Dengan begitu, perjanjian ini bisa efektif berlaku pada Januari 2027. Langkah cepat ini menjadi krusial mengingat fasilitas preferensi tarif melalui Generalized System of Preferences (GSP) dari Uni Eropa akan segera berakhir. ""Mudah-mudahan akhir Desember selesai, sehingga per Januari sudah berlaku. Jadi kita tidak kena GSP yang sudah berakhir itu pokoknya target utama itu dulu yang akan kita lakukan,"" imbuhnya. Sebelumnya, Presiden Prabowo Subianto meminta agar perjanjian dagang dengan Uni Eropa atau Indonesia-European Union Comprehensive Economic Partnership Agreement segera dirampungkan. Menteri Koordinator Bidang Perekonomian Airlangga Hartarto mengatakan saat ini dokumen IEU-CEPA sedang dalam tahap finalisasi kelengkapan bahan berbahasa Inggris sebelum diserahkan ke Parlemen Eropa. ""Bapak Presiden juga minta agar IEU-CEPA itu segera diselesaikan. Karena IEU-CEPA diharapkan sekarang dalam proses untuk diproses dalam kelengkapan bahannya dalam Bahasa Inggris untuk dibawa ke Parlemen Eropa,"" ujar Airlangga di Kompleks Istana Kepresidenan, Jakarta Pusat, Selasa (22/9/2026). Setelah itu, dokumen yang berisi perjanjian dagang ini juga harus diterjemahkan ke Bahasa Indonesia dan diserahkan ke Dewan Perwakilan Rakyat (DPR) untuk diratifikasi. Tonton juga video ""Permintaan AS Kelola Mineral Kritis RI dalam Pembahasan Danantara"" (rea/ara)",332
145,finance,https://finance.detik.com/berita-ekonomi-bisnis/d-8694456/rosan-buka-suara-soal-nasib-kementerian-investasi-usai-bahlil-jadi-menko-baru,"Menteri Investasi dan Hilirisasi/Badan Koordinasi Penanaman Modal (BKPM) Rosan Roeslani, buka-bukaan soal nasib kementeriannya setelah pemerintah membentuk Kementerian Koordinator (Kemenko) Bidang Hilirisasi dan Transisi Energi. Rosan mengaku masih menunggu arahan terkait penugasan baru setelah hadirnya kemenko tersebut. Namun ia tak menjelaskan lebih lanjut pembagian kerja akan berbentuk Peraturan Presiden (Perpres) atau regulasi lainnya. ""Kita nunggu arahan saja. Kita nunggu arahan,"" ungkap Rosan kepada wartawan di Hotel Kempinski, Jakarta, Selasa (6/10/2026). Rosan menegaskan Kementerian Investasi dan Hilirisasi/BKPM akan terus berkoordinasi dengan kementerian koordinator terkait. Ia juga memastikan Kementerian Investasi dan Hilirisasi/BKPM tetap berjalan meski pemerintah telah membentuk Kementerian Koordinator Bidang Hilirisasi dan Transisi Energi. ""Ya kita ikutin aja nanti, yang penting kita koordinasi selalu baik,"" pungkasnya. Sebagai informasi, Bahlil Lahadalia resmi dilantik Presiden Prabowo Subianto sebagai Menteri Koordinator Bidang Hilirisasi dan Transisi Energi. Ini menjadi tugas baru Bahlil setelah selama ini dia menjabat sebagai Menteri ESDM. Pelantikan Bahlil dilakukan di Istana Negara, Jakarta Pusat, Kamis (1/10/2026). Pelantikan dilakukan berdasarkan Keputusan Presiden nomor 104P tahun 2025 tentang Pemberhentian dan Pengangkatan Menteri Keuangan Kabinet Merah Putih periode 2024-2029. Bahlil mengakui rangkap jabatan ini menjadi amanah serta tanggung jawab besar. Ia menyatakan siap bekerja secara maksimal menjalankan tugas-tugasnya, baik sebagai Menteri ESDM maupun Menko Hilirisasi dan Transisi Energi. ""Saya dilantik sebagai Menko Hilirisasi dan Transisi Energi, sekaligus merangkap jadi Menteri ESDM. Saya tahu ini adalah amanah, tanggung jawab negara yang saya harus emban,"" ujar Bahlil usai pelantikan di Istana Negara, Jakarta, Kamis (1/10/2026). Tonton juga video ""Bahlil Kini Rangkap Jabatan Menko Hilirisasi dan Menteri ESDM"" (acd/acd)",252
146,finance,https://finance.detik.com/berita-ekonomi-bisnis/d-8694430/ri-resmi-punya-uu-ketenagakerjaan-baru,"Dewan Perwakilan Rakyat (DPR) resmi mengesahkan Rancangan Undang-Undang (RUU) Perlindungan Ketenagakerjaan menjadi undang-undang. Pengesahan ini dilakukan oleh Ketua DPR RI Puan Maharani dengan ditandai ketukan palu dalam sidang Paripurna DPR RI Ke-9 Masa Persidangan Tahun 2026-2027, Selasa (6/10/2026). ""Sekarang kami akan menanyakan kepada setiap fraksi apakah RUU Perlindungan Ketenagakerjaan dapat disetujui menjadi Undang-undang,"" tanya Puan. ""Setuju,"" ujar peserta rapat. ""Alhamdulillah,"" saut Puan. Kemudian,Puan sekali lagi bertanya kembali kepada seluruh anggota DPR yang hadir. ""Selanjutnya, kami akan menanyakan sekali lagi kepada anggota dewan, apakah RUU tentang Perlindungan Ketenagakerjaan dapat disetujui untuk disahkan menjadi Undang-undang,"" tanya Puan lagi. ""Setuju,"" ucap peserta rapat yang hadir di lokasi. Sebelumnya, Pemerintah dan Komisi IX, menyepakati Rancangan Undang-Undang tentang Pelindungan Ketenagakerjaan dilanjutkan ke tingkat II Rapat Paripurna. Keputusan itu diambil dalam rapat kerja pengambilan keputusan tingkat I bersama pemerintah yang dipimpin Wakil Ketua DPR RI Sufmi Dasco Ahmad di Kompleks Parlemen, Senayan, Jakarta, Senin (5/10/2026). Menteri Ketenagakerjaan Yassierli menyampaikan apresiasi dan penghargaan yang setinggi-tingginya kepada pimpinan DPR RI, pimpinan Komisi IX DPR RI dan seluruh anggota Komisi 9 DPR RI khususnya Panitia Kerja RUU tentang Perlindungan Ketenagakerjaan atas seluruh proses pembahasan yang telah dilaksanakan secara intensif. ""Pemerintah memandang bahwa RUU tentang Perlindungan Ketenagakeerjaan memiliki arti penting dalam memberikan perlindungan, kepastian hukum, dan sekaligus menindaklanjuti putusan MK No.168/-PUU-21/2023 serta menyelaraskan berbagai ketentuan ketenagakerjaan yang selama ini tersebar dalam berbagai peraturan perundang-undangan,"" katanya. ""Pemerintah berpandangan bahwa RUU tentang Perlindungan Ketenagakerjaan secara keseluruhan memperkuat perlindungan ketenaga kerjaan baik bagi pekerja atau buruh, pencari kerja, peserta pemagangan, maupun pengusaha,"" sambungnya. Yassierli mengatakan RUU ini menegaskan adanya prinsip keadilan, kesetaraan, non-diskriminasi, memperhatikan aspek K3, serta keseimbangan hak, kewajiban, dan kepentingan para pihak dalam hubungan industrial. Di sisi lain, RUU ini juga memperkuat sistem pengawasan dan penegakan hukum ketenagakerjaan agar lebih efektif, profesional, proporsional, dan memberikan kepastian hukum dengan tetap memperhatikan keberlangsungan dunia usaha. ""Berdasarkan seluruh hasil pembahasan bersama DPR RI dan setelah mempertimbangkan secara sungguh-sungguh seluruh pandangan serta masukan dalam proses pembahasan, pemerintah menyatakan dapat menerima RUU tentang Perlindungan Ketenagakerjaan dan menyetujui agar RUU tersebut dilanjutkan ke pembicaraan tingkat dua untuk selanjutnya diambil keputusan dalam rapat paripurna DPR RI,"" terangnya. Tonton juga video ""Buruh di Purwakarta Turun ke Jalan,Tuntut Kepastian Hukum UU Ketenagakerjaan"" (hrp/fdl)",363
147,finance,https://finance.detik.com/berita-ekonomi-bisnis/d-8694425/utang-ri-cuma-39-kok-ratingnya-kalah-dari-negara-yang-utangnya-jumbo,"Menteri Koordinator Bidang Perekonomian Airlangga Hartarto mempertanyakan penilaian dari lembaga pemeringkat (rating agency) global yang dinilai terlampau ketat atas indikator fiskal Indonesia, sedangkan banyak negara yang memiliki banyak utang mendapatkan rating yang lebih positif. Airlangga menjelaskan pemerintah Indonesia selalu disiplin dalam menjaga defisit anggaran di bawah 3%. Selain itu pemerintah juga selalu menjaga rasio utang terhadap Produk Domestik Bruto (PDB) nasional di kisaran 39%. Angka tersebut dinilai jauh lebih rendah jika dibandingkan beberapa negara maju dan berkembang lainnya seperti Amerika Serikat (AS), India, Jepang, hingga Singapura yang memiliki rasio utang jauh melampaui PDB mereka. Namun negara-negara ini memiliki rating lebih baik dari Indonesia. ""Kita selama ini tentu dipaku dengan Indonesia punya budget deficit di bawah 3% dan debt to GDP ratio sekarang kita sekitar 39%. Bandingkan dengan Amerika yang 5,8% deficit-nya, kemudian utangnya terhadap GDP 123,3%,"" katanya dalam acara BIG Downstream Insight, Jakarta Selatan, Selasa (6/10/2026). ""Kemudian India minus 4,4% dan debt-nya 83,10%. Jepang deficit-nya minus 0,6% cuman hutangnya 248,7%, dan negara tetangga kita Singapura dia budget positif 1,9% tapi debt-nya di 171,3%"" sambung Airlangga. Atas dasar perbandingan inilah Airlangga kemudian menyayangkan sorotan berlebihan dari sejumlah lembaga pemeringkat internasional terhadap postur APBN Indonesia, padahal negara-negara lain diberikan kelonggaran yang jauh lebih besar. ""Nah pertanyaannya kenapa ada kelompok rating agency yang heboh dan mematok Indonesia di angka-angka yang sebetulnya dibandingkan negara-negara yang tadi saya sebut makroprudensial kita relatif konservatif. Nah ini tentunya kan pertanyaannya kalau yang lain boleh kok Indonesia nggak boleh?"" tegasnya. Di luar itu, Airlangga memaparkan saat ini ekonomi Indonesia masih mampu tumbuh di angka 5,05%. Angka berada di atas rata-rata pertumbuhan ekonomi global yang diproyeksikan sekitar 3% oleh berbagai lembaga internasional. ""Berbagai lembaga menilai pertumbuhan global rata-rata 3% sekian baik IMF, World Bank. Indonesia masih mampu tumbuh di 5,05% dan tentu kita berharap bahwa menjelang semester kedua angkanya juga tidak jauh dari angka di semester pertama,"" ujar Airlangga. Dalam hal ini, Airlangga menegaskan sektor industri pengolahan dan industri non-migas masih jadi penopang utama pertumbuhan ekonomi nasional. Di mana kontribusi sektor pengolahan capai 18,50% terhadap PDB, kemudian sektor non-migas sebesar 16,83%. ""Kita juga sampaikan bahwa sektor yang mendominasi dan menjadi kontributor terbesar adalah di sektor industri pengolahan, dan industri non-migas pun tumbuh 5,32% dan kontribusinya adalah 16,83% kepada PDB nasional,"" pungkasnya. Tonton juga video ""Suahasil Umumkan Pemerintah Lunasi Utang BLBI Sejak Krisis 1998"" (igo/fdl)",385
148,finance,https://finance.detik.com/energi/d-8694390/pgn-siap-integrasikan-biomethane-ke-infrastruktur-gas,"Pengembangan biomethane yang memanfaatkan limbah pabrik kelapa sawit di Sumatera Selatan kini mulai mendekati tahap akhir pengembangan. PT Perusahaan Gas Negara (Persero) Tbk (PGN) berkolaborasi Toyota Tsusho Indonesia (TTI) dan PT KIS Biofuels Indonesia (KIS) untuk mengoptimasi pemanfaatan biomethane tersebut dalam rangka memastikan kesediaan pasokan energi domestik masa depan. PGN hadir dalam groundbreaking biomethane plant yang dikembangkan oleh TTI dan KIS, Senin (5/10/2026). Fasilitas ini memanfaatkan limbah organik kelapa sawit yang ditargetkan memproduksi biomethane sekitar 150.000 MMBTU per tahun. Inisiatif ini merupakan inisiatif pertama di Indonesia yang memproduksi biomethane di Sumatera dimana wilayah tersebut terdapat banyak pabrik kelapa sawit. Proyek ini juga merupakan bentuk konkret dari Momerandum of Understanding (MoU) terkait pengembangan biomethane di Indonesia antara PGN dan TTI pada 2022 lalu. Dalam kerja sama ini, PGN berperan sebagai offtaker atau pembeli utama biomethane tersebut. Selain itu, PGN juga berperan sebagai transporter dimana biomethane yang diproduksi oleh PT KIS Toyota Tsusho Biomethane Indonesia (KTBI), perusahaan patungan antara KIS dan TTI, akan disalurkan ke Toyota Motor Manufacturing Indonesia (TMMIN) dan industri lainnya melalui jaringan pipa yang dimiliki oleh PGN. ""Kami mengapresiasi TTI dan KIS yang telah memulai pembangunan fasilitas biomethane ini. Bagi PGN, ini adalah langkah penting untuk menghadirkan gas terbarukan dari sumber domestik ke dalam rantai pasok energi nasional. PGN siap mendukung melalui infrastruktur dan kapabilitas niaga yang kami miliki agar biomethane dapat dimanfaatkan oleh sektor industri,"" ujar Corporate Secretary PGN Fajriyah Usman dalam keterangan tertulis, Selasa (6/10/2026). Pemanfaatan biomethane menggunakan infrastruktur yang telah tersedia pada saat menggunakan gas bumi, sehingga pelanggan dapat melakukan peralihan bahan bakar ke biomethane melalui modifikasi infrastruktur yang minimal. Selain untuk ketahanan energi domestik, pemanfaatan biomethane dapat melengkapi penggunaan gas bumi yang terus meningkat seiring dengan berkembangnya upaya dekarbonisasi di sektor industri. Pemanfaatan limbah cair pabrik kelapa sawit atau POME sebagai bahan baku biomethane memberikan manfaat lingkungan yang signifikan. Metana yang sebelumnya terlepas ke atmosfer dapat ditangkap dan diolah menjadi energi, sehingga mendukung penurunan emisi gas rumah kaca serta target NDC dan Net Zero Emission 2060. Proyek ini juga memperkuat hilirisasi sektor kelapa sawit dengan mengubah limbah menjadi energi bernilai ekonomi. Menurut Fajriyah, biomethane memiliki peran strategis dalam mendukung swasembada energi dan dekarbonisasi industri. ""Ketika biomethane ini mulai berproduksi, industri seperti TMMIN akan memiliki akses terhadap energi rendah karbon yang mendukung daya saing di tengah tuntutan rantai pasok hijau global. Kami berharap model kolaborasi ini dapat direplikasi di daerah penghasil sawit lainnya,"" tambahnya. PGN akan terus memperkuat kolaborasi dengan berbagai mitra dalam mengembangkan bisnis rendah karbon, termasuk biomethane, sebagai bagian dari komitmen perusahaan mendukung ketahanan energi nasional dan transisi energi. Tonton juga video ""Mencari Tahu Asal Semburan Air Berbau Gas di Rungkut Surabaya"" (akd/ega)",439
149,finance,https://finance.detik.com/berita-ekonomi-bisnis/d-8694388/bpk-periksa-laporan-keuangan-pemerintah-pusat-ini-hasilnya,"Badan Pemeriksa Keuangan (BPK) RI memberikan opini Wajar Tanpa Pengecualian (WTP) atas Laporan Keuangan Pemerintah Pusat (LKPP) Tahun 2025. Hal ini diungkapkan oleh Ketua Badan Pemeriksa Keuangan (BPK) Isma Yatun dalam Sidang Paripurna DPR RI Ke-9 Masa Persidangan Tahun 2026-2027. ""BPK memberikan opini Wajar Tanpa Pengecualian (WTP) atas Laporan Keuangan Pemerintah Pusat Tahun 2025,"" ujar Isma. Isma menyampaikan opini WTP ini didasari atas Ikhtisar Hasil Pemeriksaan Semester (IHPS) I Tahun 2026, yang mana BPK merangkum 762 laporan hasil pemeriksaan (LHP). Rinciannya terdiri atas 706 LHP keuangan, 20 LHP kinerja, dan 36 LHP dengan tujuan tertentu. IHPS tersebut juga memuat hasil pemantauan tindak lanjut rekomendasi hasil pemeriksaan, penyelesaian kerugian negara atau daerah, serta pemanfaatan hasil pemeriksaan investigatif, penghitungan kerugian negara, dan pemberian keterangan ahli. Selain memberikan WTP untuk LKPP 2025, BPK memberikan opini WTP kepada 96 Laporan Keuangan Kementerian/Lembaga (LKKL) dan satu Laporan Keuangan Bendahara Umum Negara (LKBUN). Sementara itu, satu LKKL mendapatkan opini Wajar Dengan Pengecualian (WDP). ""BPK juga memberikan opini WTP kepada 96 LKKL dan 1 LKBUN, serta opini Wajar Dengan Pengecualian atas 1 LKKL,"" katanya. Pada tingkat pemerintah daerah, dari 546 laporan keuangan pemerintah daerah yang diperiksa BPK, 509 pemerintah daerah memperoleh opini WTP, 35 Pemda memperoleh opini WDP, dan 2 Pemda mendapatkan opini Tidak Menyatakan Pendapat. BPK juga telah memeriksa 4 laporan keuangan badan lainnya, yakni LK Tahunan Bank Indonesia, LK Otoritas Jasa Keuangan, LK Lembaga Penjamin Simpanan, dan LK Badan Pengelola Keuangan Haji Tahun 2025. Hasilnya, BPK memberikan dengan opini Wajar Tanpa Pengecualian. ""Nilai pemeriksaan sesungguhnya bukan berakhir pada pemberian opini, melainkan pada perubahan yang dihasilkannya,"" katanya. Tonton juga video ""Menkeu: Hingga Agustus 2026, APBN Defisit Rp 240,1 T"" (hrp/fdl)",274
150,finance,https://finance.detik.com/berita-ekonomi-bisnis/d-8694379/airlangga-ungkap-kenapa-ekonomi-ri-masih-5-vietnam-bisa-9,"Menteri Koordinator Bidang Perekonomian Airlangga Hartarto buka-bukaan terkait penyebab pertumbuhan ekonomi nasional Indonesia masih tertinggal dibandingkan negara tetangga seperti Vietnam, mulai dari lambatnya perkembangan sektor industri berteknologi tinggi hingga kalah cepat dalam mengamankan perundingan dagang internasional. Airlangga mengatakan saat rata-rata pertumbuhan ekonomi Indonesia masih tertahan di kisaran 5%, sementara Vietnam sudah melaju ke kisaran 9%. Menurutnya, perbedaan kecepatan pertumbuhan ini salah satunya dipicu oleh keberhasilan Vietnam dalam melakukan lompatan ke sektor digitalisasi, industri semikonduktor, dan kecerdasan buatan (artificial intelligence/AI). ""Kesempatan untuk naik dari 5%, kita rata-rata 5%, kalau kita mau mengejar Vietnam yang bisa mencapai 9%, maka kita harus lari juga ke digitalisasi, semikonduktor, AI. Jadi itu seluruhnya leverage yang Vietnam sudah lakukan lebih dulu dari Indonesia,"" katanya dalam acara 'BIG Downstream Insight', Jakarta Selatan, Selasa (6/10/2026). Dalam hal ini, Airlangga mengibaratkan pengaruh peningkatan industri berbasis teknologi tinggi terhadap pertumbuhan ekonomi nasional layaknya tangga eskalator, di mana Indonesia saat ini masih tertahan di level industri menengah dan belum berhasil melompat ke sektor jasa modern serta digitalisasi seperti Vietnam. ""Kalau kita melihat ekonomi dalam bentuk eskalator, jadi dari agriculture kita naik eskalatornya ke industri, namun dari industri ini harus dinaikkan lagi ke digitalisasi, services, dan lain-lain. Vietnam sudah ke sana, India juga sudah di sana, maka kita yang belum naik dari level 2 ke level 3. Kalau itu kita bisa lakukan, maka pertumbuhan 8% itu bisa dicapai,"" ujar Airlangga. Lebih lanjut, menurutnya faktor lain yang turut mempengaruhi laju ekonomi Vietnam lebih pesat dari Indonesia adalah ketersediaan Kawasan Ekonomi Khusus (KEK) yang sangat masif. Dalam hal ini, ia mengatakan total KEK yang dimiliki Indonesia baru di kisaran 24.000 hektare. Sementara Vietnam memiliki lebih dari 2 juta hektare kawasan ekonomi yang dibantu juga dengan kepastian hukum dan kualitas pelayanan investasi yang berani. ""Indonesia punya special economic zones itu kira-kira 24.000 hektare. Vietnam punya special economic zone 2 juta hektare. Jadi dia lebih masif dari kita, lebih berani, dan sebetulnya dari segi kepastian usaha mereka juga memberikan pelayanan yang baik kepada para investor,"" terangnya. Dari sisi lain dari sektor perdagangan internasional, Airlangga menilai Vietnam juga lebih agresif dalam mengamankan kerja sama dengan pasar-pasar utama dunia seperti Uni Eropa dan Amerika Serikat. ""Kita tentu ada persaingan dengan Vietnam, dan satu hal yang mereka mendahului kita adalah mereka sudah menandatangani kerja sama dengan Eropa lebih dulu dari kita, CEPA. Kemudian dengan Amerika Serikat juga mereka mendapatkan treatment daripada tarif dan non-tarif yang lebih baik dari Indonesia,"" jelas Airlangga. ""Jadi inilah yang mendorong Vietnam ekspornya lebih cepat dari kita, namun mereka tidak punya domestic market. Jadi mereka yang menanam investasi di Vietnam itu harus mendorong untuk menuju ekspor,"" pungkasnya. Tonton juga video ""Prabowo Bicara soal Serangan ke RI: Ekonomi Diganggu-Kekayaan Dicuri"" (igo/fdl)",445
151,finance,https://finance.detik.com/berita-ekonomi-bisnis/d-8694312/menaker-sebut-ruu-ketenagakerjaan-perkuat-hak-pekerja-hingga-pengusaha,"Menteri Ketenagakerjaan Yassierli menyebut Rancangan Undang-Undang (RUU) tentang Pelindungan Ketenagakerjaan akan memperkuat pelindungan bagi pekerja hingga pengusaha. RUU tersebut juga menegaskan keseimbangan antara hak, kewajiban, dan kepentingan para pihak dalam hubungan industrial. RUU tentang Pelindungan Ketenagakerjaan ini berlanjut ke Pembicaraan Tingkat II Rapat Paripurna yang akan dilaksanakan hari ini, Selasa (6/10/2026). ""Pemerintah memandang bahwa RUU tentang Pelindungan Ketenagakerjaan memiliki arti penting dalam memberikan pelindungan, kepastian hukum, sekaligus menindaklanjuti Putusan Mahkamah Konstitusi Nomor 168/PUU-XXI/2023 serta menyelaraskan berbagai ketentuan ketenagakerjaan yang selama ini tersebar dalam berbagai peraturan perundang-undangan,"" kata Yassierli dalam keterangan tertulis, Selasa (6/10/2026). Menurut Yassierli, RUU tersebut secara keseluruhan memperkuat pelindungan ketenagakerjaan bagi pekerja/buruh, pencari kerja, peserta pemagangan, maupun pengusaha. RUU ini juga menegaskan prinsip keadilan, kesetaraan, nondiskriminasi, keselamatan dan kesehatan kerja (K3), serta keseimbangan hak, kewajiban, dan kepentingan para pihak dalam hubungan industrial. ""Di sisi lain, RUU ini juga memperkuat sistem pengawasan dan penegakan hukum ketenagakerjaan agar lebih efektif, profesional, proporsional, dan memberikan kepastian hukum, dengan tetap memperhatikan keberlangsungan dunia usaha,"" ujar Yassierli. Pembahasan RUU Pelindungan Ketenagakerjaan sebelumnya dilakukan melalui Panja pemerintah dan DPR RI. Dalam rapat kerja tersebut, Panja menyampaikan laporan hasil pembahasan sebagai bagian dari rangkaian penyelesaian RUU, termasuk pembacaan naskah RUU tentang Pelindungan Ketenagakerjaan. Rapat kemudian dilanjutkan dengan penyampaian pendapat akhir mini masing-masing fraksi serta pendapat akhir pemerintah. Setelah itu, dilakukan penandatanganan naskah RUU tentang Pelindungan Ketenagakerjaan. ""Berdasarkan seluruh hasil pembahasan bersama DPR RI dan setelah mempertimbangkan secara sungguh-sungguh seluruh pandangan serta masukan dalam proses pembahasan, Pemerintah menyatakan dapat menerima RUU tentang Pelindungan Ketenagakerjaan dan menyetujui agar RUU tersebut dilanjutkan ke Pembicaraan Tingkat II untuk selanjutnya diambil keputusan dalam Rapat Paripurna DPR RI,"" kata Yassierli. Tonton juga video ""Buruh Berdatangan di Depan DPRD DKI, Siap Kawal RUU Ketenagakerjaan"" (hrp/fdl)",283
152,finance,https://finance.detik.com/berita-ekonomi-bisnis/d-8694272/harga-emas-antam-hari-ini-jatuh-cukup-dalam,"Harga emas Antam hari ini kembali mengalami penurunan setelah kemarin sempat naik tipis di tengah tren pelemahan. Harga emas Antam 24 karat saat ini turun Rp 10.000 per gram dan berada di level Rp 2.570.000 per gram. Berdasarkan situs Logam Mulia Antam, Selasa (6/10/2026), satuan harga emas hari ini yang terkecil ukuran 0,5 gram berada di angka Rp 1.335.000. Sementara harga emas 10 gram dijual dengan harga Rp 25.195.000 dan ukuran emas terbesar yakni 1.000 gram (1 kg) dibanderol Rp 2.510.600.000. Jika ditarik dalam sepekan terakhir, harga emas Antam bergerak dari rentang Rp 2.570.000 - Rp 2.595.000 per gram. Sedangkan dalam sebulan terakhir, harga emas Antam juga menguat di rentang Rp 2.570.000 - Rp 2.638.000 per gram. Sementara untuk buyback, harga emas juga ikut turun Rp 10.000 per gram menjadi Rp 2.376.000 per gram. Harga buyback adalah jika Anda ingin menjual emas, maka Antam akan membelinya dengan harga tersebut. Sesuai Peraturan Menteri Keuangan (PMK) Nomor 81 Tahun 2024, setiap transaksi buyback dengan nilai di atas Rp 10.000.000 akan dikenakan Pajak Penghasilan (PPh) Pasal 22 sebesar 1,5%. PPh Pasal 22 tersebut akan dipotong langsung dari total nilai transaksi pada saat pelaksanaan buyback. Berikut rincian harga emas Antam hari ini dari 1 Gram hingga 1.000 Gram, Kamis (8/1/2026). Harga emas 0,5 gram: Rp 1.335.000 Harga emas 1 gram: Rp 2.570.000 Harga emas 2 gram: Rp 5.080.000 Harga emas 3 gram: Rp 7.595.000 Harga emas 5 gram: Rp 12.625.000 Harga emas 10 gram: Rp 25.195.000 Harga emas 25 gram: Rp 62.862.000 Harga emas 50 gram: Rp 125.645.000 Harga emas 100 gram: Rp 251.212.000 Harga emas 250 gram: Rp 627.765.000 Harga emas 500 gram: Rp 1.255.320.000 Harga emas 1.000 gram: Rp 2.510.600.000 Demikian rincian harga emas hari ini keluaran Antam 1 gram hingga 1.000 gram, Selasa (6/10/2026). Tonton juga video ""Harga Emas Antam Ambruk Hari Ini"" (igo/fdl)",303
153,finance,https://finance.detik.com/bursa-dan-valas/d-8694267/dolar-as-pagi-ini-rp-17-909,"Nilai tukar dolar Amerika Serikat (AS) menguat terhadap Rupiah pagi ini. Mata uang Paman Sam kini berada di level Rp 17.900. Dikutip dari data Bloomberg, Selasa (6/10/2026), niilai tukar dolar AS berada pada level Rp 17.909 atau melemah 0,04%. Selanjutnya, pergerakan dolar AS terhadap sejumlah mata uang lainnya bervariasi namun cenderung stagnan. Nilai tukar dolar AS terhadap dolar Kanada, CHF Swiss France, yen Jepang dan dolar Hong Kong berada pada posisi stagnan. Sementara untuk nilai tukar dolar AS terhadap won Korea menguat 2,48%. Tonton juga video ""Upaya Pemerintah Kurangi Ketergantungan Terhadap Dolar AS"" (fdl/fdl)",94
154,finance,https://finance.detik.com/bursa-dan-valas/d-8694225/ihsg-hari-ini-dibuka-menguat-ke-6-130,"Indeks Harga Saham Gabungan (IHSG) melanjutkan tren penguatan pada perdagangan hari ini, Selasa (6/10). Indeks saham naik ke level 6.100 pagi ini. Berdasarkan data RTI Business, menguat 0,20% ke level 6.130,93 pada perdagangan pagi ini. Indeks saham menguat sejak pembukaan perdagangan pada posisi 6.126,40 pada pembukaan. Tercatat volume perdagangan sebanyak 10,73 miliar dengan nilai transaksi sebesar Rp 785,94 miliar di awal perdagangan pagi tadi. Adapun frekuensi saham yang diperdagangkan tercatat sebanyak 100.133 kali. Sebanyak 280 saham menguat, 177 saham melemah, dan 234 saham stagnan. Kapitalisasi pasar pagi ini tercatat sebanyak Rp 10.794,31 triliun. Sepanjang lima hari perdagangan terakhir, IHSG menguat 0,09%. Sementara sepanjang 2026, indeks saham menguat hingga 29,14%. Pada perdagangan Senin (5/10), IHSG mencatat net foreign sell sebesar Rp 115,72 miliar. Kemudian sepanjang 2026, net foreign sell sebesar Rp 82,67 triliun. Tonton juga video ""Tanyadetikfinance IHSG Rontok Lagi, Apa yang Bikin Pasar Saham Indonesia Ditinggal Investor?"" (ahi/ara)",148
155,finance,https://finance.detik.com/energi/d-8694188/ptba-minta-restu-bahlil-buat-garap-tambang-lewat-anak-usaha,"PT Bukit Asam (Persero) Tbk (PTBA) mengajukan persetujuan untuk melakukan produksi melalui anak usaha perseroan. Hal tersebut berkenaan dengan Keputusan Menteri Energi dan Sumber Daya Mineral (ESDM) Nomor 365.K/MB.01/MEM.B/2026. Kepmen tersebut diketahui memuat ketentuan tentang pedoman teknis pelaksanaan persetujuan penggunaan anak perusahaan dan/atau afiliasi dalam bidang usaha hasa pertambangan mineral dan batubara (minerba). PTBA mengajukan permohonan kepada Menteri ESDM, Bahlil Lahadalia, terkait persetujuan penggunaan PT Satria Bahana Sarana (PT SBS) sebagai perusahaan afiliasi jasa kontraktor penambangan. Pengajuan ini dilakukan untuk memastikan kegiatan operasional berjalan sesuai ketentuan dan menjaga ketahanan energi nasional. ""PTBA menghormati dan mendukung kebijakan pemerintah dalam memperkuat tata kelola usaha jasa pertambangan. Kami telah mengajukan permohonan persetujuan penggunaan PT SBS kepada Menteri ESDM dan senantiasa terus berkoordinasi terhadap setiap proses evaluasi yang dilakukan berdasarkan kebijakan aturan yang berlaku,"" kata Direktur Utama PTBA, Bambang Ismawan dalam keterangan tertulis, dikutip Selasa (6/10/2026). Kepmen ESDM ini mengatur penggunaan anak perusahaan atau perusahaan afiliasi dalam kegiatan produksi tambang, dengan syarat tertentu dan harus mendapat persetujuan. Aturan tersebut berlaku antara lain untuk proyek strategis nasional (PSN), pembangunan fasilitas pengolahan atau pemurnian mineral, pengembangan dan pemanfaatan batu bara, serta pemenuhan kebutuhan mineral dan batu bara dalam negeri. Bambang menekankan, pemenuhan kebutuhan domestik menjadi bagian penting kontribusi PTBA untuk menjaga ketahanan energi nasional. Hingga semester I 2026, penjualan domestik perusahaan mencapai 10,77 juta ton atau sekitar 51% dari total penjualan. ""Selain menjaga pasokan energi dalam negeri, PTBA terus mendorong hilirisasi dan pengembangan usaha untuk meningkatkan nilai tambah batu bara serta memperkuat industri nasional. Kami berkomitmen menjalankan seluruh kegiatan usaha secara patuh, dengan tetap memperhatikan keberlanjutan operasional dan kontribusi bagi perekonomian,"" jelasnya. Bambang menambahkan, PTBA saat ini juga tengah mengajukan Rencana Kerja dan Anggaran Biaya (RKAB) 2027 kepada pemerintah. Di sisi lain, ia menegaskan perusahaan berada pada jalur yang tepat untuk mencapai target produksi sekitar 49,5 juta ton pada tahun 2026. ""PTBA sedang dalam proses pengajuan usulan rencana produksi 2027 kepada Kementerian ESDM. Kami senantiasa memprioritaskan kebutuhan suplai domestik, sembari mencermati peluang pasar ekspor. Dukungan rantai pasok terintegrasi dari tambang, angkutan kereta api, hingga pelabuhan menjadi modal penting untuk menjaga keandalan pasokan,"" pungkasnya. (ahi/ara)",348
156,finance,https://finance.detik.com/bursa-dan-valas/d-8694163/asii-bagikan-dividen-rp-3-9-t-tpia-dan-lpkr-kembangkan-bisnis,"Market Overview Bursa saham Indonesia mengawali pekan dengan penguatan. IHSG pada perdagangan Senin (5/10) naik 1,36% ke level 6.118,86. Sejumlah saham menjadi penopang indeks, di antaranya BYAN yang naik 4,26%, BBCA menguat 1,23%, dan BBRI naik 1,30%. Sebaliknya, DCII turun 3,14%, CASA melemah 3,49%, dan GOTO terkoreksi 3,33%. Di tengah penguatan IHSG, investor asing masih mencatatkan net sell sebesar Rp123,10 miliar di pasar reguler. Jika memperhitungkan seluruh pasar, nilai net sell asing tercatat Rp115,72 miliar. Dari sisi sektoral, 10 dari 11 sektor saham berakhir menguat. Sektor Property mencatat kenaikan paling tinggi sebesar 2,31%, sedangkan sektor Technology menjadi satu-satunya sektor yang melemah dengan penurunan 1,33%. Pergerakan positif juga terlihat di bursa Amerika Serikat. Dow Jones naik 0,18% ke level 51.267, S&P 500 bertambah 0,66% ke 7.773, dan Nasdaq menguat 1,05% ke 27.477. Ekspektasi terhadap kebijakan The Fed yang lebih longgar turut menjadi perhatian pasar setelah data tenaga kerja AS menunjukkan pelemahan. Sejalan dengan pergerakan tersebut, ETF EIDO naik 2,05% dan indeks MSCI Indonesia menguat 1,63%. | Baca juga: IHSG dan Rupiah Tertekan, Begini Datanya | Berita Emiten PT Chandra Asri Pacific Tbk (TPIA) TPIA terus mengembangkan bisnisnya melalui tiga pilar, yaitu Energi & Kimia, Infrastruktur Terintegrasi, serta Solusi Mobilitas. Strategi tersebut menjadi bagian dari pengembangan Chandra Asri Group di Indonesia dan kawasan Asia Tenggara. Pada lini Energi & Kimia, TPIA tengah membawa fasilitas Chlor Alkali-Ethylene Dichloride (CA-EDC) di Cilegon menuju tahap operasional. Fasilitas ini akan melengkapi naphtha cracker Cilegon yang memiliki kapasitas ethylene 0,90 juta metrik ton per tahun. Ekspansi TPIA juga ditopang aset di Singapura. Perseroan memiliki kilang dengan kapasitas lebih dari 300.000 barel per hari, naphtha cracker berkapasitas 1,10 juta metrik ton per tahun di Pulau Bukom, serta sekitar 2,50 juta metrik ton aset kimia hilir di Pulau Jurong. Sementara itu, bisnis Infrastruktur Terintegrasi mencakup Daya, Air, Kepelabuhanan dan Penyimpanan, serta Logistik. Empat bidang tersebut dikembangkan untuk mendukung aktivitas industri dan konektivitas regional. Di sisi Solusi Mobilitas, TPIA mengoperasikan sekitar 60 SPBU ritel Esso dan mengembangkan bisnis mobilitas di Singapura serta Malaysia. PT Lippo Karawaci Tbk (LPKR) LPKR melalui LippoLand memperluas pengembangan hunian pada kisaran harga Rp1 miliar hingga di bawah Rp2 miliar. Pengembangan tersebut menyasar kebutuhan hunian di tengah backlog kepemilikan rumah nasional yang mencapai sekitar 9 juta keluarga. Namun, persaingan di segmen ini cukup ketat sehingga pengembang perlu memperhatikan aspek desain, kualitas, hingga pilihan skema pembiayaan. Salah satu produk yang disiapkan LippoLand adalah Brentwood Villas. Hunian dua hingga tiga lantai ini dirancang untuk kebutuhan keluarga multigenerasi dan akan diperkenalkan di tujuh lokasi. Brentwood Villas nantinya melengkapi portofolio LippoLand yang mencakup segmen essential, affordable, premium, hingga ultra luxury. Kinerja pra-penjualan FY2025 tercatat Rp5,32 triliun dari 6.047 unit. PT Astra International Tbk (ASII) ASII menetapkan dividen tunai interim untuk tahun buku 2026 sebesar Rp98 per saham. Total dividen yang akan dibagikan mencapai Rp3,90 triliun. Pembagian dividen tersebut dilakukan setelah ASII membukukan laba bersih yang diatribusikan kepada pemilik entitas induk sebesar Rp12,53 triliun pada semester I 2026. Nilai tersebut turun 19,22% secara tahunan, salah satunya seiring penurunan kontribusi bisnis solusi pertambangan dan alat berat. Dividen interim Rp98 per saham tersebut setara dengan dividend payout ratio sebesar 31,09% terhadap laba bersih semester I 2026. Pada perdagangan Senin (5/10), saham ASII ditutup di level Rp4.750 per saham. Dengan mengacu pada harga tersebut, dividend yield dari dividen interim tercatat sebesar 2,06%. Cum date dividen di pasar reguler dan negosiasi ditetapkan pada 12 Oktober 2026. Sementara itu, pembayaran dividen dijadwalkan pada 30 Oktober 2026. | Baca juga: IHSG Ditutup Menguat ke Level 6.118 | Rekomendasi Saham Hari Ini - AADI - Buy 11850-11925 | TP 12150-12375 | SL 11200 - SQMI - Buy 97-99 | TP 102-104 | SL 93 - BEST - Buy 128-130 | TP 133-136 | SL 123 - SSIA - Buy 1715-1730 | TP 1750-1790 | SL 1640 - COCO - Buy 129-131 | TP 134-136 | SL 123 Disclaimer: Ingat, bahwa segala analisis dan rekomendasi saham dalam artikel ini bersifat informatif sekaligus bukan merupakan ajakan untuk membeli atau menjual saham tertentu. (ang/ang)",663
157,finance,https://finance.detik.com/tips-dan-trik/d-8694147/hrd-tanya-gaji-saat-interview-kerja-ini-cara-menjawabnya,"Pertanyaan soal gaji saat wawancara kerja kerap membuat pelamar merasa kikuk. Apalagi, perekrut sering menanyakan besaran gaji yang diterima kandidat saat ini, meski pelamar sebenarnya tidak wajib menjawabnya. Lantas apa yang perlu dipersiapkan pelamar kerja untuk menghadapi pertanyaan-pertanyaan tersebut? Dikutip dari BBC, Selasa (6/10/2026), Penasihat senior layanan konsultasi dan mediasi kerja Acas, Louise Rudd, menyebut tidak ada aturan yang melarang perekrut untuk menanyakan tentang gaji saat ini atau ekspektasi upah kepada pelamar kerja. Menurutnya, jika perusahaan ingin mengetahui informasi tersebut, pertanyaan soal gaji sebaiknya diajukan kepada semua pelamar agar setiap kandidat mendapat perlakuan yang sama. Beberapa tahun lalu, bahkan muncul kampanye yang mendorong perusahaan untuk berhenti menanyakan gaji yang diterima calon karyawan di pekerjaan sebelumnya melalui tagar #EndSalaryHistory, salah satu pihak yang menyuarakan isu tersebut adalah Fawcett Society. Mereka menilai pertanyaan soal gaji sebelumnya berisiko mempertahankan kesenjangan upah yang selama ini dipengaruhi oleh ketidaksetaraan gender, ras, dan disabilitas. Menurut Fawcett Society, praktik tersebut membuat besaran gaji lebih ditentukan oleh nilai yang dianggap melekat pada seseorang dan kemampuan negosiasinya, bukan berdasarkan keterampilan, pengalaman, serta kinerja. Konfederasi Perekrutan dan Ketenagakerjaan mendukung langkah tersebut, dan mendesak para perekrut untuk tidak menanyakan perihal gaji. Kemudian dalam aturan baru yang diterapkan di seluruh Uni Eropa, terdapat larangan bagi perusahaan menanyakan riwayat gaji. Namun hal itu tidak tercantum dalam rencana Kantor Kabinet di Inggris, yang justru berfokus pada anjuran kepada perusahaan untuk mempublikasikan informasi gaji dalam iklan lowongan kerja. Cara Menjawab Pertanyaan Pelamar kerja sejatinya diperbolehkan menjawab riwayat gaji jika merasa nyaman dengan pertanyaan tersebut. Di London, banyak pihak juga yang sengaja melebih-lebihkan riwayat gaji untuk mendapatkan bayaran lebih tinggi di pekerjaan berikutnya. Namun umumnya, pelamar kerja tidak diwajibkan untuk menjawab pertanyaan tersebut jika tidak berkenan melakukannya. Rudd mengatakan beberapa orang lebih suka memberikan ekspektasi gaji mereka atau menguraikan pemahaman mereka tentang kisaran gaji untuk peran tersebut. Perusahaan perekrutan sering mengatakan, pelamar sebaiknya fokus pada keterampilan dan pengalaman, sehingga hal-hal tersebut digunakan sebagai ukuran besaran gaji yang seharusnya mereka terima, bukan riwayat gaji mereka. Direktur Kampanye Konfederasi Perekrutan dan Ketenagakerjaan, Shazia Ejaz, mengatakan para pencari kerja harus mendekati pertanyaan tentang gaji dengan realisme tetapi juga kepercayaan diri. ""Para kandidat dapat fokus untuk menunjukkan nilai yang mereka berikan, manfaat yang paling penting bagi mereka, dan pergi ke wawancara dengan mengetahui gaji untuk peran tersebut. Para pencari kerja yang telah melakukan riset tentang gaji dan dapat menjelaskan kontribusi yang akan mereka berikan berada dalam posisi terkuat untuk mendapatkan paket gaji yang tepat,"" katanya. (ahi/ara)",406
158,finance,https://finance.detik.com/berita-ekonomi-bisnis/d-8693709/mbg-diuji-coba-prasmanan-seperti-di-jepang-siswa-dilibatkan,"Badan Gizi Nasional (BGN) berencana membagikan Makan Bergizi Gratis (MBG) melalui skema prasmanan. BGN mulai melakukan pilot project atau uji coba dengan skema prasmanan di 60 dapur SPPG yang tersebar di Jawa Tengah, Jawa Timur, Yogyakarta hingga Jayapura pada Senin (5/10). Kepala BGN Sudaryono mengatakan skema pemberian MBG secara prasmanan dilakukan dengan harapan dapat mengurangi risiko makanan rusak yang berpotensi menimbulkan gangguan kesehatan. ""Per hari ini, dari tanggal 5 ini kita sudah piloting di mungkin lebih dari 60 dapur untuk prasmanan di kelas. Jadi, ya jadi makanan dibawa hangat-hangat ke kelas kemudian disajikan di kelas, di ini kita lagi piloting, kami harapkan doa dan dukungannya, kita bisa lebih luas sehingga satu, makanannya lebih enak karena hangat-hangat, yang kedua tentu saja lebih fresh karena tidak ada delay waktu sehingga mengurangi risiko apa kerusakan makanan yang rusak kemudian menyebabkan gangguan kesehatan,"" ujar Sudaryono di Kementerian Pertanian, Jakarta Selatan, Senin (5/102/2026). Selain mengurangi adanya risiko keracunan, skema ini juga sebagai sarana edukasi terhadap siswa. Siswa akan dilibatkan langsung dalam proses penyajian makanan, bukan hanya mengandalkan SPPG. Siswa akan dibagi dalam kelompok piket yang terbagi menjadi 5-6 orang dan bertugas melayani teman-temannya. Kemungkinan besar siswa akan diberikan celemek dan sarung tangan untuk menyajikan makan seperti di Jepang. ""Kemudian juga ada fungsi edukasinya. Tentu saja ini membutuhkan semacam kerja sama. Jadi, kalau prasmanan ini, yang dilatih adalah dapurnya, yang dilatih juga adalah sekolahnya. Karena yang melayani adalah siswa, jadi siswa itu ada piket kayak di Jepang gitu lah,"" katanya. Dia menegaskan bahwa makanan yang disajikan tetap dimasak di SPPG, kemudian dibawa ke sekolah dan disajikan dalam kondisi hangat. ""Ya kalau sekolahnya besar, siswanya banyak, ada yang dimasak di sekolah. Sama kayak di kita kan sama. SPPG ada di dalam pesantren misalnya, karena pesantrennya apa, santrinya lebih dari 1.000, dia bisa bikin dapur di dalam, sama aja sebetulnya,"" katanya. ""Cuma di banyak negara, kami sudah melihat kemarin JICA dengan Jepang kemarin itu, itu kemudian central kitchen. Jadi, dimasak di central kitchen kemudian dibagi ke ke sekolah-sekolahnya tuh kemudian dalam bentuk dalam bentuk hangat-hangat prasmanan di kelas,"" sambungnya. Sudaryono mengklaim bahwa berdasarkan hasil laporan yang ia terima, uji coba pemberian MBG dengan skema prasmanan menunjukkan hasil yang baik. ""Sejauh ini, tadi saya dapat laporan, itu tingkat kehabisan makanannya bagus. Jadi kan artinya, ya kan, lebih fresh, ya, kemudian ada yang mungkin mau nambah, masih ada sisa bisa nambah gitu. Jadi, dan waste, waste-nya lebih sedikit ya karena prasmanan,"" katanya. Saat ditanya apakah skema ini bakal diterapkan dan mengubah skema yang sudah ada, Sudaryono belum dapat memastikan. Namun ia berharap skema ini bisa dilakukan di berbagai tempat. ""Ya kita kita berharap akan semakin banyak kita laksanakan seperti itu,"" katanya. (hrp/fdl)",442
159,finance,https://finance.detik.com/bursa-dan-valas/d-8693371/ihsg-dan-rupiah-tertekan-begini-datanya,"Pasar keuangan Indonesia tengah menghadapi tekanan. Indeks Harga Saham Gabungan (IHSG) terkoreksi cukup dalam sepanjang September, sementara nilai tukar rupiah melemah terhadap dolar Amerika Serikat (AS) dan dolar Singapura. Di pasar saham, tekanan ditandai dengan keluarnya dana investor asing dalam jumlah besar. Sementara itu, dolar AS telah menembus level Rp 17.900 dan dolar Singapura semakin mendekati Rp 14.000. Kepala Eksekutif Pengawas Pasar Modal, Keuangan Derivatif, dan Bursa Karbon OJK Hasan Fawzi menyebut investor asing melakukan aksi jual bersih atau net sell hingga Rp 10,24 triliun di pasar saham di tengah meningkatnya volatilitas pasar keuangan global. Kondisi tersebut berbanding terbalik dengan Agustus dengan net buy Rp 1,19 triliun. ""Investor asing membukukan net sell di pasar saham senilai Rp 10,24 triliun, sementara di bulan Agustus 2026 lalu tercatat net buy investor asing sebesar Rp 1,19 triliun,"" kata Hasan dalam Konferensi Pers Hasil Rapat Dewan Komisioner Bulanan secara virtual, Senin (5/10/2026). | Baca juga: IHSG Tertekan, Modal Asing Rp 10,24 T Cabut | Tekanan tersebut tercermin pada pergerakan Indeks Harga Saham Gabungan (IHSG) yang ditutup di 6.071,14 pada akhir September atau terkoreksi 6,96% secara month-to-month. Pergerakan pasar saham domestik sepanjang September dipengaruhi meningkatnya volatilitas pasar keuangan global seiring eskalasi tensi geopolitik dan kenaikan suku bunga global. Meski demikian, OJK menilai daya tahan dan likuiditas pasar modal domestik masih terjaga. Rata-rata bid-ask spread pasar saham 1,2%, relatif stabil dibandingkan bulan sebelumnya 1,17%. Tekanan juga terjadi di pasar obligasi. Indonesia Composite Bond Index (ICBI) pada September 2026 ditutup pada level 439,05 atau turun 0,23% secara bulanan. Di tengah kenaikan imbal hasil obligasi global dan ketidakpastian global, tekanan keluarnya dana investor asing dari pasar Surat Berharga Negara (SBN) dinilai masih terbatas. Investor asing melakukan net sell Rp 340 miliar sepanjang September. Kinerja industri pengelolaan investasi turut mengalami penyesuaian. Nilai aktiva bersih (NAB) reksa dana tercatat Rp 637,07 triliun atau turun 2,42% secara bulanan. Rupiah Tertekan Tekanan di pasar keuangan juga terlihat pada pergerakan nilai tukar rupiah. Mata uang Garuda kompak melemah terhadap dolar Amerika Serikat (AS) dan dolar Singapura hingga perdagangan siang kemarin. Dolar AS menguat cukup tinggi ke level Rp 17.900 pada perdagangan Senin siang. Penguatan juga terjadi pada dolar Singapura yang terus mendekati level Rp 14.000 terhadap rupiah. Dikutip dari Bloomberg, Senin (5/10/2026), dolar AS diperdagangkan pada level Rp 17.941. Mata uang Paman Sam menguat sebesar 59 poin atau 0,33%. Sementara itu, dolar Singapura selangkah lagi menyentuh level Rp 14.000. Mata uang milik Negeri Singa menguat sebesar 6,72 poin atau 0,05% dan berada pada level Rp 13.997. | Baca juga: Dolar AS Menguat ke Level Rp 17.900 | Di sisi lain, Bank Indonesia (BI) mencatat nilai tukar rupiah mengalami depresiasi 7,74% secara year to date (ytd). Pelemahan nilai tukar ini dinilai masih beriringan dengan pergerakan mata uang negara-negara tetangga. Kepala Departemen Pengelolaan Moneter dan Aset Sekuritas BI, Erwin Gunawan Hutapea menjelaskan pergerakan nilai tukar sebuah negara dipengaruhi oleh faktor global dan domestik, termasuk yang bersifat sentimen dan kebutuhan. Contohnya, keputusan Amerika Serikat (AS) menaikkan suku bunga hingga konflik di Selat Hormuz yang mengakibatkan terjadinya gangguan terhadap pasokan energi. Pelaku pasar akan melihat kondisi fiskal AS di ambang defisit sehingga akan menerbitkan surat utang lebih banyak dengan suku bunga lebih tinggi. Hal inilah yang membuat posisi indeks nilai dolar AS (DXY) melampaui level 101 dan membuat mata uang negara lain melemah. ""Ketika DXY, indeks dollar menguat, kira-kira mata uang lain? Melemah,"" ujar Erwin dalam Taklimat Media di kantor BI, Jakarta Pusat, Rabu (30/9/2026). Sementara itu berdasarkan Google Finance, dolar Singapura bergerak naik secara konsisten pada 2026. Dolar Singapura masih diperdagangkan di level Rp 12.900-an pada awal Januari 2026, namun nilainya terus menguat hingga sempat tembus level Rp 14.000 pada Juni, Juli, Agustus, dan September.",609
160,finance,https://finance.detik.com/berita-ekonomi-bisnis/d-8693811/bos-bgn-bicara-nasib-dapur-mbg-usai-tak-ada-lagi-insentif-rp-6-juta-hari,"Kepala Badan Gizi Nasional (BGN) Sudaryono menyatakan Satuan Pelayanan Pemenuhan Gizi (SPPG) alias dapur Makan Bergizi Gratis (MBG) tidak bisa lagi berprinsip mengejar untung sebesar-besarnya. Hal ini seiring perubahan skema insentif dapur MBG. Berdasarkan Keputusan Kepala Badan Gizi Nasional tentang Besaran Pemberian Insentif Ketersediaan dan Mutu Layanan Satuan Pelayanan Pemenuhan Gizi, diatur besaran insentif menjadi Rp 2.000/porsi dari sebelumnya Rp 6 juta/hari. Meski begitu, Sudaryono memastikan SPPG tidak akan merugi. ""Jadi mitra itu tidak mungkin rugi. Tapi tidak bisa kemudian untung gede-gedean gitu loh. Ini kan bisa dibilang kan MBG ini kalau katakanlah semacam kegiatan utilitas,"" ujar Sudaryono di Kementerian Pertanian, Jakarta, Senin (5/10/2026). Selain itu, Sudaryono menekankan, meski sedikit insentif tetapi jangka panjang tetap mendapatkan keuntungan. ""Kan ini bukan kegiatan yang sekali, katakanlah sekali kerja, sekali untung kan enggak, ini kan terus-menerus. Dengan 2.000 per porsi itu kan artinya bahwa investasi itu, investasinya mitra itu kan dijamin ada pengembaliannya, ada untungnya,"" jelas Sudaryono. Sebelumnya, dalam unggahan Instagram resmi @sudaru_sudaryono, Sudaryono mengatakan, insentif hanya diberikan kepada SPPG yang tetap beroperasi. SPPG yang tidak beroperasi karena kena suspend, sekolah libur nasional maupun kondisi tertentu, seperti bencana, tidak akan menerima insentif. ""Dapur SPPG itu tidak melayani penerima manfaat dalam memberikan MBG, sehingga insentif juga tidak diberikan,"" jelasnya. Sudaryono menjelaskan, insentif SPPG merupakan bagian dari total anggaran MBG sebesar Rp 15.000 per porsi. Rinciannya, Rp 10.000 untuk makanan, Rp 3.000 untuk operasional, dan Rp 2.000 sebagai insentif bagi SPPG. ""Rp 2.000 ini adalah bagian dari Rp 15.000 per porsi yang diberikan kepada setiap penerima manfaat, yang terdiri dari Rp 10.000 untuk makanan yang diberikan kepada penerima manfaat, Rp 3.000 untuk operasional, dan Rp 2.000 adalah insentif,"" terang Sudaryono. (hns/hns)",276
161,finance,https://finance.detik.com/moneter/d-8693793/utang-dan-kredit-macet-pinjol-warga-ri-naik-ini-datanya,"Otoritas Jasa Keuangan (OJK) mencatat kenaikan utang pinjaman online (pinjol) pada Agustus 2026. Pada periode tersebut outstanding mencapai Rp 106,94 triliun atau tumbuh 22,07% secara tahunan. ""Pada industri penjaminan daring atau Pindar, outstanding pembiayaan pada Agustus 2026 tumbuh 22,07% year on year dengan nominal sebesar Rp 106,94 triliun,"" ujar Kepala Eksekutif Pengawas Lembaga Pembiayaan, Perusahaan Modal Ventura, Lembaga Keuangan Mikro, dan Lembaga Jasa Keuangan Lainnya (PVML) OJK, Agusman dalam konferensi pers asesmen sektor jasa keuangan secara daring, Senin (5/10/2026). Di tengah kondisi tersebut, Agusman juga memantau tingkat risiko kredit macet secara agregat. Tingkat risiko kredit macet atau TWP90 berada di posisi 4,73%. Angka ini naik dibandingkan dengan bulan sebelumnya yang berada di posisi 4,32%. Jika dibandingkan pada Agustus 2025 juga turut meningkat, di mana pada Agustus 2025 di level 2,60%. ""Tingkat risiko kredit macet secara agregat atau TWP90 tercatat di posisi 4,73%,"" tambahnya. Sebagai langkah pengembangan industri, OJK tengah menjalankan sejumlah inisiatif strategis di bidang PVML, salah satunya menyusun Rancangan Peraturan OJK (RPOJK) mengenai Layanan Pendanaan Bersama Berbasis Teknologi Informasi (LPBBTI). Aturan ini disiapkan untuk memperkuat perlindungan bagi pemberi dana serta industri LPBBTI secara keseluruhan melalui penguatan mitigasi risiko serta pengetatan perjanjian antara pemberi dana dan penerima dana guna melindungi dana masyarakat yang dikelola oleh penyelenggara. ""Selain itu, OJK menyusun RPADK tentang penyelenggaraan usaha perusahaan pegadaian dan pegadaian syariah sebagai tindak lanjut POJK nomor 39 tahun 2024 tentang Pegadaian. RPADK ini mengatur antara lain mengenai perizinan, ruang lingkup kegiatan lainnya yang menghasilkan fee-based income, kegiatan usaha lainnya, serta benda jaminan,"" beber ia. Terkait pemantauan terhadap pemenuhan kewajiban permodalan, saat ini terdapat 7 dari 144 perusahaan pembiayaan yang belum memenuhi ketentuan kewajiban modal inti minimum Rp 100 miliar. Agusman juga menyebut ada 10 dari 94 penyelenggara pindar yang belum memenuhi kewajiban ekuitas minimum Rp 12,5 miliar. ""Pembiayaan dan penyelenggara Pindar tersebut telah menyampaikan action plan kepada OJK yang memuat langkah-langkah pemenuhan permodalan minimum,"" terangnya. (hns/hns)",314
162,finance,https://finance.detik.com/berita-ekonomi-bisnis/d-8693867/kenapa-pelanggan-pergi-pelajari-cara-membacanya-lewat-data-science,"Pelanggan yang tiba-tiba berhenti menggunakan produk atau layanan tentu bisa jadi masalah buat bisnis. Namun, alasan di balik keputusan tersebut sebenarnya bisa dipelajari dari data yang sudah dimiliki perusahaan. Lewat data science, perilaku pelanggan dapat dianalisis untuk menemukan pola yang berhubungan dengan risiko customer churn. Cara ini bisa membantu bisnis mengambil keputusan berdasarkan data, bukan hanya mengandalkan perkiraan. Belajar Membaca Risiko Customer Churn dengan Python Salah satu cara memahami perilaku pelanggan adalah dengan mempelajari Customer Churn Prediction. Studi kasus ini akan menjadi bagian dari kelas ""Kenali Risiko Bisnis Lewat Data Science dan Python"" dari detikcourse. Dalam kelas tersebut, peserta akan diajak mencoba Predictive Analytics menggunakan Python dan Google Colab. Peserta juga akan mempraktikkan pembuatan model Decision Tree dan Random Forest Classification untuk melihat pelanggan yang memiliki risiko churn. Setelah model dibuat, prosesnya tidak berhenti pada hasil prediksi. Peserta juga akan belajar mengecek performa model menggunakan Confusion Matrix, Accuracy, Precision, Recall, dan F1-Score. Berbagai hasil tersebut kemudian bisa diterjemahkan menjadi insight yang lebih relevan untuk bisnis. Misalnya, memahami pola pelanggan dan menggunakannya sebagai bahan pertimbangan dalam menentukan strategi berikutnya. Nggak Harus Anak IT untuk Ikut Kelas Ini Data science memang sering terdengar dekat dengan dunia programmer atau teknologi. Padahal, kemampuan mengolah data juga bisa berguna untuk berbagai pekerjaan yang berhubungan dengan bisnis. Kelas ini dapat diikuti oleh data analyst, business analyst, marketer, business development, entrepreneur, mahasiswa, hingga fresh graduate. Peserta akan mendapatkan pengalaman praktik langsung bersama expert sehingga materi yang dipelajari tidak hanya berhenti di teori. Selain sesi hands-on practice, peserta juga memperoleh e-sertifikat detikcourse, video recording kelas, career tips, dan insight industri. Ada juga kesempatan untuk dipublikasikan melalui artikel detikcom. Catat Jadwal Kelas Data Science Python detikcourse Kelas ""Kenali Risiko Bisnis Lewat Data Science dan Python"" akan berlangsung pada Selasa, 13 Oktober 2026, pukul 19.00-21.00 WIB secara online melalui Zoom Meeting. Bagi yang ingin mulai memahami bagaimana data pelanggan bisa digunakan untuk membaca risiko bisnis, kelas ini bisa menjadi kesempatan untuk belajar langsung lewat studi kasus yang dekat dengan kebutuhan bisnis. Daftarkan dirimu segera melalui detikevent! (hns/hns)",337
163,finance,https://finance.detik.com/energi/d-8693846/arab-saudi-pangkas-harga-minyak-untuk-asia,"Arab Saudi mendadak memangkas harga minyak untuk penjualan ke Asia pada November ke level terendah dalam enam tahun. Sementara itu, Arab Saudi menaikkan harga untuk kawasan Eropa Barat Laut dan Mediterania. Dilansir dari Reuters, Senin (5/10/2026), Arab Saudi menetapkan harga jual resmi (official selling price/OSP) minyak mentah Arab Light untuk Asia pada November sebesar US$ 5 per barel di bawah rata-rata harga Oman dan Dubai. Harga tersebut turun US$ 3 per barel dibandingkan bulan sebelumnya. Berdasarkan data Reuters, diskon pada November menjadi yang terbesar sejak Juni 2020. Selain itu, berdasarkan survei Reuters, pasar sebelumnya memperkirakan OSP November akan naik hingga US$ 5 per barel, sejalan dengan kenaikan harga minyak acuan Timur Tengah. Perusahaan minyak milik Arab Saudi, Saudi Aramco, juga memangkas OSP minyak mentah jenis Arab Medium dan Arab Heavy yang dijual ke Asia masing-masing sebesar US$ 5 per barel. Pekan lalu, sejumlah sumber yang mengetahui persoalan tersebut mengatakan Aramco tengah mempertimbangkan pemberian diskon untuk minyak yang dimuat dari Oman guna mengompensasi pembeli atas kenaikan biaya angkut yang mencapai rekor. Langkah itu dilakukan untuk mempertahankan pangsa pasar setelah gangguan ekspor akibat perang AS-Israel melawan Iran. Tiga sumber dari perusahaan kilang Asia yang berbicara dengan syarat anonim mengatakan pemangkasan OSP tersebut tampaknya ditujukan untuk mengompensasi pembeli atas tingginya biaya pengangkutan. Berdasarkan data LSEG, biaya menyewa kapal tanker minyak raksasa (very large crude carrier/VLCC) yang mampu mengangkut 2 juta barel minyak dari Teluk ke China mencapai US$ 1,2 juta per hari pada Jumat. Angka tersebut melonjak dibandingkan sekitar US$ 80.000 per hari pada tahun sebelumnya. Salah satu sumber juga mengatakan penurunan OSP dapat mengompensasi waktu tunggu serta perjalanan yang lebih lama untuk minyak Saudi yang diekspor melalui pelabuhan Sidi Kerir di Mesir. Pemuatan kargo di pelabuhan tersebut mengalami penundaan. Sejak September, Aramco telah menjual jutaan barel minyak mentah melalui transfer antarkapal (ship-to-ship) di luar Selat Hormuz. Langkah tersebut mendorong kembali arus minyak yang melewati jalur strategis tersebut ke level sebelum konflik. Arab Saudi juga kembali melakukan pemuatan minyak di Pelabuhan Yanbu di Laut Merah setelah sempat dihentikan akibat serangan drone yang menyebabkan pipa minyak East-West yang menjadi jalur utama pengiriman minyak Saudi ditutup. Sementara itu, Aramco menaikkan OSP minyak mentah untuk kawasan Eropa Barat Laut sebesar US$ 3 per barel untuk seluruh jenis minyak pada November. Aramco mempertahankan harga minyak untuk pembeli di Amerika Serikat pada level yang sama. (hns/hns)",388
164,finance,https://finance.detik.com/berita-ekonomi-bisnis/d-8693832/dapur-mbg-bakal-ditambah-jumlahnya-hampir-1-000-unit,"Badan Gizi Nasional (BGN) berencana menambah jumlah Satuan Pelayanan Pemenuhan Gizi (SPPG) atau dapur Makan Bergizi Gratis (MBG). Jumlahnya mencapai hampir 1.000 dapur MBG. Kepala BGN Sudaryono mengatakan penambahan dapur MBG akan diprioritaskan di wilayah tertinggal, terdepan, dan terluar (3T), serta daerah dengan prevalensi stunting tinggi. ""Minggu ini saya rencana buka ada sekitar 900, hampir 1.000 di wilayah Sumatera, Kalimantan, dan Bali, ya daerah 3T sama prevalensi stunting tinggi dan tinggi sekali. Jadi kita kita ingin kita ingin yang prioritas kita beresin dulu lah,"" ujar Sudaryono di Kantor Kementerian Pertanian, Jakarta, Senin (5/10/2026). Sudaryono menegaskan bahwa proses pembukaan dapur SPPG dilakukan melalui sistem yang telah ditetapkan pemerintah. Oleh karena itu, ia mengimbau masyarakat tidak perlu menggunakan jasa perantara atau membayar pihak tertentu untuk mendapatkan kesempatan dalam program tersebut. ""Tentunya pembukaan dapur ini tidak ini by system semua. Jadi nggak ada orang yang akan datang, jajakin jasa. Biasanya kan suka ada calo ya, ini nanti kalau tolong diberitakan, ya enggak ada calonya di sini,"" terang Sudaryono. Dalam kesempatan tersebut, Sudaryono mengatakan bahwa jumlah SPPG yang sudah beroperasi mencapai saat ini mencapai 27.022 dapur. Dari jumlah tersebut, sekitar 1.100 dapur dari jumlah belum mendapatkan Surat Penetapan Penerima Manfaat (SPS). ""Dari 1.100 tadi, itu kira-kira 500-an itu suspend. Suspend itu ya karena IPAL atau karena ada pernah ada ada keracunan makanan, kemudian ada perbaikan, dan lain sebagainya, itu ada sekitar 500,"" kata Sudaryono. (hns/hns)",231
165,finance,https://finance.detik.com/berita-ekonomi-bisnis/d-8693787/pemerintah-dpr-sepakat-ruu-ketenagakerjaan-lanjut-ke-sidang-paripurna,"Pemerintah dan Komisi IX DPR, menyepakati Rancangan Undang-Undang tentang Perlindungan Ketenagakerjaan dilanjutkan Sidang Paripurna. Keputusan itu diambil dalam rapat kerja pengambilan keputusan tingkat I bersama pemerintah yang dipimpin Wakil Ketua DPR RI Sufmi Dasco Ahmad di Kompleks Parlemen, Senayan, Jakarta, Senin (5/10/2026). ""Apakah Komisi IX DPR RI dan pemerintah dapat menyetujui Rancangan Undang-Undang tentang Perlindungan Ketenagakerjaan untuk dilanjutkan pada pembicaraan tingkat 2 dalam rapat paripurna DPR RI?"" tanya Wakil Ketua DPR RI Sufmi Dasco Ahmad ""Setuju,"" ucap peserta rapat. ""Dengan demikian Rancangan Undang-Undang tentang Perlindungan Ketenaga Kerjaan disetujui untuk dilanjutkan pada pembicaraan tingkat 2 dalam rapat paripurna DPR RI,"" kata Dasco. Dalam kesempatan tersebut, Menteri Ketenagakerjaan Yassierli menyampaikan apresiasi dan penghargaan yang setinggi-tingginya kepada pimpinan DPR RI, pimpinan Komisi IX DPR dan seluruh anggota Komisi 9 DPR RI khususnya Panitia Kerja RUU tentang Perlindungan Ketenagakerjaan atas seluruh proses pembahasan yang telah dilaksanakan secara intensif. ""Pemerintah memandang bahwa RUU tentang Perlindungan Ketenagakeerjaan memiliki arti penting dalam memberikan perlindungan, kepastian hukum, dan sekaligus menindaklanjuti putusan MK No.168/-PUU-21/2023 serta menyelaraskan berbagai ketentuan ketenagakerjaan yang selama ini tersebar dalam berbagai peraturan perundang-undangan,"" terang Yassierli. ""Pemerintah berpandangan bahwa RUU tentang Perlindungan Ketenagakerjaan secara keseluruhan memperkuat perlindungan ketenaga kerjaan baik bagi pekerja atau buruh, pencari kerja, peserta pemagangan, maupun pengusaha,"" sambungnya. Yassierli mengatakan RUU ini menegaskan adanya prinsip keadilan, kesetaraan, non-diskriminasi, memperhatikan aspek K3, serta keseimbangan hak, kewajiban, dan kepentingan para pihak dalam hubungan industrial. Di sisi lain, RUU ini juga memperkuat sistem pengawasan dan penegakan hukum ketenaga kerjaan agar lebih efektif, profesional, proporsional, dan memberikan kepastian hukum dengan tetap memperhatikan keberlangsungan dunia usaha. ""Berdasarkan seluruh hasil pembahasan bersama DPR RI dan setelah mempertimbangkan secara sungguh-sungguh seluruh pandangan serta masukan dalam proses pembahasan, pemerintah menyatakan dapat menerima RUU tentang Perlindungan Ketenaga Kerjaan dan menyetujui agar RUU tersebut dilanjutkan ke pembicaraan tingkat dua untuk selanjutnya diambil keputusan dalam rapat paripurna DPR RI,"" terangnya. (hns/hns)",307
166,finance,https://finance.detik.com/energi/d-8693768/bahlil-akui-banyak-yang-beralih-ke-bbm-subsidi,"Menteri Energi dan Sumber Daya Mineral (ESDM) Bahlil Lahadalia mengakui terjadi pergeseran konsumsi Bahan Bakar Minyak (BBM), dari nonsubsidi ke subsidi. Sebagai contoh, beralih dari Pertamax ke Pertalite yang merupakan BBM subsidi. Pergeseran konsumsi ini terjadi karena ada selisih harga yang cukup besar antara BBM subsidi dan nonsubsidi. ""Sekarang kan kita tahu bahwa ada terjadi shifting kan dari yang tidak memakai BBM subsidi, sekarang mereka memakai BBM subsidi. Pasti kan ada peningkatan permintaan,"" ujar Bahlil di Kompleks Istana Kepresidenan, Jakarta, Senin (5/10/2026). Dalam kesempatan tersebut, Bahlil menegaskan pemerintah tetap akan menahan harga BBM subsidi hingga akhir tahun, meskipun harga minyak dunia fluktuatif. ""Kemudian harga energi yang semakin hari fluktuatif sekali, dinamis, kemudian kepastian subsidi. Dan kita dapat pastikan bahwa subsidi sampai dengan akhir tahun, harga BBM tidak akan naik,"" ujar Bahlil. (hns/hns)",132
167,finance,https://finance.detik.com/berita-ekonomi-bisnis/d-8693702/bos-danantara-buka-suara-soal-nasib-utang-kereta-cepat,"CEO Badan Pengelola Investasi Daya Anagata Nusantara (Danantara) Rosan Roeslani buka suara proses pengalihan utang proyek Kereta Cepat Indonesia China (KCIC) ke Kementerian Keuangan. ""Sudah berjalan, sedang berjalan, sedang berjalan, berjalan,"" ujar Rosan saat ditemui di Istana Kepresidenan, Jakarta Pusat, Selasa (5/10/2026). Kelanjutan pengalihan utang proyek kereta cepat Jakarta-Bandung atau Whoosh ke Kementerian Keuangan sempat dipertanyakan usai pergantian Menteri Keuangan dari Purbaya Yudhi Sadewa ke Suahasil Nazara. Sebelumnya Rosan telah menjamin rencana itu akan tetap berjalan meski ada perubahan Bendahara Negara. Dia mengatakan sudah bicara dengan Suahasil setelah dilantik dan menjamin semua program-program yang masih berjalan tidak akan terhambat. ""Kita sudah janji akan bertemu hari minggu ini, hari Kamis atau Jumat ini untuk menindaklanjuti beberapa hal yang tentunya berhubungan baik di Danantara maupun juga dan dengan Kementerian Investasi, sehingga beliau juga bergerak cepat. Jadi kita kita akan bertemu langsung dengan beliau,"" kata Rosan di Istana Negara, Jakarta Pusat, Senin (14/9/2026). Dalam konteks ini, pengalihat utang KCIC kepada pemerintah dilakukan melalui skema pengambilalihan seluruh saham PT Pilar Sinergi BUMN Indonesia (PSBI) selaku konsorsium pemilik saham KCIC. Untuk diketahui, PSBI merupakan pemegang 60% saham KCIC dari pihak Indonesia. Sementara 40% sisanya dimiliki oleh konsorsium perusahaan China selaku pemodal utama proyek. Dalam hal komposisi pemegang saham dalam PSBI yaitu PT Kereta Api Indonesia (Persero) 58,53%, PT Wijaya Karya (Persero) Tbk 33,36%, PT Perkebunan Nusantara I 1,03%, dan PT Jasa Marga (Persero) Tbk 7,08%. Dalam kesempatan terpisah Direktur Jenderal Kekayaan Negara Kementerian Keuangan Evita Manthovani mengatakan proses pengalihan saham PSBI kepada pemerintah melalui Kementerian Keuangan masih dalam tahap finalisasi. Skema pengalihan juga telah ditetapkan dan dibahas secara rinci. ""Pengalihan saham PT PSBI ke pemerintah melalui Kementerian Keuangan saat ini masih dalam proses finalisasi. Skema telah ditetapkan, telah dibahas secara detail,"" kata Evita dalam konferensi pers APBN KITA di Kementerian Keuangan, Jakarta, Jumat (18/9/2026). (hns/hns)",300
168,finance,https://finance.detik.com/bursa-dan-valas/d-8693518/terbuka-peluang-transaksi-bursa-mineral-pakai-dolar-as,"Otoritas Jasa Keuangan (OJK) menyampaikan transaksi di Bursa Mineral dan Komoditas Strategis (BKMS) tidak hanya menggunakan mata uang Rupiah. OJK membuka peluang penggunaan mata uang asing dalam transaksinya, contohnya dolar Amerika Serikat (AS). Kepala Eksekutif Pengawas Bursa Mineral dan Komoditas Strategis (BMKS) OJK Sarjito mengatakan hal tersebut telah dibahas bersama dengan pihak-pihak terkait, termasuk Bank Indonesia (BI). ""Dari diskusi yang kita lakukan dengan apa pihak-pihak terkait dalam hal ini dengan Bank Indonesia, itu dimungkinkan bahwa transaksinya tidak hanya dalam bentuk mata uang rupiah, jadi misalnya dengan US Dollar,"" ujar Sarjito dalam konferensi pers asesmen sektor jasa keuangan secara daring, Senin (5/10/2026). Terkait dengan posisi dan relasi BMKS dengan Danantara Sumber Daya Indonesia (DSI), Sarjito menjelaskan OJK telah merilis POJK Nomor 15/2026 tentang peralihan tugas dan wewenang dari Bappebti ke OJK serta POJK Nomor 16/2026 tentang penyelenggaraan bursa mineral dan komoditas strategis. Dalam pasal 5 POJK 15/2026, telah diatur OJK dapat berkoordinasi dengan kementerian lembaga dan atau pihak terkait sesuai dengan ketentuan peraturan perundang-undangan. OJK tentu dapat berkoordinasi dengan setiap pihak, termasuk dengan DSI khususnya dalam hal ekspor mineral dan komoditas. ""Sehingga harapannya dapat meningkatkan traceability dan transparansi dari keseluruhan transaksi mineral dan komoditas di Indonesia. Dengan demikian, koordinasi tersebut diharapkan dapat mendukung tujuan menghindari praktik under invoicing dan transfer pricing dalam trading atas mineral strategis dan komoditas strategis,"" beber Sarjito. Sementara itu, terkait BMKS nantinya bersifat wajib (mandatory) atau sekadar opsi (voluntary) bagi pelaku usaha, Sarjito menegaskan akan senantiasa memperhatikan arahan serta perintah dari pemerintah dan kementerian/lembaga teknis terkait. Penentuan cakupan komoditas yang diperdagangkan secara wajib atau sukarela akan disesuaikan dengan otoritas perdagangan tersebut. ""Hal tersebut tentu termasuk untuk menentukan cakupan mineral dan komoditas strategis apa yang akan ditransaksikan di BMKS yang sifatnya nanti mandatory atau voluntary. Nah, POJK nomor 16/2026 mengatur bahwa penyelenggaraan BMKS dilaksanakan secara bertahap sesuai dengan kesiapan kelembagaan, infrastruktur pasar, sistem teknologi informasi, serta para pelaku pasarnya itu sendiri,"" jelasnya. Selain itu, ia menegaskan perdagangan dan tata cara perdagangan ditetapkan tentu mempertimbangkan kesiapan bursa dalam memperdagangkan suatu produk atau instrumen. Setidaknya ada beberapa hal indikator yang menjadi pertimbangan, mulai dari kesiapan infrastruktur pasar, kesiapan manajemen risiko, stabilitas sistem keuangan, perlindungan pengguna jasa, hingga integritas pasar. (rea/hns)",360
169,finance,https://finance.detik.com/berita-ekonomi-bisnis/d-8693646/menperin-buka-suara-soal-rencana-pembentukan-bumn-tekstil,"Menteri Perindustrian (Menperin) Muhammad Sarmuji buka suara soal rencana pembentukan Badan Usaha Milik Negara (BUMN) di sektor tekstil. Ia menyambut positif apabila pemerintah ingin memperkuat keberadaan BUMN tekstil Sarmuji mengatakan, industri tekstil memiliki rantai usaha yang luas. Aktivitas industri ini juga berkaitan dengan banyak pelaku industri kecil, termasuk usaha penjahitan. ""Memang masih ada banyak problem ya di industri tekstil. Tapi kalau pemerintah memang mau menjadikan BUMN tekstil ini menjadi lebih kuat, tentu kita sangat senang,"" kata Sarmuji usai rapat internal di Kementerian Perindustrian, Jakarta Selatan Senin (5/10/2026). ""Karena tekstil itu turunannya sangat banyak ya, termasuk di sektor-sektor industri kecil sangat banyak turunannya, penjahit-penjahit macam-macam sangat banyak,"" sambungnya. Dalam rapat tersebut, Sarmuji juga meminta Kementerian Perindustrian menjadi faktor pendorong percepatan pertumbuhan industri. Menurutnya, keberadaan kementerian harus memberikan dampak terhadap perkembangan sektor-sektor industri yang berada di bawah naungannya. Ia menilai pertumbuhan industri menjadi salah satu kunci untuk mengejar target pertumbuhan ekonomi pemerintah sebesar 6%. Sektor industri juga dinilai memiliki peranan besar dalam penyerapan tenaga kerja. ""Kalau pertumbuhan industrinya nggak tinggi, akan sulit dicapai pertumbuhan ekonomi 6%. Apalagi penyerapan tenaga kerja, sektor industri itu menyerap tenaga kerja yang jauh lebih besar dibanding sektor-sektor yang lain,"" ujar Sarmuji. Sarmuji mengatakan sejumlah persoalan industri juga tidak dapat diselesaikan Kementerian Perindustrian sendiri. Karena itu, koordinasi dengan kementerian dan lembaga lain, mulai dari Kementerian Pertanian, Kementerian Perdagangan hingga Kementerian Keuangan perlu diperkuat. Ia mencontohkan kebijakan impor sebagai salah satu persoalan yang membutuhkan koordinasi dengan Kementerian Perdagangan. Menurutnya, pembukaan keran impor tanpa mempertimbangkan pembatasan untuk komoditas tertentu dapat memberikan tekanan terhadap industri dalam negeri. ""Kalau izin impor itu terbuka sedemikian rupa tanpa ada pertimbangan untuk membatasi, pasti sektor industri dalam negeri itu akan sulit bertahan untuk jenis-jenis barang tertentu. Nah itu kita butuhkan kerja sama dengan banyak sekali stakeholder,"" tutup Sarmuji. (acd/acd)",294
170,finance,https://finance.detik.com/berita-ekonomi-bisnis/d-8693560/ri-punya-1-000-lebih-bumn-tapi-97-dividen-cuma-dari-15-perusahaan,"Badan Pengelola Investasi Daya Anagata Nusantara (BPI Danantara) mengungkapkan adanya ketimpangan yang cukup besar antara total nilai aset yang dikelola Badan Usaha Milik Negara (BUMN) dengan arus kas (cash flow) dan pendapatan yang dihasilkan perusahaan-perusahaan pelat merah tersebut. Chief Executive Officer (CEO) Danantara, Rosan Roeslani, menyatakan meski nilai aset BUMN tergolong sangat besar, saat ini imbal hasil atau pendapatan yang diperoleh dari pengelolaan aset tersebut relatif masih sangat minim. ""Aset-aset BUMN ini sangat banyak. Ini mungkin in terms of aset, kita besar, tapi in terms of cash flow-nya, pendapatannya berbanding asetnya masih sangat kecil,"" ujar Rosan saat ditemui di Istana Kepresidenan, Jakarta Pusat, Senin (5/10/2026). Sebagai contoh, menurutnya dari total 1.074 entitas BUMN sebelumnya dilakukan pemangkasan, sekitar 97% setoran dividen perusahaan pelat merah terhadap negara ternyata hanya disumbangkan oleh 15 perusahaan saja. Sementara lebih dari separuh BUMN membukukan kerugian. ""Dari 1.000 lebih perusahaan, 1.074 di awal, yang memberikan dividen 97 persen itu hanya dari 15 perusahaan. Nah, yang lainnya mungkin rugi, sebagian besar atau 52 persen itu rugi,"" ungkap Rosan. Untuk mengatasi masalah ini, Rosan mengatakan Presiden Prabowo Subianto telah memberikan arahan agar Danantara segera mengoptimalkan aset-aset milik negara tersebut untuk mendongkrak produktivitas serta memberikan imbal hasil (yield) yang baik bagi negara. ""Bapak Presiden memberikan arahan bagaimana sekarang kita mengoptimalkan aset-aset yang ada di BUMN ini dengan tentunya perencanaan yang baik, terukur, terstruktur, dan juga memberikan, karena kita sovereign wealth fund, memberikan juga keuntungan, yield yang baik juga gitu,"" jelasnya. Dalam hal ini, menurutnya Danantara siap memberikan porsi lebih besar kepada pihak swasta (private sector) untuk mengelola lini bisnis atau aset BUMN yang tidak bersifat strategis. Sebab jika dunia usaha mampu mengelolanya secara lebih efisien dan menguntungkan, maka pihaknya membuka ruang kerja sama seluas-luasnya. ""Kalau dunia usaha atau private sector bisa melakukan lebih baik, dan itu memang bukan hal-hal yang sifatnya strategis, ya kita berikan ruang yang lebih besar kepada dunia usaha untuk mengembangkan usaha-usaha ini,"" tegas Rosan. Meski begitu ia belum bisa menyampaikan aset atau lini usaha apa saja yang bisa dikerjasamakan dengan pihak swasta agar bisa berjalan dengan lebih efektif. Saat ini, Danantara tengah menganalisis portofolio aset BUMN di berbagai sektor vital mulai dari jalan tol, bandara, pelabuhan, hingga minyak dan gas (oil and gas). ""Nah kita lihat, kita akan analisa semua, apakah itu baik di jalan tol, di airport, kemudian di ya oil and gas, pelabuhan, nanti kita analisa semua,"" tegasnya. (fdl/fdl)",395
171,finance,https://finance.detik.com/berita-ekonomi-bisnis/d-8693564/1-074-bumn-dipangkas-jadi-354-52-perusahaan-ternyata-rugi,"Badan Pengelola Investasi Daya Anagata Nusantara (BPI Danantara) memastikan proses pemangkasan jumlah Badan Usaha Milik Negara (BUMN) terus berlanjut. Saat ini jumlah BUMN yang beroperasi sudah turun drastis dari semula berjumlah 1.074 entitas menjadi tinggal 354 perusahaan. ""Pemangkasan sekarang sudah di 354 (sisa perusahaan),"" kata Chief Executive Officer (CEO) Danantara, Rosan Roeslani, di Istana Kepresidenan, Jakarta Pusat, Senin (5/10/2026). Ia menjelaskan bahwa pengurangan jumlah entitas ini dilakukan untuk meningkatkan kinerja dan efisiensi dari masing-masing BUMN yang tersisa. Sebab selama ini dari seribuan entitas perusahaan pelat merah bersama seluruh anak-cucu usahanya itu, sekitar 97% setoran dividen untuk negara hanya berasal dari 15 BUMN saja. ""Dari 1.000 lebih perusahaan, 1.074 di awal, yang memberikan dividen 97% itu hanya dari 15 perusahaan. Nah, yang lainnya mungkin rugi, sebagian besar atau 52% itu rugi,"" terangnya. Atas dasar inilah Danantara kemudian melakukan pemangkasan jumlah BUMN dengan menutup perusahaan pelat merah yang secara akta masih ada namun sudah tidak lagi beroperasi (dormant) alias mati suri. ""Kemarin kalau kita lihat, aset-aset yang kita kurangi ini pertama memang kebanyakan sudah dormant. Company-nya, entitasnya masih ada tapi sudah tidak berjalan,"" jelas Rosan. Selain itu, Danantara juga melakukan penggabungan (merger) pada lini-lini bisnis sejenis. Dalam hal ini Rosan mengatakan salah satu contoh pelaksanaan merger lini bisnis yang telah dilakukan adalah peleburan enam perusahaan pengelola aset (asset management) milik perbankan BUMN menjadi satu wadah. ""Contohnya baru saja ada enam asset management yang tadi dimiliki oleh setiap perbankan, sekarang kita merger menjadi satu. Jadi kita ada melakukan merger secara vertikal, horizontal, dan juga kita penggabungan dari ya beberapa perusahaan sejenis,"" paparnya. Langkah serupa juga diterapkan pada entitas anak atau cucu usaha yang bergerak di sektor hospitality dan kesehatan, yang mana setiap BUMN biasanya aset berupa hotel atau rumah sakit, kini seluruh entitas itu dilebur ke dalam satu BUMN. ""Dulu kan setiap BUMN rata-rata punya hotel. Sekarang itu kita gabungkan yang tadi kita punya 137 hotel supaya menjadi lebih efisien. Kita punya rumah sakit hampir 75, ini juga kita gabungkan,"" tuturnya. (igo/fdl)",329
172,finance,https://finance.detik.com/berita-ekonomi-bisnis/d-8693551/bahlil-sudah-jajal-mobil-dinas-maung-fasilitas-dikasih-negara-pasti-nyaman,"Menteri Energi dan Sumber Daya Mineral (ESDM) Bahlil Lahadalia mengatakan dirinya sudah mendapatkan mobil pabrikan dalam negeri buatan PT Pindad, Maung. Mobil Maung ini akan menjadi kendaraan dinas para menteri di era Kabinet Merah Putih. Bahkan ia sudah menjajal kendaraan tersebut pagi tadi. Menurutnya mobil dinas Maung ini sangat nyaman digunakan. Meskipun saat menyambangi Kompleks Istana Kepresidenan Jakarta, ia tidak menggunakan Maung. ""Udah tadi pagi. Bagus. Cinta NKRI, buatan dalam negeri, Nyaman nggak, Pak? Nyamanlah. Barang yang sudah dikasih, fasilitas yang dikasih oleh negara pasti nyaman,"" ujar Bahlil di Kompleks Istana Kepresidenan, Jakarta (5/10/2026). Bahlil juga menyebut mobil produksi dalam negri ini tidak kalah dibandingkan kendaraan lainnya. Dia pun menekankan pentingnya mencintai produk dalam negeri. ""Oh, sangat kompetitif. Kita harus cinta produk dalam negeri,"" katanya. Sementara itu, Menteri Koordinator Perekonomian Airlangga Hartarto bahkan menggunakan Maung MV 3 Garuda Limousine, saat datang ke Istana Negara. Menurut Airlangga Maung sebagai kendaraan dinas adalah fasilitas yang memang diberikan bagi para menteri. Pengadaannya dilakukan tahun ini, namun pengirimannya masih terbatas. ""Ya kan memang fasilitasnya sudah diberikan. Pengadaannya kan sudah dilakukan tahun ini, jadi pengirimannya aja masih terbatas,"" ujar Airlangga. Dia mengungkapkan seharusnya para Menteri Koordinator (Menko) dan kepala lembaga mulai menggunakan Maung. Menurutnya ada 18 Maung yang sudah dikirimkan. ""Kepala Lembaga sama para Menko (sudah mulai pakai). Ada 18 kalau nggak salah,"" kata Airlangga. (hrp/fdl)",221
173,finance,https://finance.detik.com/solusiukm/d-8693659/5-ide-bisnis-umkm-dan-cara-menjalankannya-omzet-bisa-miliaran,"Memulai usaha sering kali bukan soal keberanian, tetapi menemukan ide bisnis yang tepat untuk dijalankan. Banyak calon pengusaha ingin terjun ke dunia bisnis, namun masih mencari peluang yang realistis, memiliki pasar, dan dapat dikembangkan dalam jangka panjang. Di tengah beragamnya kebutuhan konsumen, peluang usaha bisa muncul dari berbagai sektor. Produk sederhana pun dapat memiliki nilai ekonomi lebih besar ketika dikembangkan melalui inovasi, strategi pemasaran, dan perluasan pasar. Simak lima contoh bisnis dari para pengusaha mikro, kecil, dan menengah (UMKM) binaan Program Pemberdayaan UMKM ""Sampoerna Entrepreneurship Training Center"" (SETC) yang disampaikan pada acara Program Bootcamp UMKM Untuk Indonesia (UUI) 2026: Kita Mau Kita Bisa, Menembus Batas, Membuka Pasar Global. Bukan hanya soal produk, tetapi juga bagaimana bisnis dikembangkan hingga mampu membuka pasar baru dan berpotensi mencapai omzet miliaran. Custom Seragam Korporasi Temasira mengembangkan produk fashion custom yang tidak hanya mengandalkan logo, tetapi mengangkat cerita dan identitas perusahaan ke dalam desain. Owner Temasira, Ali Eunoia, mengatakan proses tersebut dimulai dengan memahami nilai, ideologi, dan kebutuhan klien sebelum diterjemahkan menjadi desain dan produk. Dari media sosial dan iklan digital, Temasira mulai membuka peluang ke pasar korporasi. Menurut Ali, pada awalnya ia belum secara khusus memikirkan strategi mendekati pasar corporate. Namun, iklan yang ditayangkan justru mendatangkan pemilik bisnis yang membutuhkan produk dalam jumlah besar. ""Awalnya kami tidak kepikiran bagaimana approaching corporate. Ternyata dari iklan saja ada business owner yang datang,"" ujar Ali. Temasira kemudian mengembangkan pendekatan one-on-one untuk menggali kebutuhan calon klien. Kebutuhan tersebut tidak hanya berupa seragam kerja, tetapi juga apparel event dan merchandise. Dari pendekatan tersebut, Temasira bahkan menemukan calon klien dengan anggaran sekitar Rp1,5 miliar untuk kebutuhan apparel dan merchandise. Selain menawarkan custom motif dengan minimum order mulai 30 pieces, Temasira juga memberikan rekomendasi material dan desain sesuai kebutuhan klien serta menyediakan opsi express production. Memanfaatkan Pisang Bananania melihat keterbatasan daya simpan pisang sebagai peluang untuk menciptakan produk bernilai tambah. Owner Bananania, Sofyani Mirah, mengatakan pihaknya mengolah pisang menjadi keripik, selai, tepung pisang gluten-free, hingga cookies berbahan 100 persen pisang. Bisnis tersebut juga dibangun dengan melibatkan petani. Karena hasil kebun sendiri belum mampu memenuhi seluruh kebutuhan bahan baku, Bananania bekerja sama dengan sejumlah petani dan menerapkan SOP serta quality control untuk menjaga kualitas. Bananania juga telah menerapkan standar Hazard Analysis Critical Control Point (HACCP) dan Good Manufacturing Practices (GMP). Dari sisi pasar, produk Bananania telah masuk ke lebih dari 600 outlet dan dipasarkan melalui kanal online maupun offline. Bananania juga telah melakukan ekspor ke Kanada, Malaysia, Filipina, Australia, dan Amerika Serikat, serta mempersiapkan ekspansi ke Korea Selatan. Ke depan, Bananania membuka peluang melalui perluasan distribusi, ekspor, dan co-branding. Bananania juga mengembangkan konsep zero waste dengan memanfaatkan kulit pisang sebagai bahan baku enzim yang kemudian digunakan sebagai pupuk. Strategi tersebut menjadi bagian dari upaya menciptakan nilai ekonomi lebih besar dari komoditas lokal. Budaya Makan Sambal Quinn of Spicy melihat budaya makan masyarakat Indonesia yang sulit dipisahkan dari sambal sebagai peluang bisnis. Produk ini memadukan cabai dengan andaliman, rempah khas Sumatera Utara, yang memberikan sensasi pedas dan aroma khas. ""Kami menggabungkannya dengan rempah khas, namanya andaliman. Menghasilkan rasa pedas dan aroma yang khas,"" ujar Owner Quinn of Spicy, Rudy Yanto. Sejak berdiri pada 2020, Quinn of Spicy memperluas bisnis dari kanal digital ke modern trade. Produknya disebut telah terjual lebih dari 400 ribu unit di lokapasar dengan rating 4,5 dari lebih dari 30 ribu penilaian konsumen. Kapasitas produksi kini mencapai sekitar 20 ribu pieces per bulan dengan dukungan sekitar 25 pekerja lokal. Selain memperluas distribusi ke jaringan modern trade di Sumatera, Quinn of Spicy juga memberdayakan tenaga kerja lokal, memberikan edukasi kepada UMKM, serta mengolah limbah produksi menjadi pupuk kompos. Setelah membangun pasar domestik, Quinn of Spicy mulai membidik pasar internasional dengan mengikuti World Food Expo dan Food Hall di Singapura. Makanan Sehat Granola Addict mengembangkan produk berbasis sereal seperti granola, muesli, premix, hingga biskuit. Bisnis yang dikembangkan Owner Granola Addict, Steven Kurniawan, tersebut awalnya bertumbuh melalui lokapasar sebelum memperluas penjualan ke pasar offline dan business-to-business (B2B), termasuk sektor perhotelan. Pandemi COVID-19 sempat menekan penjualan online. Kondisi tersebut mendorong Granola Addict mencari kanal pasar baru dengan masuk ke hotel-hotel. Strategi ini kemudian membuka peluang baru, terutama di Bali yang kini menjadi salah satu pasar utama perusahaan. Steven menyebut masih terdapat ribuan hotel di Indonesia yang belum digarap. Karena itu, sektor perhotelan dinilai masih memberikan ruang ekspansi, dengan dukungan relasi bisnis dan jaringan vendor yang telah dibangun. ""Untuk pengembangan ke depannya, kita mungkin akan masuk ke daerah-daerah dengan pasar yang potensial ataupun nanti ke luar negeri,"" kata Steven. Camilan Sehat Kaya Rasa Casa Grata hadir sejak 2018 dengan menawarkan camilan yang menggabungkan aspek kesehatan dan cita rasa. Owner Casa Grata, Jane Tanuwijaya, mengatakan produknya dirancang bagi konsumen yang ingin menikmati camilan tanpa mengesampingkan gaya hidup sehat. Diferensiasi Casa Grata terletak pada produk gluten-free, sugar-free, vegan, yang telah memenuhi ketentuan halal. Saat ini, Casa Grata memiliki 10 varian rasa dan terus mengembangkan produk melalui product extension, termasuk cake flavors dan dip. Selain menyasar konsumen individu melalui B2C, Casa Grata mengembangkan pasar B2B melalui kanal online, offline event, retail, supermarket, corporate, hingga ekspor. Mereka juga melihat peluang di sektor maskapai penerbangan, hotel, dan resort serta menjajaki kerja sama dengan buyer internasional. Perluasan pasar tersebut diikuti dengan peningkatan kapasitas dan efisiensi produksi. Dengan diferensiasi produk sehat yang tetap mengedepankan rasa, pilihan varian, dan fleksibilitas distribusi, Casa Grata menargetkan produknya semakin mudah diakses konsumen di pasar Indonesia maupun internasional. Sebagai informasi, SETC merupakan program pemberdayaan UMKM yang digagas PT HM Sampoerna Tbk. (Sampoerna) di bawah payung Program Keberlanjutan ""Sampoerna Untuk Indonesia"". SETC juga memiliki 30 Collaborator Hub di 17 provinsi yang mendampingi lebih dari 2.300 UMKM secara berkelanjutan. Jejaring tersebut berperan sebagai local enabler dalam memperkuat kapabilitas pengusaha UMKM, membuka akses pasar, dan meningkatkan daya saing. Melalui pelatihan, pendampingan, jejaring kolaborasi, dan akses pasar, SETC berupaya membantu pelaku UMKM membangun fondasi usaha agar mampu menangkap peluang pertumbuhan yang lebih besar. (fdl/fdl)",973
174,finance,https://finance.detik.com/berita-ekonomi-bisnis/d-8693567/pertumbuhan-imip-buka-peluang-ekonomi-baru-bagi-warga-di-bahodopi,"Bagi Fitra, raungan ribuan motor yang memenuhi jalan Bahodopi setiap pergantian sif bukan sekadar bising. Itu menjadi tanda peluang bisnis terbuka lebar. Pada 2017, ia membuka bengkel motor pertamanya di Desa Siumbatu yang dijaga oleh istrinya. Sementara Fitra masih bekerja di tambang di Kalimantan. Setahun kemudian, bengkel tersebut pindah ke Bahodopi, ke jalan yang saat itu belum sepenuhnya beraspal. Setelah 14 tahun bekerja di tambang Kalimantan dan terdampak pandemi COVID-19, Fitra berhenti dan fokus mengurus bengkelnya sendiri. Keputusan itu diambil setelah ia mengamati mayoritas karyawan di kawasan industri IMIP menggunakan sepeda motor. ""Perubahannya cepat sekali. 2018 jalan belum beraspal, dua tahun kemudian warga membangun dengan masif, 2020 terus berkembang, dan 2026 sangat pesat,"" ujarnya dalam keterangan tertulis, Senin (5/10/2026). Sekitar 90 persen pelanggannya kini merupakan karyawan IMIP. Bengkel Segar Jaya Berkah telah memiliki enam cabang dengan lebih dari 50 karyawan, mulai dari admin hingga mekanik. Upah mekanik mencapai Rp8 juta per bulan. Diketahui, Bahodopi terletak di sisi timur Sabuk Tengah Sulawesi, di tepi Teluk Tolo, Kabupaten Morowali, Sulawesi Tengah. Selama puluhan tahun, kecamatan ini nyaris tak pernah masuk dalam percakapan nasional. Semuanya bermula pada 2013, ketika pemerintah menetapkan kebijakan hilirisasi mineral dan melarang ekspor bijih mentah. Industri pengolahan didorong untuk berdiri di dalam negeri. Morowali, dengan kandungan nikel dan akses pantai Teluk Tolo yang memungkinkan pembangunan pelabuhan industri, menjadi pilihan. Tiang pancang pertama ditanam di tanah Bahodopi, dan kawasan itu kemudian dikenal sebagai Indonesia Morowali Industrial Park (IMIP). Tiga belas tahun berselang, IMIP tak lagi sekadar proyek industri. Kawasan ini mengubah lanskap Bahodopi sekaligus menarik para perantau yang datang dengan harapan untuk mendapatkan kehidupan yang lebih baik. Data HR Department PT IMIP mencatat lonjakan tenaga kerja yang besar. Pada 2020 ada 35.592 orang. Angkanya naik menjadi 51.542 pada 2021, 68.466 pada 2022, 74.350 pada 2023, dan sekitar 83.000 pada 2024. Pada 2025 jumlahnya mencapai 86.804 orang. Hingga September 2026, jumlah karyawan di kawasan ini mencapai 100.310 orang, terdiri dari 91.904 laki-laki dan 8.406 perempuan. Dengan populasi pekerja sebesar itu, uang yang berputar pun besar. Pada 2025, ketika jumlah pekerja mencapai 86.804 orang, perputaran uang di Bahodopi diperkirakan Rp499,1 miliar per bulan, atau sekitar Rp6 triliun per tahun. Angka itu menciptakan kebutuhan harian yang tak bisa dipenuhi kawasan industri sendirian. ""Pertumbuhan kawasan yang begitu masif turut mendorong sektor usaha di Bahodopi ikut berkembang,"" kata Head of Media Department PT IMIP, Dedy Kurniawan. Menurut riset yang dilakukan oleh tim riset SGA Department IMIP, lima jenis UMKM terbanyak di Bahodopi adalah kios Pertamini (981 unit), stan minuman (735), stan makanan non-bangunan (670), kios umum (648), dan warung makan (591). Sebagian besar berskala mikro dengan omzet hingga Rp300 juta per tahun, tetapi tren pertumbuhannya menunjukkan potensi naik kelas. Dampaknya terlihat pada angka provinsi. Kepala Perwakilan Bank Indonesia Sulawesi Tengah, Muhamad Irfan Sukarna, dalam laporan Februari 2026 menyebut ekonomi Sulawesi Tengah pada triwulan IV 2025 tumbuh 9,43 persen (yoy), naik dari 7,79 persen pada triwulan sebelumnya. Angka itu menempatkan Sulawesi Tengah di atas Kepulauan Riau dan sebagian besar provinsi lain. ""Kinerja pertumbuhan ekonomi Sulteng ditopang oleh dominannya peran industri pengolahan berbasis nikel, pertambangan dan penggalian dalam struktur ekonomi daerah,"" tulisnya. Di luar pagar smelter, limpahan rezeki itu bergulir ke usaha-usaha domestik yang jeli melihat ceruk. Geliat yang sama dirasakan Ayu Lestari Rahman. Warga Desa Fatufia ini melihat peluang dari tumpukan pakaian kotor. Di tengah rutinitas buruh pabrik yang menguras energi, urusan mencuci baju menjadi pekerjaan yang melelahkan. ""Di sini banyak orang yang sibuk bekerja, sehingga tidak sempat mencuci,"" kata Ayu. Bersama suaminya, ia merintis usaha laundry BlueSea pada 2022. Bermodal awal Rp20 juta dan satu mesin cuci, mereka memanfaatkan jaringan pertemanan pekerja pabrik untuk mengembangkan usaha. Kini, mesin cuci BlueSea menggilas sekitar 200 kilogram pakaian per hari dari para pekerja, kontraktor, hingga pedagang dan warga sekitar. Tarif yang dikenakan Rp7.000 per kilogram untuk layanan reguler dan Rp15.000 untuk layanan kilat, plus fasilitas antar gratis dalam radius 3 kilometer. BlueSea kini menjadi sumber pendapatan utama keluarga tersebut, dengan omzet sekitar Rp35 juta per bulan. Ayu berharap kawasan industri terus memberi ruang bagi usaha warga. ""Semoga IMIP terus berkembang dan bisa terus menyerap tenaga kerja. Kalau karyawan sudah capek bekerja, jangan capek lagi mencuci. Bawa saja ke sini,"" ujarnya. (prf/ega)",693
175,finance,https://finance.detik.com/berita-ekonomi-bisnis/d-8693546/jumlah-kementerian-nambah-suahasil-buka-suara-soal-anggarannya,"Menteri Keuangan Suahasil Nazara buka suara soal anggaran bagi kementerian dan lembaga baru. Mulai dari Kementerian Koordinator Hilirisasi dan Transisi Energi hingga puluhan Dewan Pertimbangan Presiden (Wantimpres). Menurut Suahasil pemerintah hanya perlu menambah pos anggaran biaya operasional baru. Sambil menantikan tata kelola dan administrasinya. 'Tinggal nanti kan kita bikin apakah namanya bagian anggaran, tata kelolanya, administrasinya, bagian anggarannya, BA-nya berapa, dan seterusnya, itu dalam proses kita buat,"" ujar Suahasil di Kompleks Istana Kepresidenan, Jakarta Pusat, Senin (5/10/2026). Pihaknya juga akan melakukan rapat APBN mulai sore hingga malam ini untuk mencatat pengeluaran dan pengeluaran pemerintah dalam daftar anggaran per September 2026. ""Saya akan rapat APBN sore dan malam ini. Besok kita akan mengumumkan. Moga-moga besok atau paling lambat hari Rabu mengumumkan APBN kita untuk tutup bulan September,"" terang Suahasil. Menurutnya, akan ada kejutan baru dalam pengumuman APBN per September 2026. ""Jadi ditunggu show-nya di situ ya,"" tuturnya. (hal/hns)",147
176,finance,https://finance.detik.com/solusiukm/d-8693585/produk-umkm-bagus-belum-tentu-laku-di-luar-negeri-ini-sebabnya,"Pengusaha mikro, kecil, dan menengah (UMKM) perlu mengubah pola pikir ketika membidik pasar ekspor. Produk yang berkualitas tinggi tidak menjamin diterima oleh pasar luar negeri jika tidak disertai dengan pemahaman mendalam terkait standar regulasi dan kebutuhan pasar di negara tujuan ekspor. Fasilitator Ekspor Pusat Pengembangan Sumber Daya Manusia Ekspor dan Jasa Perdagangan (PPEJP) Dede Saputra mengatakan, pengusaha UMKM perlu mengubah pendekatan dari produk sebagai pusat (product centric) menjadi kebutuhan pembeli (buyer centric) di negara tujuan ekspor. ""Produk yang bagus saja tidak cukup. Buyer tidak hanya membeli produk tapi keberlanjutan dan kepatuhan pada regulasi di negaranya. Pengusaha UMKM harus paham bagaimana negara tujuan ekspor memutuskan dalam memilih pemasok,"" ujar Dede dalam keterangannya, ditulis Senin (5/10/2026). Dia menegaskan hal itu ketika menjadi pembicara pada sesi Export Bootcamp yang merupakan rangkaian kegiatan Bootcamp UMKM Untuk Indonesia (UUI) 2026: Kita Mau Kita Bisa, Menembus Batas Membuka Pasar Global. Acara yang diselenggarakan oleh Sampoerna Entrepreneurship Training Center (SETC) di bawah Payung Program Keberlanjutan ""Sampoerna untuk Indonesia"" ini menghadirkan lebih dari 180 UMKM dari seluruh Nusantara. Dede yang juga Tenaga Ahli Kementerian Perdagangan (Kemendag) itu melanjutkan terdapat tiga pilar yang menjadi pertimbangan buyer untuk memilih pemasok, khususnya jika menggunakan skema Business-to-Business (B2B). Pertama, kepatuhan regulasi dan sertifikasi. Buyer internasional, katanya, akan melakukan mitigasi risiko seperti kontainer barang yang tertahan di bea cukai atau pemanggilan kembali produk (recall). Untuk menghindari hal itu, pengusaha UMKM wajib memenuhi kelayakan mutu produk dan sejumlah syarat sertifikasi di negara tujuan. Dia mencontohkan untuk ekspor produk pangan ke pasar China, pengusaha UMKM wajib memiliki sertifikat General Administration of Customs of the People's Republic of China (GACC), sementara untuk masuk ke pasar Amerika Serikat, suatu produk wajib memenuhi standar Food and Drug Administration (FDA). Kedua, pengusaha UMKM harus memperhatikan keandalan pasokan produk. Keandalan pasokan produk, tambahnya, terkait dengan jaminan kelancaran stok, memenuhi standar operasional perusahaan (SOP), dan kualitas produk secara konsisten. Dede mengingatkan ketika UMKM membawa contoh produk pada pameran internasional atau business matching, pengusaha usaha harus bisa memastikan pasokan jangka panjang. Ukuran keberhasilan dari pameran internasional pertama-tama ialah mendapatkan buyer berkelanjutan, bukan tentang produk yang laris. ""Jangan sampai saat diajak oleh Kemendag atau Bank Indonesia dalam ajang seperti Trade Expo Indonesia (TEI), kita hanya jadi penghibur. Harus siap segala macamnya,"" tegas Dede. Pilar ketiga, lanjut Dede, berkaitan dengan skema perdagangan khususnya B2B. Buyer umumnya menghitung berdasarkan satuan palet atau kontainer dan bukan berdasarkan produk eceran. Pengusaha UMKM perlu merinci penetapan harga, kapasitas produksi bulanan, kemampuan mesin, jumlah SDM, manajemen pasokan, hingga biaya jalur pengiriman (forwarder). ""Perlu diingat untuk B2B, lebih dari 78% buyer mengeliminasi calon pemasok jika spesifikasi teknis, kualitas, sertifikasi food safety, kapasitas tidak tercantum secara transparan sejak awal,"" tegasnya. Tren Pasar Global Dede menambahkan pengusaha UMKM juga perlu belajar untuk membaca tren kebutuhan pasar global atau validasi pasar. Cara paling sederhana, katanya, ialah dengan melihat produk asal Indonesia yang paling laris di pasar global. ""Siapa pembeli terbesar, bagaimana tren pertumbuhan suatu produk, karakter produk seperti apa, termasuk mapping Indonesian Trade Promotion Center (ITPC) dan Atase Perdagangan (Atdag) yang bisa membantu ekspor,"" jelasnya. Selain membaca tren pasar global, pengusaha UMKM juga perlu mengecek produk yang potensial asal Indonesia yang diterima di pasar global. Saat ini, tiga produk UMKM Indonesia yang banyak diminati antara lain kopi, cokelat, dan sepatu olahraga. Selain mengubah pola pikir, Dede meminta pengusaha UMKM untuk menghindari empat hal yang membuat produk tidak diterima pasar global. Pertama, materi promosi atau brosur yang tidak sesuai dengan pasar negara tujuan. ""Jangan buat profil perusahaan dalam bahasa Indonesia ketika mengincar pasar ekspor,"" paparnya. Kedua, hindari membuat klaim palsu terkait kapasitas produksi. Alih-alih menyebut mampu memproduksi dalam skala tak terbatas, pengusaha UMKM lebih tepat menjelaskan secara rinci kapasitas produksi riil secara jujur. Ketiga, pengusaha UMKM juga perlu memperjelaskan minimum order quantity (MOQ) yang jelas dan realistis. ""Terakhir, pahami ada perbedaan zona waktu dengan buyer sehingga harus responsif ketika berkomunikasi,"" imbuhnya. (fdl/fdl)",638
177,finance,https://finance.detik.com/energi/d-8693525/soal-tarif-listrik-akhir-tahun-bahlil-insyaallah-nggak-naik,"Tarif listrik per kWh kuartal IV 2026 untuk 13 pelanggan non-subsidi PT PLN (Persero) hingga kini belum ditetapkan oleh pemerintah. Menteri Energi dan Sumber Daya Mineral (ESDM) Bahlil Lahadalia membuka kemungkinan tarif listrik untuk kuartal IV tidak naik. Jika benar tarif tidak naik, maka tarif listrik untuk periode kuartal IV Oktober-Desember 2026 masih sama seperti kuartal III periode Juli-September tahun 2026. ""Nanti saya cek ya, pasti akan dirilis. Nanti kan tim akan melaporkan ke saya baru saya akan mengecek. Tapi mudah-mudahan sih InsyaAllah mungkin nggak naik ya,"" kata Bahlil di Kompleks Istana Kepresidenan Jakarta, Senin (5/10/2026). Perlu diketahui, Kementerian ESDM hanya melakukan penyesuaian tarif listrik setiap tiga bulan alias per kuartal. Hal ini sesuai dalam Peraturan Menteri ESDM Nomor 28 Tahun 2016 jo Peraturan Menteri ESDM Nomor 8 Tahun 2023 tentang Tarif Tenaga Listrik yang Disediakan oleh PT PLN (Persero). Berdasarkan aturan tersebut, perubahan tarif listrik ini baru dilakukan setiap kuartal, sehingga harga yang ditetapkan nanti akan berlaku sepanjang Oktober-Desember 2026. Dalam hal ini biasanya perubahan tarif listrik baru akan terjadi jika ada perubahan terhadap realisasi parameter ekonomi makro (kurs, Indonesian Crude Price/ICP, dan inflasi) serta Harga Batubara Acuan (HBA). Untuk penetapan tarif listrik kuartal IV 2026, termasuk Oktober ini, pemerintah maupun PLN belum menyampaikan tarif tenaga listrik akan tetap atau mengalami perubahan. Sehingga dapat dikatakan setidaknya untuk hari ini tarif listrik masih mengikuti bulan sebelumnya. Berikut Daftar Tarif Listrik Oktober 2026 1. Golongan R-1/TR daya 900 VA, seharga Rp 1.352,00 per kWh. 2. Golongan R-1/TR daya 1.300 VA, seharga Rp 1.444,70 per kWh. 3. Golongan R-1/TR daya 2.200 VA, seharga Rp 1.444,70 per kWh. 4. Golongan R-2/TR daya 3.500-5.500 VA, seharga Rp 1.699,53 per kWh. 5. Golongan R-3/TR daya 6.600 VA ke atas, seharga Rp 1.699,53 per kWh. 6. Golongan B-2/TR daya 6.600 VA-200 kVA, seharga Rp Rp 1.444,70 per kWh. 7. Golongan B-3/TM daya di atas 200 kVA, seharga Rp 1.114,74 per kWh. 8. Golongan I-3/TM daya di atas 200 kVA, seharga Rp 1.114,74 per kWh. 9. Golongan I-4/TT daya 30.000 kVA ke atas, seharga Rp 996,74 per kWh. 10. Golongan P-1/TR daya 6.600 VA - 200 kVA, seharga Rp 1.699,53 per kWh. 11. Golongan P-2/TM daya di atas 200 kVA, seharga Rp 1.522,88 per kWh. 12. Golongan P-3/TR untuk penerangan jalan umum, seharga Rp 1.699,53 per kWh. 13. Golongan L/TR, TM, TT, seharga Rp 1.644,52 per kWh. (fdl/fdl)",391
178,finance,https://finance.detik.com/berita-ekonomi-bisnis/d-8693530/komisi-xi-dpr-restui-nyoman-adhi-dan-khaidir-jadi-anggota-bpk,"Komisi XI DPR telah melakukan uji kelayakan dua calon anggota Badan Pemeriksa Keuangan (BPK) periode 2026-2031. Dua nama tersebut yakni Nyoman Adhi Suryadnyana, dan Saudara Khaidir. Penetapan dua calon anggota BPK tersebut dilakukan setelah dilakukannya rapat internal Komisi XI DPR Masa Sidang I tahun sidang 2026-2027 pada Senin (5/10/2026). ""Berdasarkan hasil Rapat Internal Komisi XI DPR RI yang diselenggarakan secara musyawarah untuk mufakat, Komisi XI DPR RI telah menyepakati dan menetapkan Nyoman Adhi Suryadnyana, dan Saudara Khaidir Abdurrahman sebagai calon anggota Badan Pemeriksa Keuangan Republik Indonesia (BPK RI) terpilih untuk periode 2026-2031,"" seperti dikutip dari keterangan tertulis Komisi XI, DPR RI, Senin (5/10/2026). Selanjutnya, Komisi XI DPR akan menindaklanjuti hasil keputusan Rapat Internal tersebut untuk disampaikan dan ditetapkan dalam Rapat Paripurna DPR. Sebagai informasi, Komisi XI DPR telah melaksanakan uji kelayakan (fit and proper test) terhadap 23 calon anggota BPK yang dibagi ke dalam dua panel. Dalam pelaksanaannya tiga calon tidak hadir pada saat pelaksanaan uji kelayakan atas nama Jodi Purgito, Hasbi Anshory dan Samsudin. (hrp/hns)",166
179,finance,https://finance.detik.com/berita-ekonomi-bisnis/d-8693505/impor-krl-bekas-jepang-dapat-lampu-hijau-bos-danantara-buka-suara,"Chief Operating Officer Danantara Dony Oskaria merespons rencana impor KRL bekas. Dony menyatakan belum ada lampu hijau impor KRL bekas Jepang tersebut. Di sisi lain, rencana pertemuannya dengan Menteri Perhubungan (Menhub) Dudy Purwagandhi pekan lalu batal, dan pekan ini baru akan dijadwalkan ulang. ""Ah kan baru mau mulai dibahas. Gimana udah ada hasilnya?"" ujar Dony di Jakarta, Senin (5/10/2026). Ketika dikonfirmasi soal pernyataan KAI Commuter yang menargetkan impor KRL bekas akhir tahun ini. Dony menyatakan belum diputuskan, pihaknya perlu melakukan pertemuan dengan Menteri Perhubungan Dudy Purwagandhi dan lintas sektor. ""Belum. Saya belum ketemu Pak Menhub,"" sebut Dudy. ""Nanti kita umumkan, nanti,"" sambungnya. Sebelumnya, Dudy Purwagandhi buka suara soal KRL bekas oleh PT KAI (Persero). Menurutnya, sampai sekarang dirinya belum menentukan sikap apakah setuju impor dilakukan atau tidak. Dudy tak mau buru-buru menentukan sikap soal impor KRL, baginya semua pemangku kepentingan perlu duduk bersama memandang permasalahan ini dan langsung menentukan keputusan. ""Kita harus duduk untuk merumuskan apa yang menjadi kebutuhan daripada KAI, dan juga apa yang menjadi concern dari INKA. Jadi kami juga perlu bicara dengan BUMN kebijakan yang tepat seperti apa,"" ujar Dudy dalam diskusi di Mercure Bandung City Centre, Kota Bandung, Jawa Barat, Jumat (2/10/2026) yang lalu. Kementerian Perhubungan menurutnya hanya memiliki kewenangan menentukan secara teknis apakah armada KRL bekas yang mau diimpor masih laik jalan, serta memenuhi keselamatan bagi penumpang. Soal izin impornya sendiri ada di Kementerian Perdagangan. Yang paling digarisbawahi adalah pemerintah harus mencari jalan tengah mengenai pengadaan KRL. Semua sisi harus diperhatikan, dari sisi kebutuhan penumpang tambahan kereta memang diperlukan, namun dari sisi industri impor KRL bekas jangan sampai menggerus upaya industrialisasi perkeretaapian nasional. ""Secara bijak harus kita ingin, kita harus juga melindungi industri dalam negeri kita, tapi kita juga harus memenuhi kebutuhan. Maka ini kita harus duduk, harus ada jalan tengahnya,"" tegas Dudy. (hns/hns)",299
180,finance,https://finance.detik.com/industri/d-8693490/berapa-anggaran-maung-buat-menteri-airlangga-sudah-dibayar-semua,"Maung MV 3 Garuda Limousine menjadi mobil dinas bagi semua pejabat tinggi negara, salah satunya menteri. Pengadaan mobil itu sudah dilakukan dan secara bertahap mulai dikirim ke menteri-menteri. Menteri Koordinator Perekonomian Airlangga Hartarto hari ini mulai menjajal produk Pindad tersebut. Saat rapat terbatas di Istana Kepresidenan hari ini, Senin (5/10/2026), Airlangga memamerkan mobil dinas tersebut. Lantas, berapa anggaran dan bagaimana pengadaan Maung buat menteri? Airlangg enggan berkomentar banyak, dia cuma bilang soal pengadaan lebih baik ditanyakan ke Menteri Sekretaris Negara Prasetyo Hadi. ""Nanyanya ke Pak Mensesneg,"" ujar Airlangga usai ratas, Senin (5/10/2026). Ketika dikonfirmasi kembali apakah semua anggaran pengadaan dialokasikan oleh Kementerian Sekretaris Negara? Dia cuma bilang semua biaya sudah dibayar. ""Sudah, sudah... Pokoknya sudah dibayar semuanya,"" lanjut Airlangga. Airlangga mengatakan targetnya di akhir bulan ini semua menteri sudah bisa menggunakan Maung sebagai mobil dinas. ""Katanya akhir bulan,"" jawbanya (hal/hns)",140
181,finance,https://finance.detik.com/berita-ekonomi-bisnis/d-8693469/cabai-mahal-harga-ayam-hidup-anjlok-begini-jawaban-mentan,"Menteri Pertanian Andi Amran Sulaiman merespons terkait kenaikan harga cabai dan anjloknya harga ayam hidup. Harga cabai di sejumlah daerah telah mengalami kenaikan bahkan tembus Rp 100.000/kilogram (kg). Kemudian harga ayam hidup di kandang tengah anjlok, sementara harga di pasar mengalami kenaikan. Amran memastikan akan meminta Deputi Bidang Ketersediaan dan Stabilisasi Pangan Hermawan, dan Dirjen Peternakan dan Kesehatan Hewan (PKH) Agung Suganda untuk turun tangan mengatasi masalah tersebut. ""(Harga cabai) Pasti saya minta nanti Deputi stabilisasi untuk turun cek. (Harga daging ayam) Saya minta turun Dirjen. Langsung saya telepon Dirjen,"" kata Amran di Kementerian Pertanian, Jakarta, Senin (5/10/2026). Amran menyebut harga cabai dan daging ayam tidak boleh melonjak tajam di konsumen tetapi malah anjlok di tingkat produsen. ""Nanti saya rapat dulu, saya tindaklanjuti. Cabai, ayam jangan sampai harga di tingkat konsumen tinggi, padahal tingkat produsen rendah,"" pungkasnya. Sebelumnya, Peternak Rakyat Mandiri Indonesia (Permindo) mengungkap saat ini harga di kandang berkisar Rp 21.000-22.000/kilogram (kg). Sementara harga pokok produksi (HPP) ayam broiler saat ini sudah berada di kisaran Rp 23.000-Rp 23.500/kg. Artinya, harga jual di tingkat kandang berada di bawah biaya produksi. Peternak dari Permindo Asep Saepudin mengatakan kondisi ini membuat peternak semakin terjepit. Kenaikan biaya produksi ini telah terjadi sejak awal 2026. ""Kondisinya sekarang harga pakan rata-rata sudah di atas Rp 9.400/kg untuk starter umur 7-21 hari. Normalnya sekitar Rp 8.000-8.500/kg. Harga live bird sudah turun per hari ini Rp 21.000-22.000/kg di kandang ya. HPP kami sudah Rp 23.000/kg. Pusing kami,"" kata Asep, kepada detikcom, Sabtu (3/10/2026). Sementara harga cabai, berdasarkan catatan Badan Pusat Statistik (BPS) harga cabai rawit secara nasional pada minggu pertama Oktober 2026 tercatat Rp 86.846/kg, naik 10,21% dibandingkan September 2026. Harga tersebut sudah berada di atas Harga Acuan Penjualan (HAP) konsumen sebesar Rp 57.000/kg. Kenaikan harga juga terjadi di 71,94% kabupaten/kota di Indonesia. Sementara itu, harga cabai merah mencapai Rp 63.913/kg pada minggu pertama Oktober 2026, naik 11,38% dibandingkan September 2026. Harga tersebut juga sudah berada di atas HAP konsumen sebesar Rp 55.000/kg. Secara wilayah, kenaikan harga cabai merah tercatat terjadi di 81,11% kabupaten/kota di Indonesia. Bahkan, di sejumlah daerah harga cabai ada yang tembus seperti di Kabupaten Landak Rp 120.000/kg, Kabupaten Biak Numfor Rp 108.000/kg, dan Kepulauan Yapen juga Rp 120.000/kg. (ada/hns)",366
182,finance,https://finance.detik.com/industri/d-8693454/menteri-prabowo-ungkap-rasanya-naik-maung,"Menteri Koordinator Perekonomian Airlangga Hartarto buka-bukaan soal rasanya naik Maung Garuda. Produk PT Pindad ini menjadi mobil dinas pejabat tinggi negara. Airlangga mengatakan mobil pabrikan Pindad itu memiliki kursi yang nyaman untuk diduduki. Suasana di dalam kabin diakuinya juga cukup sejuk. ""Keren kan? Dalamnya keren. Tempat duduknya comfy. Ini bisa reclining, bisa naik, bisa turun. Terus dingin,"" ujar Airlangga di Kompleks Istana Kepresidenan, Jakarta Pusat, Senin (5/10/2026). Teknologi interiornya juga, diakui Airlangga, cukup baik dan memberikan kenyamanan bagi orang menumpang mobil tersebut. ""Teknologinya bagus. Nyaman. Bluetooth, touchscreen bisa. Cumn kan kita biasanya kalau bluetooth takut karena tahu-tahu di telepon kedengaran di depan,"" ungkap Airlangga. Maung sempat disebut Presiden Prabowo Subianto rawan bocor saat hujan. Ketika ditanya soal hal tersebut, Airlangga bilang sejauh ini dirinya belum pernah menumpangi Maung saat hujan turun. ""Kebetulan belum pernah hujan. Tapi, kalau saya lihat, kan kita nggak pakai ini, nggak pakai sunroof,"" tutur Airlangga. Dibandingkan dengan mobil dinas sebelumnya, Airlangga bilang Maung jauh lebih lega luas kabinnya. ""Dibandingkan Crown ini jauh lebih lega. Baik dari segi kepala maupun kaki. Sangat kompetitif,"" terang Airlangga. ""Ini premium. Karena ini kan setara dengan apa namanya SsangYong dari Korea,"" sambungnya. Soal apakah penggunaan bahan bakar Maung lebih hemat atau tidak, Airlangga belum bisa membuktikan. Menurutnya dia masih mencoba penggunaannya. ""Ini kita lagi coba, ini 2200cc diesel,"" kata Airlangga. (hns/hns)",220
183,finance,https://finance.detik.com/bursa-dan-valas/d-8693450/ihsg-ditutup-menguat-ke-level-6-118,"Indeks Harga Saham Gabungan (IHSG) sepanjang hari berada di zona hijau. Pada perdagangan hari ini, IHSG ditutup pada level 6.100-an. Dikutip dari RTI Business, Senin (5/10/2026), IHSG ditutup di level 6.118,8 atau menguat 1,36%. IHSG hari ini dibuka pada 6.055,1 mencapai titik tertinggi di level 6.119,2 dan terendah di 6.019,8. Volume transaksi sebanyak 40.977 miliar saham dengan nilai sebesar Rp 9.971 triliun. Adapun frekuensi saham yang diperdagangkan hari ini mencapai 1.647.294 kali. Pada penutupan perdagangan hari ini, tercatat 526 saham menguat, 153 saham melemah, dan 114 saham yang stagnan. Meski menguat secara harian, IHSG secara mingguan melemah sebesar 0,47%. Begitu juga IHSG secara bulanan melemah sebesar 7,57%. Lalu secara tiga bulanan menguat sebesar 6,52% dan secara enam bulanan melemah 12,87%. (fdl/fdl)",121
184,finance,https://finance.detik.com/bursa-dan-valas/d-8693441/terungkap-biang-kerok-ihsg-sempat-loyo,"Kinerja Indeks Harga Saham Gabungan (IHSG) sepanjang 2026 (year to date) melemah hingga 29,24%. Menurut Kepala Eksekutif Pengawas Pasar Modal, Keuangan Derivatif, dan Bursa Karbon OJK Hasan Fawzi, pasar modal dalam negeri mengalami pelemahan akibat berbagai sentimen, baik dari global maupun domestik. ""Tentu kita lihat pelemahan IHSG sepanjang tahun 2026 ini memang terjadi karena tadi dipengaruhi berbagai faktor yang merupakan kombinasi faktor global maupun faktor domestik,"" ujar Hasan dalam konferensi pers asesmen sektor jasa keuangan secara daring, Senin (5/10/2026). Dari faktor global, Hasan menyebut pasar modal dibayangi ketidakpastian dari berbagai sektor, mulai dari ketidakpastian geopolitik, kesulitan distribusi komoditas, hingga kenaikan harga-harga komoditas. Deretan penyebab ini membuat kenaikan tingkat inflasi sekaligus memperlambat pertumbuhan global. Ditambah, kebijakan arah suku bunga global yang terus tinggi dalam waktu lama. ""Serta belakangan ada arah suku bunga global yang terus meningkat higher for longer, menjadi salah satu faktor tekanan terhadap rupiah dan juga ada penyesuaian strategi investasi oleh investor terutama investor asing di pasar modal kita yang turut mempengaruhi pasar di sepanjang tahun 2026 ini,"" beber ia. Selain faktor global, tekanan juga datang dari dalam negeri. Hasan menjelaskan pasar merespons dinamika kebijakan beserta implementasinya di lapangan. Selain itu, investor turut memperhatikan tertuju pada hasil penilaian dari penyedia indeks global. Faktor-faktor inilah yang pada akhirnya ikut membentuk ulang strategi investasi para pelaku pasar, baik domestik maupun asing. ""Tentu ke depan kami OJK tetap optimis terkait dengan peluang pemulihan pasar domestik ke depannya, meskipun pergerakannya masih terus akan dipengaruhi berbagai dinamika kondisi global dan juga kinerja fundamental emiten di Bursa Efek Indonesia,"" jelasnya. Kendati begitu, ia tetap optimistis. Menurutnya, peluang pemulihan pasar domestik dinilai masih terbuka lebar. Ia bersama dengan pemangku kepentingan lain di pasar modal, termasuk pelaku pasar akan terus memperkuat transparansi, tata kelola, perlindungan investor sehingga dapat meningkatkan kepercayaan para investor, baik investor lokal maupun asing, baik investor retail maupun institusi. ""Pembalikan IHSG dari titik terendahnya di tahun ini yaitu di bulan Juni yang lalu, ini sedikitnya menunjukkan adanya ruang untuk pemulihan kondisi pasar ke depan,"" terang Hasan. (rea/hns)",333
185,finance,https://finance.detik.com/bursa-dan-valas/d-8693348/ojk-buka-bukaan-hasil-penghapusan-saham-gocap,"Aturan batas terendah harga saham yang diperdagangkan di pasar reguler dan pasar tunai dari Rp 50 menjadi Rp 1 per saham telah berlaku sejak 28 September. Otoritas Jasa Keuangan (OJK) buka-bukaan mengenai efektivitas kebijakan tersebut. Kepala Eksekutif Pengawas Pasar Modal, Keuangan Derivatif, dan Bursa Karbon OJK, Hasan Fawzi mengatakan, hal ini menciptakan mekanisme pasar yang wajar. Menurutnya, hal ini sesuai dengan tujuan dari kebijakan penghapusan batas minimum harga saham tersebut. ""Dan setelah kita lihat sama-sama penerapannya dilakukan sejak tanggal 28 September 2026 yang lalu, kami melihat bahwa mekanisme penciptaan harga pasar yang wajar atau price discovery mechanism telah dapat terjadi,"" ujar Hasan dalam konferensi pers asesmen sektor jasa keuangan secara daring, Senin (5/10/2026). Menurut Hasan, pembentukan harga wajar tersebut kini murni berjalan sesuai kekuatan demand (permintaan) dan supply (penawaran) dari para investor, khususnya untuk saham-saham yang sebelumnya tertahan di batas bawah Rp 50. Hasan menjelaskan harga keseimbangan baru yang tercipta ini untuk memastikan bahwa harga saham diperdagangkan sesuai dengan ekspektasi pasar yang tentunya sesuai juga dengan kondisi fundamental dari perusahaan tercatat itu sendiri. ""Kita dapat melihat beberapa saham yang semula tidak terjadi perdagangannya di harga batas minimum Rp 50, saat ini telah dapat diperdagangkan dengan baik di bawah harga 50 tersebut dengan tingkat likuiditas yang juga cukup tinggi dan memadai,"" katanya. Selain itu, Hasan menjelaskan saat saham sudah mencapai keseimbangan baru, harganya tidak terus turun, namun mulai tertahan dan bahkan ada juga yang mulai naik. ""Nah hal ini tentu mencerminkan bahwa tujuan dari kebijakan ini yaitu menciptakan price discovery mechanism yang baik telah berjalan sesuai dengan rencana,"" jelasnya. Hasan menambahkan, langkah penghapusan batas harga minimum ini merupakan praktik terbaik yang lazim diterapkan di bursa-bursa regional maupun global. Hal ini bertujuan agar seluruh emiten yang tercatat dapat ditransaksikan secara teratur, wajar, serta sejalan dengan persepsi pasar terhadap prospek dan nilai fundamental perusahaan ke depan. ""Dan ini juga sesuai dengan persepsi pasar akan fundamental value atau nilai fundamental dan juga prospek dari perusahaan tercatat tersebut ke depannya, sehingga akan mengurangi intervensi pasar dan tentu akan terus meningkatkan price discovery pada perdagangan di pasar sekunder di pasar modal kita,"" tambahnya. Kendati begitu, Hasan memastikan OJK bersama Bursa Efek Indonesia (BEI) akan terus mengawasi dan mengevaluasi seluruh saham tercatat secara menyeluruh dan komprehensif, tidak hanya terbatas pada saham-saham yang mendekati atau menyentuh Rp 1. (rea/ara)",381
186,finance,https://finance.detik.com/moneter/d-8693316/aset-industri-asuransi-ri-tembus-rp-1-200-t,"Otoritas Jasa Keuangan (OJK) mencatat total aset industri asuransi mencapai Rp 1.200,55 triliun per Agustus 2026. Angka tersebut tumbuh 2,56% dibandingkan periode yang sama tahun sebelumnya. Kepala Eksekutif Pengawas Perasuransian, Penjaminan dan Dana Pensiun OJK, Ogi Prastomiyono mengatakan aset asuransi komersial tercatat sebesar Rp 982,18 triliun. Nilainya tumbuh 3,59% secara year-on-year (yoy). ""Kinerja industri perasuransian, penjaminan dan dana pensiun secara umum tetap stabil dan terjaga. Untuk industri asuransi, aset industri asuransi pada bulan Agustus 2026 mencapai Rp 1.200,55 triliun atau naik 2,56% year-on-year dari posisi yang sama di tahun sebelumnya,"" kata Ogi dalam Konferensi Pers Hasil Rapat Dewan Komisioner Bulanan secara virtual, Senin (5/10/2026). | Baca juga: Merger BUMN Asuransi Mulai Digodok | Sementara itu, akumulasi pendapatan premi asuransi komersial hingga Agustus 2026 mencapai Rp 255,40 triliun atau tumbuh 2,66% secara tahunan. Premi asuransi jiwa tercatat sebesar Rp 125,75 triliun atau tumbuh 7,01%. Sebaliknya, premi asuransi umum dan reasuransi mengalami kontraksi 2,35% menjadi Rp 99,61 triliun. Dari sisi permodalan, risk based capital (RBC) industri asuransi jiwa tercatat sebesar 471,57% dan RBC industri asuransi umum dan reasuransi berada di level 331,52%, masih berada di atas ambang batas minimum sebesar 120%. Total aset asuransi nonkomersial yang terdiri dari BPJS Kesehatan, BPJS Ketenagakerjaan, serta program asuransi ASN, TNI dan Polri tercatat Rp 218,37 triliun. Nilainya turun 1,85% dibandingkan periode yang sama tahun sebelumnya. OJK tengah mendalami sejumlah entitas yang diduga menjalankan kegiatan usaha pialang asuransi dan reasuransi tanpa izin. Hingga September 2026, terdapat 15 entitas yang menjadi objek pendalaman OJK. ""Hingga September 2026, sebanyak 15 entitas telah menjadi objek pendalaman yang saat ini masih berada dalam tahap pengumpulan dan penguatan bukti oleh pemeriksa khusus dan pengawasan,"" tutup Ogi. (ily/ara)",276
187,finance,https://finance.detik.com/berita-ekonomi-bisnis/d-8693314/soal-tunggakan-mitra-mbg-bgn-tunggu-hasil-review-dan-perkara-di-kejaksaan,"Kepala Badan Gizi Nasional (BGN) Sudaryono buka-bukaan soal masih adanya tunggakan dari BGN ke sejumlah mitra Satuan Pelayanan Pemenuhan Gizi (SPPG). Dia menegaskan pembayaran belum bisa dilakukan karena masih menunggu hasil review dan proses hukum di Kejaksaan. Sudaryono mengatakan bahwa tunggakan tersebut berasal dari mitra yang berperan sebagai kontraktor pembangunan dapur yang dibiayai melalui anggaran pendapatan dan belanja negara (APBN). Di mana pembangunan dapur ini dilakukan pada saat BGN dipimpin oleh Dadan Hindayana. ""Nah itu belum dibayar karena masih dalam review, masih dalam perkara di kejaksaan gitu,"" ujar Sudaryono di Kantor Kementerian Pertanian, Jakarta, Senin (5/10/2026). Sudaryono menegaskan bahwa dirinya tidak bermaksud untuk menahan pembayaran tunggakan tersebut kepada mitra. Ia mengatakan saat ini BGN belum melakukan pembayaran karena belum selesainya perkara tersebut. Ketika perkara tersebut sudah selesai dan sudah mendapatkan persetujuan pembayaran dari BPKP, Kejaksaan, maka pihaknya akan langsung membayar tunggakan itu. ""Jadi intinya tolong tolong disampaikan, bukan kok saya ini mau nahan-nahan rezeki orang gitu, tapi kan namanya namanya ada persoalan, kan persoalan itu tidak di tangan saya. Persoalan di tangannya pihak berwajib, kejaksaan. Ya tentu saja kita rekomendasi dari kejaksaan, BPKP, BPK, 'Bayar', kita bayar. Intinya itu aja sebetulnya,"" katanya. ""Saya paham, saya paham ya namanya orang keluar biaya kan pasti juga saya memahami itu. Bukan kok saya ini menutup mata terhadap persoalan itu, tidak. Cuman ya ya ya itulah kenyataan yang terjadi gitu,"" sambungnya. (hrp/fdl)",228
188,finance,https://finance.detik.com/moneter/d-8693298/kinerja-moncer-bank-mayapada-masuk-fortune-indonesia-100-2026,"PT Bank Mayapada Internasional Tbk (Bank Mayapada) resmi mencatatkan namanya dalam Fortune Indonesia 100:2026. Daftar ini menghimpun 100 perusahaan terbesar di Indonesia berdasarkan kinerja tahun fiskal 2025. Pengakuan tersebut diberikan kepada Bank Mayapada dalam acara Fortune Indonesia 100 Gala di Jakarta. Masuknya Bank Mayapada dalam Fortune Indonesia 100:2026 menjadi salah satu bentuk pengakuan atas kinerja dan skala bisnis bank di tengah dinamika industri perbankan dan perekonomian nasional yang semakin kompetitif. ""Pencapaian ini menjadi bagian dari perjalanan Bank Mayapada dalam memperkuat bisnis, meningkatkan kualitas layanan, serta memberikan nilai tambah bagi nasabah dan para pemangku kepentingan,"" tulis Bank Mayapada, dikutip Senin (5/10/2026). Dengan pengalaman lebih dari 36 tahun di industri perbankan Indonesia, Bank Mayapada terus mengembangkan produk, layanan, dan solusi perbankan yang relevan dengan kebutuhan nasabah melalui jaringan layanan maupun kanal digital. Ke depan, Bank Mayapada berupaya untuk terus bertumbuh secara sehat dan berkelanjutan dengan mengedepankan prinsip kehati-hatian, tata kelola yang baik, serta peningkatan kualitas layanan. Melalui upaya tersebut, Bank Mayapada akan terus berupaya memberikan nilai tambah bagi para pemangku kepentingan sekaligus berkontribusi terhadap pertumbuhan ekonomi Indonesia. (akn/ega)",176
189,finance,https://finance.detik.com/moneter/d-8693264/2-perusahaan-gadai-ini-kantongi-izin-ojk-buat-ekspansi-nasional,"Otoritas Jasa Keuangan (OJK) menyetujui peningkatan lingkup wilayah usaha menjadi skala nasional kepada dua perusahaan gadai. Sebanyak dua entitas yang dimaksud adalah PT Gadai Mulia Sejahtera dan PT Solusi Gadai Pintar. Kepala Eksekutif Pengawas Lembaga Pembiayaan, Perusahaan Modal Ventura, Lembaga Keuangan Mikro, dan Lembaga Jasa Keuangan Lainnya (PVML) OJK, Agusman mengatakan dengan persetujuan dua entitas tersebut, kini ada tujuh perusahaan pegadaian dengan lingkup wilayah usaha nasional. ""OJK telah memberikan persetujuan peningkatan lingkup wilayah usaha menjadi nasional kepada dua perusahaan pegadaian, yaitu PT Gadai Mulia Sejahtera dan PT Solusi Gadai Pintar,"" ujar Agusman dalam konferensi pers asesmen sektor jasa keuangan secara daring, Senin (5/10/2026). Ia memaparkan penyaluran pembiayaan di industri gadai pada Agustus 2026 tumbuh 44,60% secara tahunan (year on year) menjadi Rp 156,61 triliun. Dari total penyaluran tersebut, porsi pembiayaan terbesar disalurkan dalam bentuk produk gadai Rp 132,84 triliun atau 84,82% dari total pembiayaan pegadaian. Di sisi lain, seiring dengan pertumbuhan industri, OJK juga melakukan penegakan kepatuhan dan integritas di industri PVML. Selama September 2026, OJK telah mengenakan sanksi administratif terhadap sejumlah pelaku usaha di sektor PVML yang melanggar ketentuan. Sanksi tersebut dijatuhkan kepada 35 perusahaan pembiayaan, 8 perusahaan modal ventura, dan 8 penyelenggara pindar atas pelanggaran yang dilakukan terhadap POJK yang berlaku maupun sebagai hasil pengawasan dan/atau tindak lanjut pemeriksaan. (rea/ara)",212
190,finance,https://finance.detik.com/industri/d-8693263/airlangga-pakai-maung-buat-mobil-dinas-menteri-lain-kapan,"Mobil pabrikan dalam negeri, Maung, mulai dipakai petinggi negara, salah satunya Menteri Koordinator Perekonomian Airlangga Hartarto. Airlangga merapat ke Istana Kepresidenan, Jakarta Pusat, dengan memakai Maung MV 3 Garuda Limousine, buatan PT Pindad. Menurut Airlangga mengatakan mobil Maung sebagai kendaraan dinas adalah fasilitas yang memang diberikan bagi para menteri. Pengadaannya dilakukan tahun ini, namun pengirimannya masih terbatas. ""Ya kan memang fasilitasnya sudah diberikan. Pengadannya kan sudah dilakukan tahun ini, jadi pengirimannya aja masih terbatas,"" ujar Airlangga di Kompleks Istana Kepresidenan, Jakarta Pusat, Senin (5/10/2026). Dia mengungkapkan seharusnya para Menteri Koordinator (Menko) dan kepala lembaga mulai menggunakan Maung. Menurutnya ada 18 Maung yang sudah dikirimkan. ""Kepala Lembaga sama para Menko (sudah mulai pakai). Ada 18 kalau nggak salah,"" kata Airlangga. Namun, Menko Hilirisasi dan Transisi Energi Bahlil Lahadalia sendiri belum nampak menggunakan Maung ke Istana. Hanya saja dia bilang dirinya sudah mendapatkan mobil tersebut. ""Udah (dapat), tadi (sempat dipakai),"" tutur Bahlil. Sementara itu, Kepala Badan Pengaturan BUMN Dony Oskaria mengaku belum mendapatkan Maung. Dia bilang pasti menggunakan Maung setelah dapat nanti. ""Belum dapat saya, nanti kalau dapat saya pakai. Saya laporin langsung. Nanti kalau dapat saya pakai pasti,"" ujar Dony ketika tiba di Istana. (hal/hns)",194
191,finance,https://finance.detik.com/berita-ekonomi-bisnis/d-8693246/bgn-mulai-uji-coba-bagikan-mbg-secara-prasmanan-kayak-di-jepang,"Badan Gizi Nasional (BGN) mulai melakukan pilot project atau uji coba pembagian Makan Bergizi Gratis (MBG) secara prasmanan di kelas. Uji coba ini mulai dilakukan di 60 dapur SPPG yang tersebar di Jawa Tengah, Jawa Timur, Yogyakarta hingga Jayapura pada hari ini, Senin (5/10/2026). Kepala BGN Sudaryono mengatakan skema pemberian MBG secara prasmanan dilakukan dengan harapan dapat mengurangi risiko makanan rusak yang berpotensi menimbulkan gangguan kesehatan. ""Per hari ini, dari tanggal 5 ini kita sudah piloting di mungkin lebih dari 60 dapur untuk prasmanan di kelas. Jadi, ya jadi makanan dibawa hangat-hangat ke kelas kemudian disajikan di kelas, di ini kita lagi piloting, kami harapkan doa dan dukungannya, kita bisa lebih luas sehingga satu, makanannya lebih enak karena hangat-hangat, yang kedua tentu saja lebih fresh karena tidak ada delay waktu sehingga mengurangi risiko apa kerusakan makanan yang rusak kemudian menyebabkan gangguan kesehatan,"" ujar Sudaryono di Kantor Kementerian Pertanian, Senin (5/102/2026). Selain mengurangi adanya risiko keracunan, Sudaryono menjelaskan skema ini juga berfungsi sebagai sarana edukasi terhadap siswa. Dalam hal ini, siswa akan dilibatkan langsung dalam proses penyajian makanan, bukan hanya mengandalkan SPPG. Ia menjelaskan, nantinya siswa akan dibagi dalam kelompok piket yang terbagi menjadi 5-6 orang. Di mana yang siswa yang piket tersebut akan bertugas melayani teman-temannya. Dalam praktik itu, kemungkinan besar siswa akan diberikan alat celemek dan sarung tangan untuk menyajikan makan. Hal ini kata Sudaryono seperti apa yang telah diterapkan siswa di Jepang. ""Kemudian juga ada fungsi edukasinya. Tentu saja ini membutuhkan semacam kerja sama. Jadi kalau prasmanan ini, yang dilatih adalah dapurnya, yang dilatih juga adalah sekolahnya. Karena yang melayani adalah siswa. Jadi siswa itu ada piket kayak di Jepang gitu lah,"" katanya. Dia menegaskan bahwa makanan yang disajikan tetap dimasak di SPPG. Setelah di masak di SPPG, baru kemudian makan tersebut di bawa ke sekolah dan disajikan dalam kondisi hangat. ""Ya kalau sekolahnya besar, siswanya banyak, ada yang dimasak di sekolah. Sama kayak di kita kan sama. SPPG ada di dalam pesantren misalnya, karena pesantrennya apa, santrinya lebih dari 1.000, dia bisa bikin dapur di dalam, sama aja sebetulnya,"" katanya. ""Cuman di banyak negara, kami sudah melihat kemarin JICA dengan Jepang kemarin itu, itu kemudian central kitchen. Jadi dimasak di central kitchen kemudian dibagi ke ke sekolah-sekolahnya tuh kemudian dalam bentuk dalam bentuk hangat-hangat prasmanan di kelas,"" sambungnya. Sudaryono mengklaim bahwa berdasarkan hasil laporan yang ia terima, uji coba pemberian MBG dengan skema prasmanan menunjukkan hasil yang baik. Di mana tingkat makanan yang habis cukup baik. ""Sejauh ini, tadi saya dapat laporan, itu tingkat kehabisan makanannya bagus. Jadi kan artinya, ya kan, lebih fresh, ya, kemudian ada yang mungkin mau nambah, masih ada sisa bisa nambah gitu. Jadi, dan waste, waste-nya lebih sedikit ya karena prasmanan,"" katanya. Saat ditanya apakah skema ini bakal diterapkan dan mengubah skema yang sudah ada, Sudaryono belum dapat memastikan. Namun ia berharap skema ini bisa dilakukan di berbagai tempat. ""Ya kita kita berharap akan semakin banyak kita laksanakan seperti itu,"" katanya. (hrp/fdl)",490
192,finance,https://finance.detik.com/berita-ekonomi-bisnis/d-8693237/insentif-dapur-mbg-jadi-rp-2-000-porsi-bos-bgn-tidak-untung-gede-gedean,"Badan Gizi Nasional (BGN) telah mengubah skema insentif program Makan Bergizi Gratis (MBG) bagi Satuan Pelayanan Pemenuhan Gizi (SPPG) atau dikenal dengan dapur MBG . Berdasarkan Keputusan Kepala Badan Gisi Nasional tentang Besaran Pemberian Insentif Ketersediaan dan Mutu Layanan Satuan Pelayanan Pemenuhan Gisi, diatur besaran insentif menjadi Rp 2.000/porsi dari sebelumnya Rp 6 juta/hari. Kepala BGN Sudaryono mengatakan dengan perubahan insentif ini SPPG tidak akan merugi. Namun, dia menekankan bahwa SPPG tidak bisa mengambil keuntungan besar. ""Jadi mitra itu tidak mungkin rugi. Tapi tidak bisa kemudian untung gede-gedean gitu loh. Ini kan bisa dibilang kan MBG ini kalau katakanlah semacam kegiatan utilitas,"" ujar Sudaryono di Kementerian Pertanian, Jakarta, Senin (5/10/2026). Selain itu, Sudaryono menekankan, meski sedikit insentif tetapi jangka panjang tetap mendapatkan keuntungan. ""Utilitas itu rutin, harian, tapi kemudian pengembaliannya atau untungnya kan enggak gede, tapi volume. Mainnya volume dan main panjang, gitu loh. Kan ini bukan kegiatan yang sekali, katakanlah sekali kerja, sekali untung kan enggak, ini kan terus-menerus. Dengan 2.000 per porsi itu kan artinya bahwa investasi itu, investasinya mitra itu kan dijamin ada pengembaliannya, ada untungnya,"" jelas Sudaryono. Sebelumnya, dalam unggahan Instaram resmi @sudaru_sudaryono, Sudaryono mengatakan, insentif hanya diberikan kepada SPPG yang tetap beroperasi. SPPG yang tidak beroperasi karena kena suspend, sekolah libur nasional maupun kondisi tertentu, seperti bencana, tidak akan menerima insentif. ""Dapur SPPG itu tidak melayani penerima manfaat dalam memberikan MBG, sehingga insentif juga tidak diberikan,"" jelasnya. Sudaryono menjelaskan, insentif SPPG merupakan bagian dari total anggaran MBG sebesar Rp 15.000 per porsi. Rinciannya, Rp 10.000 untuk makanan, Rp 3.000 untuk operasional, dan Rp 2.000 sebagai insentif bagi SPPG. ""Rp 2.000 ini adalah bagian dari Rp 15.000 per porsi yang diberikan kepada setiap penerima manfaat, yang terdiri dari Rp 10.000 untuk makanan yang diberikan kepada penerima manfaat, Rp 3.000 untuk operasional, dan Rp 2.000 adalah insentif,"" terang Sudaryono. (hns/hns)",303
193,finance,https://finance.detik.com/berita-ekonomi-bisnis/d-8693206/janji-wamentan-baru-kejar-mafia-sektor-pertanian,"Muhammad Saleh Mustafa menyampaikan fokus tugas yang akan dijalankan usai resmi menjabat Wakil Menteri Pertanian (Wamentan). Dia mengatakan kedaulatan pangan menjadi salah satu pekerjaan besar yang akan dihadapi ke depan. Untuk mendukung target tersebut, pemerintah akan melihat peluang pembukaan lahan baru sekaligus meningkatkan kesejahteraan petani. ""Ya mungkin ya kedaulatan pangan yang kita akan hadapi ke depan, ya mungkin buka lahan tentunya ya. Buka lahan dan kesejahteraan petani juga mungkin akan menjadi target,"" ujar dia, ditemui di Kementerian Pertanian, Jakarta Selatan, Senin (5/10/2026). Selain itu, Saleh akan ikut memberantas mafia di sektor pertanian. Dia menegaskan persoalan tersebut harus diselesaikan melalui jalur hukum. ""Namanya juga mafia, bro. Harusnya kita kedepankan hukumlah. Jadi mafia kan nggak bagus, kita hukum lah,"" tegasnya. Namun, Saleh menekankan penindakan terhadap dugaan mafia harus dilakukan berdasarkan bukti. Dia tidak ingin proses hukum dilakukan tanpa dasar yang jelas. ""Ya namanya hukum ya kan harus ditegakkan berdasarkan bukti. Jadi juga jangan main tanpa bukti ya, harus ada penyelesaian berdasarkan bukti-bukti yang ada,"" jelas Saleh. (ada/hns)",165
194,finance,https://finance.detik.com/berita-ekonomi-bisnis/d-8693196/jadi-wamentan-saleh-mustafa-ajukan-mundur-dari-wakasad,"Presiden Prabowo Subianto telah menetapkan Letnan Jenderal TNI Muhammad Saleh Mustafa sebagai Wakil Menteri Pertanian (Wamentan). Sebelum ditetapkan sebagai Wamentan, Saleh Mustafa merupakan Wakil Kepala Staf Angkatan Darat (Wakasad) TNI AD. Saleh Mustafa mengatakan telah mengajukan pengunduran diri dari Wakasad. Ia memastikan pengunduran dirinya telah dalam proses. ""Iya, ya harus mundur (sebagai Wakasad). Lagi proses. (Statusnya) iya harus sebagai purnawirawan. (Prosesnya) itu ada di angkatan darat,"" ujar Saleh di Kementerian Pertanian, Jakarta, Senin (5/10/2026). Setelah dipilih menjadi Wamentan, Saleh Mustafa memastikan telah mendapatkan mandat dari Prabowo, utamanya untuk mengedepankan swasembada pangan. ""Ya kedaulatan pangan. Yang kita akan hadapi ke depan ya mungkin buka lahan tentunya ya. Buka lahan dan kesejahteraan petani juga mungkin akan menjadi target,"" jelasnya. Sebagai informasi, Saleh Mustafa telah dilantik oleh Prabowo pada 1 Oktober 2026. Pelantikan tersebut berdasarkan Keputusan Presiden Republik Indonesia Nomor 104P Tahun 2026 tentang Pemberhentian dan Pengangkatan Menteri dan Wakil Menteri Negara Kabinet Merah Putih Periode 2024-2029. Profil dan Latar Belakang Dilansir Antara, Muhammad Saleh Mustafa lahir di Ternate, Maluku Utara, pada 14 Maret 1969. Ia merupakan lulusan Akademi Militer (Akmil) tahun 1991 dari kecabangan Infanteri. Ia diketahui merupakan teman satu angkatan (lichting) dengan Panglima TNI Jenderal TNI Agus Subiyanto. Muhammad Saleh Mustafa juga tercatat sebagai putra daerah Maluku Utara pertama yang dipercaya menjabat sebagai Panglima Komando Cadangan Strategis Angkatan Darat (Pangkostrad). Sebelum menduduki jabatan di kementerian, Saleh Mustafa memiliki riwayat penugasan dan kepemimpinan yang panjang di lingkungan TNI Angkatan Darat (AD) maupun Komando Gabungan. Berikut sejumlah jabatan yang pernah diembannya: Komandan Korem 132/Tadulako (2016-2017) Wakil Komandan Pusat Kesenjataan Infanteri Kodiklatad (Wadanpussenif Kodiklatad) (2017-2019) Kasdam Jaya (2019-2021) Kaskogabwilhan II (2021-2022) Panglima Komando Daerah Militer (Pangdam) XVII/Cenderawasih (2022-2023) Kepala Staf Kostrad (Kaskostrad) (mulai Agustus 2023) Pangkostrad (ditunjuk pada November 2023 menggantikan Jenderal TNI Maruli Simanjuntak) Inspektur Jenderal TNI (Irjen TNI) Wakil Kepala Staf TNI Angkatan Darat (Wakasad) (ditunjuk pada Agustus 2025 berdasarkan Kep/1102/VIII/2025, menggantikan Letjen TNI Tandyo Budi Revita) (ada/hns)",316
195,finance,https://finance.detik.com/bursa-dan-valas/d-8693164/ojk-denda-136-pihak-di-pasar-modal-rp-112-79-m,"Otoritas Jasa Keuangan (OJK) menjatuhkan sanksi administratif berupa denda dengan total Rp 112,79 miliar kepada 136 pihak di sektor pasar modal. Sanksi tersebut merupakan hasil pemeriksaan kasus sepanjang Januari hingga September 2026. Kepala Eksekutif Pengawas Pasar Modal, Keuangan Derivatif, dan Bursa Karbon OJK Hasan Fawzi mengatakan, pihaknya terus memperkuat pengawasan dan penegakan hukum untuk menjaga integritas pasar modal, meningkatkan kepatuhan, serta menjaga kepercayaan masyarakat. ""Secara year-to-date per 30 September 2026, OJK telah mengenakan sanksi administratif atas pemeriksaan kasus di PMDK yang terdiri dari sanksi administratif berupa denda sebesar total Rp 112,79 miliar kepada 136 pihak,"" kata Hasan dalam Konferensi Pers Hasil Rapat Dewan Komisioner Bulanan secara virtual, Senin (5/10/2026). | Baca juga: IHSG Tertekan, Modal Asing Rp 10,24 T Cabut | Selain denda, OJK menjatuhkan dua sanksi pencabutan izin, 1 pembatalan Surat Tanda Terdaftar (STTD), enam pembekuan izin, 18 peringatan tertulis, serta 5 perintah tertulis. Dari sisi kebijakan, OJK bersama Self-Regulatory Organization (SRO) juga menyempurnakan aturan pasar modal untuk meningkatkan kualitas mekanisme pembentukan harga atau price discovery dan likuiditas, sekaligus menjaga perdagangan tetap teratur, wajar, dan efisien. Salah satunya melalui penghapusan batas minimum harga saham di pasar reguler dan pasar tunai dari sebelumnya Rp 50 menjadi dapat mencapai Rp 1 per saham. Ketentuan tersebut mulai berlaku efektif pada 28 September 2026. ""Langkah tersebut antara lain dilakukan melalui penyesuaian. Penghapusan batas minimum harga saham di pasar reguler dan pasar tunai dari Rp 50 menjadi dapat sampai ke Rp 1 per saham yang berlaku efektif sejak 28 September 2026,"" jelasnya. Ketentuan mengenai papan pemantauan khusus juga disempurnakan dengan fokus pada kondisi fundamental perusahaan tercatat dan kualitas pembentukan harga. Selain itu, OJK bersama Bursa Efek Indonesia (BEI) mulai menerapkan pembiayaan transaksi short selling dengan memperhatikan kesiapan infrastruktur, mitigasi risiko yang memadai, serta efektivitas pengawasan. (ily/ara)",292
196,finance,https://finance.detik.com/berita-ekonomi-bisnis/d-8693170/500-dapur-mbg-masih-disuspend,"Kepala Badan Gizi Nasional (BGN) Sudaryono menyebutkan saat ini masih ada sekitar 500 Satuan Pelayanan Pemenuhan Gizi (SPPG) atau dapur Makan Bergizi Gratis (MBG) yang disuspend atau diberhentikan sementara. Sudaryono mengatakan pemberhentian sementara sekitar 500 dapur tersebut terjadi karena ada persoalan instalasi pengolahan air limbah (IPAL), adanya kasus keracunan makanan, hingga masih dibutuhkannya perbaikan. Adapun 500 dapur itu bagian dari sekitar 1.100 an dapur yang belum mendapatkan Penetapan Penerima Manfaat Sementara (SPS) untuk program MBG. ""Dari 1.100 tadi, itu kira-kira 500-an itu suspend. Suspend itu ya karena IPAL atau karena ada pernah ada ada keracunan makanan, kemudian ada perbaikan, dan lain sebagainya, itu ada sekitar 500,"" kata Sudaryono di Kantor Kementerian Pertanian, Jakarta, Senin (5/10/2026). Sudaryono mengatakan dapur yang diberhentikan sementara tidak otomatis bisa kembali beroperasi. BGN akan kembali melakukan pemeriksaan terlebih dahulu untuk memastikan dapur memenuhi standar keamanan. Ia mencontohkan dari 500 dapur tersebut yang telah dilakukan pemeriksaan, dan didapati bahwa dapur tersebut berada di lokasi yang dianggap tidak higienis. Maka kata Sudaryono, dapur tersebut ditutup permanen. ""500 suspend itu kita lihat. Kalau misalnya contoh, kita suspend untuk diperiksa. Ternyata diperiksa, kami sudah ada satu dapur misalnya di bawah masak, di atas sarang burung walet. Ya tutup permanen,"" katanya. Ia menjelaskan bahwa langkah tersebut dilakukan karena makanan MBG merupakan makanan siap saji yang memiliki risiko lebih tinggi apabila tidak ditangani dengan baik. Oleh karena itu, dapur MBG harus benar-benar higienis. ""Jadi kita ingin standar kita tinggi. Standar keamanannya tinggi, standar higienisnya tinggi. Standarnya mesti tinggi, karena ini makanan siap saji. Bukan biskuit, bukan kukis, bukan krupuk yang mohon maaf yang lama lama basinya. Ini barang siap saji yang gampang basi. Jadi mesti benar penanganannya,"" terangnya. (hrp/fdl)",277
197,finance,https://finance.detik.com/moneter/d-8693138/utang-pinjol-warga-ri-tembus-rp-106-9-t-kredit-macet-4-73,"Utang pinjaman daring (pindar) masyarakat Indonesia mencapai Rp 106,94 triliun hingga Agustus 2026. Angka ini tumbuh 22,07% dibandingkan periode yang sama tahun lalu. ""Pada industri penjaminan daring atau Pindar, outstanding pembiayaan pada Agustus 2026 tumbuh 22,07% year on year dengan nominal sebesar Rp 106,94 triliun,"" Kepala Eksekutif Pengawas Lembaga Pembiayaan, Perusahaan Modal Ventura, Lembaga Keuangan Mikro, dan Lembaga Jasa Keuangan Lainnya (PVML) OJK, Agusman dalam konferensi pers asesmen sektor jasa keuangan secara daring, Senin (5/10/2026). Di tengah pertumbuhan pembiayaan tersebut, Agusman juga memantau tingkat risiko kredit macet secara agregat. Tingkat risiko kredit macet atau TWP90 berada di posisi 4,73%. ""Tingkat risiko kredit macet secara agregat atau TWP90 tercatat di posisi 4,73%,"" tambahnya. | Baca juga: 659.419 Rekening Scam-Judol Diblokir! | Sebagai langkah pengembangan industri, OJK tengah menjalankan sejumlah inisiatif strategis di bidang PVML, salah satunya menyusun Rancangan Peraturan OJK (RPOJK) mengenai Layanan Pendanaan Bersama Berbasis Teknologi Informasi (LPBBTI). Aturan ini disiapkan untuk memperkuat perlindungan bagi pemberi dana serta industri LPBBTI secara keseluruhan melalui penguatan mitigasi risiko serta pengetatan perjanjian antara pemberi dana dan penerima dana guna melindungi dana masyarakat yang dikelola oleh penyelenggara. ""Selain itu, OJK menyusun RPADK tentang penyelenggaraan usaha perusahaan pegadaian dan pegadaian syariah sebagai tindak lanjut POJK nomor 39 tahun 2024 tentang Pegadaian. RPADK ini mengatur antara lain mengenai perizinan, ruang lingkup kegiatan lainnya yang menghasilkan fee-based income, kegiatan usaha lainnya, serta benda jaminan,"" beber ia. Terkait pemantauan terhadap pemenuhan kewajiban permodalan, saat ini terdapat 7 dari 144 perusahaan pembiayaan yang belum memenuhi ketentuan kewajiban modal inti minimum Rp 100 miliar. Agusman juga menyebut ada 10 dari 94 penyelenggara pindar yang belum memenuhi kewajiban ekuitas minimum Rp 12,5 miliar. ""Pembiayaan dan penyelenggara Pindar tersebut telah menyampaikan action plan kepada OJK yang memuat langkah-langkah pemenuhan permodalan minimum,"" terangnya. (rea/ara)",291
198,finance,https://finance.detik.com/bursa-dan-valas/d-8693125/investor-pasar-modal-tembus-32-juta-bertambah-1-juta-dalam-sebulan,"Jumlah investor pasar modal Indonesia terus bertambah. Otoritas Jasa Keuangan (OJK) mencatat jumlah investor pasar modal mencapai 32,17 juta hingga September 2026. Kepala Eksekutif Pengawas Pasar Modal, Keuangan Derivatif, dan Bursa Karbon OJK Hasan Fawzi mengatakan, jumlah investor bertambah 1,03 juta hanya dalam satu bulan. Secara year-to-date, jumlah investor pasar modal telah tumbuh 57,96% sepanjang 2026. ""Penambahan investor tercatat sebanyak 1,03 juta di bulan September 2026 secara month-to-month, sehingga total jumlah investor telah mencapai angka 32,17 juta atau telah tumbuh 57,96% secara year-to-date di 2026,"" kata Hasan dalam Konferensi Pers Hasil Rapat Dewan Komisioner Bulanan secara virtual, Senin (5/10/2026). | Baca juga: IHSG Tertekan, Modal Asing Rp 10,24 T Cabut | Menurut Hasan, pertumbuhan jumlah investor tersebut sejalan dengan berbagai upaya penguatan ekosistem digital di industri pasar modal. Ia menambahkan, penghimpunan dana oleh korporasi melalui pasar modal tercatat mencapai Rp 186,03 triliun secara year-to-date. Menurutnya masih terdapat 29 rencana penawaran umum dalam pipeline dengan total nilai indikatif Rp 26,47 triliun. OJK menargetkan penghimpunan dana melalui pasar modal mencapai Rp 250 triliun sepanjang 2026. Sementara itu, penghimpunan dana melalui securities crowdfunding (SCF) secara agregat telah mencapai Rp 2,06 triliun. Pada pasar keuangan derivatif, volume transaksi selama Januari-September 2026 mencapai 395.571 lot. Terdapat 160 pengguna jasa yang telah terdaftar di bursa karbon hingga 30 September 2026. Volume transaksi tercatat sebanyak 1,98 juta ton CO2 ekuivalen dengan akumulasi nilai transaksi mencapai Rp 93,97 miliar. (ily/ara)",232
199,finance,https://finance.detik.com/berita-ekonomi-bisnis/d-8693121/dipanggil-prabowo-ke-istana-airlangga-naik-maung-limousine,"Menteri Koordinator (Menko) Perekonomian Airlangga Hartarto merapat ke Istana Kepresidenan, Jakarta Pusat. Yang tak biasa, hari ini Airlangga menggunakan Maung Garuda jenis Maung MV 3 Garuda Limousine sebagai mobil dinas. Airlangga mengatakan baru hari ini menggunakan Maung. Menurutnya pengadaan Maung untuk mobil dinas sudah dilakukan tahun ini, namun pengirimannya baru terbatas. Menurutnya Menteri Koordinator dan beberapa Kepala Lembaga sudah mulai menggunakan Maung. Sudah ada 18 unit Maung yang diberikan kepada anggota Kabinet. ""Baru hari ini. Baru sebagian. Baru Menko dulu. (Yang sudah pakai) Kepala lembaga dan menko. Sudah 18 unit,"" ujar Airlangga di Kompleks Istana Kepresidenan, Jakarta Pusat, Senin (5/10/2026). | Menteri Koordinator Perekonomian Airlangga Hartarto menggunakan Maung Garuda jenis Maung MV 3 Garuda Limousine sebagai mobil dinas. Foto: Herdi Alif Al Hikam/detikcom | Airlangga dan beberapa tim ekonomi merapat hari ini untuk rapat terbatas permasalahan perekonomian di Istana Kepresidenan. Adapun mobil yang digunakan Airlangga berwarna putih dengan plat RI 24. Di belakang mobil tertulis Garuda. Simak juga Video 'Prabowo Seluruh Kekuatan TNI Harus Dipersembahkan buat Lindungi Rakyat': (hal/hns)",169
200,finance,https://finance.detik.com/berita-ekonomi-bisnis/d-8693106/harga-kedelai-sangat-mahal-kenapa-perajin-tahu-masih-impor-dari-as,"Meski harga kedelai yang sepenuhnya hasil impor terus meroket hingga kini menyentuh kisaran Rp 11.300-11.500 per kilogram, dari sebelumnya harga normal di bawah Rp 10.000 per kilogram. Kondisi ini membuat margin keuntungan para perajin tahu makin tergerus. Salah satunya ada Sudiarto (63), seorang perajin tahu yang telah berproduksi selama hampir tiga dekade di kawasan Mampang Prapatan, Jakarta Selatan. Sehari-hari, ia menggunakan kedelai impor asal Amerika Serikat (AS) yang kini sudah sangat mahal. Menurutnya ketergantungan atas kedelai impor AS ini bukan tanpa alasan. Sebab sejak akhir tahun 1990an, pasokan kedelai lokal dari berbagai wilayah mulai hilang di pasaran dan mulai digantikan dengan kedelai impor. ""Impor semua, AS itu hampir semua kayaknya. Lokal sudah nggak ada. Sekarang lokal sudah nggak ada, sudah lama. Dulu masih ada Jember, Lampung, ya itu masih banyak,"" ujar Sudiarto kepada detikcom saat ditemui di lokasi produksinya, Senin (5/10/2026). ""Tahun 1998-an tuh masih lokal dulu. Malah saya dulu langsung ambil dari kampung-kampung sih. Jadi langsung dari sana, dari Jember misalkan, kayak gitu, dari Lampung. Cuma memang kedelai lokal itu kotornya bukan main. Jadi nggak kayak Amerika, bersih kayak gitu ya, nggak ada tanahnya,"" jelasnya lagi. Ia sendiri mengaku bingung kenapa produksi kedelai lokal setiap tahun terus mengalami penurunan hingga kini hilang dari pasar. Sebab menurutnya kedelai lokal memiliki kandungan pati (aci) yang tinggi sehingga sangat cocok untuk dijadikan tahu. Bahkan dulu ia mengaku sering mencampur kedelai lokal dengan impor untuk mendapat produk tahu yang baik. Menggabungkan keunggulan produk lokal yang penuh zat pati dengan produk impor yang lebih bersih dan putih. ""Saya juga bingung itu kenapa kacang lokal kok sekarang sudah nggak ada, bingungnya di situ. Padahal ini kan tahu yang diambil aci-nya. Untuk lokal sebenarnya bagus aci-nya. Cuma memang kacangnya nggak ada atau gimana ya? Itu bingung. Dulu saya campuran sama lokal waktu gampang, masih muda cari lokalnya"" paparnya. Setelah kedelai lokal mulai langka, Sudiarto mengaku pernah mencoba menggunakan bahan baku kedelai impor dari negara lain seperti China. Sebab selain AS, China merupakan salah satu negara importir biji kedelai di Indonesia. Namun, hasil produksi tahu dari kedelai asal China dinilai kurang mumpuni. Menurutnya hal ini dikarenakan kandungan pati yang lebih rendah dari kedelai lokal maupun AS, membuat jumlah tahu yang bisa dihasilkan jadi menurun. ""China kedelainya bagus, cuma aci-nya kurang. Kalau menurut saya aci-nya kurang. Saya pernah coba dulu, kacangnya bagus, tapi aci-nya yang kurang,"" terangnya. Menurut Sudiarto, kandungan aci merupakan inti utama dari produksi tahu. Jika kandungan pati pada kedelai rendah, volume tahu yang dihasilkan dari tiap kuintal kedelai akan berkurang drastis. Di tengah harga bahan baku yang mahal, memilih kedelai yang rendah aci dipastikan bisa memicu kerugian bagi perajin. Berbeda jika kedelai itu digunakan untuk produksi tempe yang menggunakan biji kedelai utuh. ""Tahu yang diambil acinya. Kalau tempe kan nggak ambil aci, ngambilnya ininya (kedelainya). Itu bedanya tempe sama tahu. Sudah acinya kurang, saat ini harga lagi naik, akhirnya kita pasti minus, itu pasti,"" jelasnya. Kondisi inilah yang kemudian membuat para perajin jadi sangat bergantung pada kedelai AS, meski harganya berulang kali naik di pasaran. (igo/fdl)",501
